{
 "generated": "2026-07-14 21:31:10",
 "baseline_mw": 562.688,
 "baseline_seconds": 90,
 "fingerprint": {
  "device_model": "NVIDIA Jetson Orin Nano Engineering Reference Developer Kit Super",
  "l4t_release": "R36.5.0",
  "nvpmodel_mode": "25W"
 },
 "records": [
  {
   "label": "d256_b16_s128_L3",
   "split": "excl",
   "returncode": 0,
   "duration_s": 150.61249355599284,
   "idle_baseline_mw": 562.688,
   "ground_truth_tf": 88.5837,
   "net_energy_j": 1108.2064399183087,
   "avg_net_power_w": 7.35956384,
   "j_per_tflop": 12.510274914214564,
   "avg_raw_mw": 7901.5346179401995,
   "peak_raw_mw": 8080.384,
   "avg_gpu_pct": 92.49163879598662,
   "avg_emc_pct": null,
   "tb_moved": 0.08257965348557661,
   "avg_bytes_per_s": 548439980.819006,
   "n_power_samples": 301,
   "config": {
    "d_model": 256,
    "batch_size": 16,
    "seq_len": 128,
    "num_layers": 3,
    "steps": 4000
   }
  },
  {
   "label": "d256_b8_s256_L3",
   "split": "excl",
   "returncode": 0,
   "duration_s": 138.8305431290064,
   "idle_baseline_mw": 562.688,
   "ground_truth_tf": 87.3757,
   "net_energy_j": 1069.7992148974156,
   "avg_net_power_w": 7.723163246376811,
   "j_per_tflop": 12.243669749111202,
   "avg_raw_mw": 8263.367624548737,
   "peak_raw_mw": 8454.912,
   "avg_gpu_pct": 95.74452554744525,
   "avg_emc_pct": null,
   "tb_moved": 0.07433983298573389,
   "avg_bytes_per_s": 534793842.20475036,
   "n_power_samples": 277,
   "config": {
    "d_model": 256,
    "batch_size": 8,
    "seq_len": 256,
    "num_layers": 3,
    "steps": 3500
   }
  },
  {
   "label": "d384_b16_s128_L3",
   "split": "excl",
   "returncode": 0,
   "duration_s": 146.54708946496248,
   "idle_baseline_mw": 562.688,
   "ground_truth_tf": 101.1666,
   "net_energy_j": 1153.0541271102752,
   "avg_net_power_w": 7.894352714776632,
   "j_per_tflop": 11.397577136231476,
   "avg_raw_mw": 8436.065534246574,
   "peak_raw_mw": 8634.56,
   "avg_gpu_pct": 97.21034482758621,
   "avg_emc_pct": null,
   "tb_moved": 0.07653632147726146,
   "avg_bytes_per_s": 522213909.1454093,
   "n_power_samples": 292,
   "config": {
    "d_model": 384,
    "batch_size": 16,
    "seq_len": 128,
    "num_layers": 3,
    "steps": 2500
   }
  },
  {
   "label": "d384_b8_s128_L6",
   "split": "excl",
   "returncode": 0,
   "duration_s": 193.27940653194673,
   "idle_baseline_mw": 562.688,
   "ground_truth_tf": 113.3066,
   "net_energy_j": 1371.6318734046263,
   "avg_net_power_w": 7.0988711896103895,
   "j_per_tflop": 12.105489648481432,
   "avg_raw_mw": 7646.534300518135,
   "peak_raw_mw": 7924.992,
   "avg_gpu_pct": 89.31592689295039,
   "avg_emc_pct": null,
   "tb_moved": 0.09123471933866706,
   "avg_bytes_per_s": 471845225.97727376,
   "n_power_samples": 386,
   "config": {
    "d_model": 384,
    "batch_size": 8,
    "seq_len": 128,
    "num_layers": 6,
    "steps": 2800
   }
  },
  {
   "label": "d512_b8_s128_L3",
   "split": "excl",
   "returncode": 0,
   "duration_s": 118.72022300912067,
   "idle_baseline_mw": 562.688,
   "ground_truth_tf": 82.705,
   "net_energy_j": 921.5258028191939,
   "avg_net_power_w": 7.780337084745763,
   "j_per_tflop": 11.142322747345311,
   "avg_raw_mw": 8316.262886075949,
   "peak_raw_mw": 8493.696,
   "avg_gpu_pct": 96.13559322033899,
   "avg_emc_pct": null,
   "tb_moved": 0.059804470838022525,
   "avg_bytes_per_s": 502937407.4545975,
   "n_power_samples": 237,
   "config": {
    "d_model": 512,
    "batch_size": 8,
    "seq_len": 128,
    "num_layers": 3,
    "steps": 2600
   }
  },
  {
   "label": "d512_b16_s64_L6",
   "split": "excl",
   "returncode": 0,
   "duration_s": 211.8088371278718,
   "idle_baseline_mw": 562.688,
   "ground_truth_tf": 145.9215,
   "net_energy_j": 1655.0070147467532,
   "avg_net_power_w": 7.814359886255923,
   "j_per_tflop": 11.341762624059875,
   "avg_raw_mw": 8362.254524822696,
   "peak_raw_mw": 8532.48,
   "avg_gpu_pct": 97.18333333333334,
   "avg_emc_pct": null,
   "tb_moved": 0.10878267582394906,
   "avg_bytes_per_s": 513254044.3859085,
   "n_power_samples": 423,
   "config": {
    "d_model": 512,
    "batch_size": 16,
    "seq_len": 64,
    "num_layers": 6,
    "steps": 2400
   }
  },
  {
   "label": "d512_b16_s128_L6",
   "split": "excl",
   "returncode": 0,
   "duration_s": 198.0653890289832,
   "idle_baseline_mw": 562.688,
   "ground_truth_tf": 152.6861,
   "net_energy_j": 1604.9790520794056,
   "avg_net_power_w": 8.113734659898476,
   "j_per_tflop": 10.51162517137713,
   "avg_raw_mw": 8660.915524050633,
   "peak_raw_mw": 8828.16,
   "avg_gpu_pct": 97.80867346938776,
   "avg_emc_pct": null,
   "tb_moved": 0.10229663021288038,
   "avg_bytes_per_s": 517129671.2138787,
   "n_power_samples": 395,
   "config": {
    "d_model": 512,
    "batch_size": 16,
    "seq_len": 128,
    "num_layers": 6,
    "steps": 1200
   }
  },
  {
   "label": "d640_b8_s64_L3",
   "split": "excl",
   "returncode": 0,
   "duration_s": 157.0237978559453,
   "idle_baseline_mw": 562.688,
   "ground_truth_tf": 88.0804,
   "net_energy_j": 1085.3687798975093,
   "avg_net_power_w": 6.931780205128205,
   "j_per_tflop": 12.322477871325622,
   "avg_raw_mw": 7477.161099041533,
   "peak_raw_mw": 7653.056,
   "avg_gpu_pct": 88.60128617363344,
   "avg_emc_pct": null,
   "tb_moved": 0.07918957708541999,
   "avg_bytes_per_s": 503805365.75427425,
   "n_power_samples": 313,
   "config": {
    "d_model": 640,
    "batch_size": 8,
    "seq_len": 64,
    "num_layers": 3,
    "steps": 4000
   }
  },
  {
   "label": "d640_b8_s128_L3",
   "split": "excl",
   "returncode": 0,
   "duration_s": 152.07849872810766,
   "idle_baseline_mw": 562.688,
   "ground_truth_tf": 109.9243,
   "net_energy_j": 1205.383219485614,
   "avg_net_power_w": 7.926269465346535,
   "j_per_tflop": 10.96557557778957,
   "avg_raw_mw": 8467.288421052632,
   "peak_raw_mw": 8712.0,
   "avg_gpu_pct": 96.58278145695364,
   "avg_emc_pct": null,
   "tb_moved": 0.06579467261448901,
   "avg_bytes_per_s": 432748583.29284006,
   "n_power_samples": 304,
   "config": {
    "d_model": 640,
    "batch_size": 8,
    "seq_len": 128,
    "num_layers": 3,
    "steps": 2400
   }
  },
  {
   "label": "d768_b8_s64_L3",
   "split": "excl",
   "returncode": 0,
   "duration_s": 183.84027602500282,
   "idle_baseline_mw": 562.688,
   "ground_truth_tf": 120.192,
   "net_energy_j": 1405.253590356598,
   "avg_net_power_w": 7.65048218579235,
   "j_per_tflop": 11.69173980262079,
   "avg_raw_mw": 8195.972185286104,
   "peak_raw_mw": 9377.856,
   "avg_gpu_pct": 95.46153846153847,
   "avg_emc_pct": null,
   "tb_moved": 0.10919049305601537,
   "avg_bytes_per_s": 594234911.7500858,
   "n_power_samples": 367,
   "config": {
    "d_model": 768,
    "batch_size": 8,
    "seq_len": 64,
    "num_layers": 3,
    "steps": 4000
   }
  },
  {
   "label": "d768_b8_s128_L6",
   "split": "excl",
   "returncode": 0,
   "duration_s": 225.33993421285413,
   "idle_baseline_mw": 562.688,
   "ground_truth_tf": 174.1878,
   "net_energy_j": 1843.3741603852475,
   "avg_net_power_w": 8.180665870824054,
   "j_per_tflop": 10.582682371470604,
   "avg_raw_mw": 8729.15712,
   "peak_raw_mw": 8905.6,
   "avg_gpu_pct": 97.66591928251121,
   "avg_emc_pct": null,
   "tb_moved": 0.11243293612460004,
   "avg_bytes_per_s": 498675978.03879416,
   "n_power_samples": 450,
   "config": {
    "d_model": 768,
    "batch_size": 8,
    "seq_len": 128,
    "num_layers": 6,
    "steps": 1400
   }
  },
  {
   "label": "d256_b16_s256_L3",
   "split": "excl",
   "returncode": 0,
   "duration_s": 162.57652620389126,
   "idle_baseline_mw": 562.688,
   "ground_truth_tf": 109.8438,
   "net_energy_j": 1306.6587981511816,
   "avg_net_power_w": 8.060567777089783,
   "j_per_tflop": 11.895608110345615,
   "avg_raw_mw": 8604.444839506174,
   "peak_raw_mw": 8828.16,
   "avg_gpu_pct": 97.41744548286604,
   "avg_emc_pct": null,
   "tb_moved": 0.08922441742751748,
   "avg_bytes_per_s": 548561243.9612688,
   "n_power_samples": 324,
   "config": {
    "d_model": 256,
    "batch_size": 16,
    "seq_len": 256,
    "num_layers": 3,