{
 "generated": "2026-07-08 12:52:16",
 "baseline_mw": 642.56,
 "baseline_seconds": 90,
 "fingerprint": {
  "device_model": "NVIDIA Jetson Orin Nano Engineering Reference Developer Kit Super",
  "l4t_release": "R36.5.0",
  "nvpmodel_mode": "15W"
 },
 "records": [
  {
   "label": "d256_b16_s128_L3",
   "split": "excl",
   "returncode": 0,
   "duration_s": 216.02866194210947,
   "idle_baseline_mw": 642.56,
   "ground_truth_tf": 88.5837,
   "net_energy_j": 815.4180461666518,
   "avg_net_power_w": 3.7773095441860467,
   "j_per_tflop": 9.205057433440372,
   "avg_raw_mw": 4413.259136890952,
   "peak_raw_mw": 5313.6,
   "avg_gpu_pct": 96.50467289719626,
   "avg_emc_pct": null,
   "tb_moved": 0.08358878790070176,
   "avg_bytes_per_s": 386886420.1400147,
   "n_power_samples": 431,
   "config": {
    "d_model": 256,
    "batch_size": 16,
    "seq_len": 128,
    "num_layers": 3,
    "steps": 4000
   }
  },
  {
   "label": "d256_b8_s256_L3",
   "split": "excl",
   "returncode": 0,
   "duration_s": 204.42626785498578,
   "idle_baseline_mw": 642.56,
   "ground_truth_tf": 87.3757,
   "net_energy_j": 789.1177475831457,
   "avg_net_power_w": 3.8626011203931205,
   "j_per_tflop": 9.031318176371071,
   "avg_raw_mw": 4498.015529411765,
   "peak_raw_mw": 5972.992,
   "avg_gpu_pct": 96.79753086419753,
   "avg_emc_pct": null,
   "tb_moved": 0.0752603883618655,
   "avg_bytes_per_s": 368256107.5673986,
   "n_power_samples": 408,
   "config": {
    "d_model": 256,
    "batch_size": 8,
    "seq_len": 256,
    "num_layers": 3,
    "steps": 3500
   }
  },
  {
   "label": "d384_b16_s128_L3",
   "split": "excl",
   "returncode": 0,
   "duration_s": 217.85766155505553,
   "idle_baseline_mw": 642.56,
   "ground_truth_tf": 101.1666,
   "net_energy_j": 844.6069396637207,
   "avg_net_power_w": 3.885379695150115,
   "j_per_tflop": 8.348673768454418,
   "avg_raw_mw": 4521.627576036866,
   "peak_raw_mw": 5304.96,
   "avg_gpu_pct": 97.43953488372092,
   "avg_emc_pct": null,
   "tb_moved": 0.07685462437571249,
   "avg_bytes_per_s": 352457925.0111282,
   "n_power_samples": 434,
   "config": {
    "d_model": 384,
    "batch_size": 16,
    "seq_len": 128,
    "num_layers": 3,
    "steps": 2500
   }
  },
  {
   "label": "d384_b8_s128_L6",
   "split": "excl",
   "returncode": 0,
   "duration_s": 264.6129556390224,
   "idle_baseline_mw": 642.56,
   "ground_truth_tf": 113.3066,
   "net_energy_j": 991.9373184448327,
   "avg_net_power_w": 3.749277996204934,
   "j_per_tflop": 8.754453124926815,
   "avg_raw_mw": 4386.791151515152,
   "peak_raw_mw": 5108.48,
   "avg_gpu_pct": 97.52290076335878,
   "avg_emc_pct": null,
   "tb_moved": 0.09257765668629832,
   "avg_bytes_per_s": 349504769.1919854,
   "n_power_samples": 528,
   "config": {
    "d_model": 384,
    "batch_size": 8,
    "seq_len": 128,
    "num_layers": 6,
    "steps": 2800
   }
  },
  {
   "label": "d512_b8_s128_L3",
   "split": "excl",
   "returncode": 0,
   "duration_s": 176.41907112905756,
   "idle_baseline_mw": 642.56,
   "ground_truth_tf": 82.705,
   "net_energy_j": 675.9994606088284,
   "avg_net_power_w": 3.8364915783475784,
   "j_per_tflop": 8.173622642026823,
   "avg_raw_mw": 4471.012727272728,
   "peak_raw_mw": 4762.56,
   "avg_gpu_pct": 97.05444126074498,
   "avg_emc_pct": null,
   "tb_moved": 0.06062485727192521,
   "avg_bytes_per_s": 343972439.7528074,
   "n_power_samples": 352,
   "config": {
    "d_model": 512,
    "batch_size": 8,
    "seq_len": 128,
    "num_layers": 3,
    "steps": 2600
   }
  },
  {
   "label": "d512_b16_s64_L6",
   "split": "excl",
   "returncode": 0,
   "duration_s": 315.12874879699666,
   "idle_baseline_mw": 642.56,
   "ground_truth_tf": 145.9215,
   "net_energy_j": 1217.322676626272,
   "avg_net_power_w": 3.867779827751196,
   "j_per_tflop": 8.342311973398518,
   "avg_raw_mw": 4506.35047133758,
   "peak_raw_mw": 6198.656,
   "avg_gpu_pct": 97.8298555377207,
   "avg_emc_pct": null,
   "tb_moved": 0.11016688237040526,
   "avg_bytes_per_s": 349552574.0250766,
   "n_power_samples": 628,
   "config": {
    "d_model": 512,
    "batch_size": 16,
    "seq_len": 64,
    "num_layers": 6,
    "steps": 2400
   }
  },
  {
   "label": "d512_b16_s128_L6",
   "split": "excl",
   "returncode": 0,
   "duration_s": 294.9493825320387,
   "idle_baseline_mw": 642.56,
   "ground_truth_tf": 152.6861,
   "net_energy_j": 1177.7448629163443,
   "avg_net_power_w": 3.99694539011925,
   "j_per_tflop": 7.713504129821538,
   "avg_raw_mw": 4635.492897959183,
   "peak_raw_mw": 5265.664,
   "avg_gpu_pct": 97.99142367066895,
   "avg_emc_pct": null,
   "tb_moved": 0.10197127172783478,
   "avg_bytes_per_s": 345712274.7067999,
   "n_power_samples": 588,
   "config": {
    "d_model": 512,
    "batch_size": 16,
    "seq_len": 128,
    "num_layers": 6,
    "steps": 1200
   }
  },
  {
   "label": "d640_b8_s64_L3",
   "split": "excl",
   "returncode": 0,
   "duration_s": 210.89848466194235,
   "idle_baseline_mw": 642.56,
   "ground_truth_tf": 88.0804,
   "net_energy_j": 787.3052380835933,
   "avg_net_power_w": 3.734447619047619,
   "j_per_tflop": 8.938483908833216,
   "avg_raw_mw": 4370.151068883611,
   "peak_raw_mw": 4990.592,
   "avg_gpu_pct": 96.58133971291866,
   "avg_emc_pct": null,
   "tb_moved": 0.08058747661289527,
   "avg_bytes_per_s": 381874280.3554683,
   "n_power_samples": 421,
   "config": {
    "d_model": 640,
    "batch_size": 8,
    "seq_len": 64,
    "num_layers": 3,
    "steps": 4000
   }
  },
  {
   "label": "d640_b8_s128_L3",
   "split": "excl",
   "returncode": 0,
   "duration_s": 226.42588213295676,
   "idle_baseline_mw": 642.56,
   "ground_truth_tf": 109.9243,
   "net_energy_j": 890.8369367895314,
   "avg_net_power_w": 3.934629179600887,
   "j_per_tflop": 8.104094697801408,
   "avg_raw_mw": 4570.70810619469,
   "peak_raw_mw": 6080.96,
   "avg_gpu_pct": 97.203125,
   "avg_emc_pct": null,
   "tb_moved": 0.07586722040192491,
   "avg_bytes_per_s": 334841406.229358,
   "n_power_samples": 452,
   "config": {
    "d_model": 640,
    "batch_size": 8,
    "seq_len": 128,
    "num_layers": 3,
    "steps": 2400
   }
  },
  {
   "label": "d768_b8_s64_L3",
   "split": "excl",
   "returncode": 0,
   "duration_s": 270.6271312640747,
   "idle_baseline_mw": 642.56,
   "ground_truth_tf": 120.192,
   "net_energy_j": 1028.0924093169951,
   "avg_net_power_w": 3.7998272949907235,
   "j_per_tflop": 8.553750743119302,
   "avg_raw_mw": 4437.24882962963,
   "peak_raw_mw": 4841.28,
   "avg_gpu_pct": 97.23551401869159,
   "avg_emc_pct": null,
   "tb_moved": 0.10232294693095526,
   "avg_bytes_per_s": 377837272.6449186,
   "n_power_samples": 540,
   "config": {
    "d_model": 768,
    "batch_size": 8,
    "seq_len": 64,
    "num_layers": 3,
    "steps": 4000
   }
  },
  {
   "label": "d768_b8_s128_L6",
   "split": "excl",
   "returncode": 0,
   "duration_s": 336.25220994104166,
   "idle_baseline_mw": 642.56,
   "ground_truth_tf": 174.1878,
   "net_energy_j": 1354.1432730213346,
   "avg_net_power_w": 4.032320095665172,
   "j_per_tflop": 7.774041999619574,
   "avg_raw_mw": 4671.276513432836,
   "peak_raw_mw": 5462.144,
   "avg_gpu_pct": 98.12951807228916,
   "avg_emc_pct": null,
   "tb_moved": 0.11446496280895474,
   "avg_bytes_per_s": 340478216.50543827,
   "n_power_samples": 670,
   "config": {
    "d_model": 768,
    "batch_size": 8,
    "seq_len": 128,
    "num_layers": 6,
    "steps": 1400
   }
  },
  {
   "label": "d256_b16_s256_L3",
   "split": "excl",
   "returncode": 0,
   "duration_s": 241.7123202860821,
   "idle_baseline_mw": 642.56,
   "ground_truth_tf": 109.8438,
   "net_energy_j": 958.037062189478,
   "avg_net_power_w": 3.967228207900208,
   "j_per_tflop": 8.7218128122796,
   "avg_raw_mw": 4603.890058091286,
   "peak_raw_mw": 5383.552,
   "avg_gpu_pct": 97.46972860125261,
   "avg_emc_pct": null,
   "tb_moved": 0.09041936912942183,
   "avg_bytes_per_s": 374219739.4612012,
   "n_power_samples": 482,
   "config": {
    "d_model": 256,
    "batch_size": 16,
    "seq_len": 256,
    "num_layers": 3,