{
 "generated": "2026-07-14 20:11:58",
 "baseline_mw": 563.584,
 "baseline_seconds": 90,
 "fingerprint": {
  "device_model": "NVIDIA Jetson Orin Nano Engineering Reference Developer Kit Super",
  "l4t_release": "R36.5.0",
  "nvpmodel_mode": "25W"
 },
 "records": [
  {
   "label": "d256_b16_s128_L3",
   "split": "excl",
   "returncode": 0,
   "duration_s": 151.11009044200182,
   "idle_baseline_mw": 563.584,
   "ground_truth_tf": 88.5837,
   "net_energy_j": 1108.1468881267754,
   "avg_net_power_w": 7.335387853820598,
   "j_per_tflop": 12.509602648419241,
   "avg_raw_mw": 7878.212238410596,
   "peak_raw_mw": 8288.256,
   "avg_gpu_pct": 92.63879598662207,
   "avg_emc_pct": null,
   "tb_moved": 0.08329355077887864,
   "avg_bytes_per_s": 550799627.337862,
   "n_power_samples": 302,
   "config": {
    "d_model": 256,
    "batch_size": 16,
    "seq_len": 128,
    "num_layers": 3,
    "steps": 4000
   }
  },
  {
   "label": "d256_b8_s256_L3",
   "split": "excl",
   "returncode": 0,
   "duration_s": 138.6082671151962,
   "idle_baseline_mw": 563.584,
   "ground_truth_tf": 87.3757,
   "net_energy_j": 1068.8014107878394,
   "avg_net_power_w": 7.716042434782608,
   "j_per_tflop": 12.232250051076436,
   "avg_raw_mw": 8256.611812274368,
   "peak_raw_mw": 8740.8,
   "avg_gpu_pct": 95.74545454545455,
   "avg_emc_pct": null,
   "tb_moved": 0.07475680267017136,
   "avg_bytes_per_s": 539498957.4323498,
   "n_power_samples": 277,
   "config": {
    "d_model": 256,
    "batch_size": 8,
    "seq_len": 256,
    "num_layers": 3,
    "steps": 3500
   }
  },
  {
   "label": "d384_b16_s128_L3",
   "split": "excl",
   "returncode": 0,
   "duration_s": 146.52208211296238,
   "idle_baseline_mw": 563.584,
   "ground_truth_tf": 101.1666,
   "net_energy_j": 1151.883393665212,
   "avg_net_power_w": 7.8871521649484535,
   "j_per_tflop": 11.386004804601637,
   "avg_raw_mw": 8430.189369863014,
   "peak_raw_mw": 8905.6,
   "avg_gpu_pct": 96.8551724137931,
   "avg_emc_pct": null,
   "tb_moved": 0.07642416040497921,
   "avg_bytes_per_s": 521712389.52669287,
   "n_power_samples": 292,
   "config": {
    "d_model": 384,
    "batch_size": 16,
    "seq_len": 128,
    "num_layers": 3,
    "steps": 2500
   }
  },
  {
   "label": "d384_b8_s128_L6",
   "split": "excl",
   "returncode": 0,
   "duration_s": 189.58046701014973,
   "idle_baseline_mw": 563.584,
   "ground_truth_tf": 113.3066,
   "net_energy_j": 1367.1173495533026,
   "avg_net_power_w": 7.225543978779841,
   "j_per_tflop": 12.065646216136594,
   "avg_raw_mw": 7774.386116402116,
   "peak_raw_mw": 8041.536,
   "avg_gpu_pct": 90.96533333333333,
   "avg_emc_pct": null,
   "tb_moved": 0.09212658175768695,
   "avg_bytes_per_s": 485328850.65273374,
   "n_power_samples": 378,
   "config": {
    "d_model": 384,
    "batch_size": 8,
    "seq_len": 128,
    "num_layers": 6,
    "steps": 2800
   }
  },
  {
   "label": "d512_b8_s128_L3",
   "split": "excl",
   "returncode": 0,
   "duration_s": 118.73148998105898,
   "idle_baseline_mw": 563.584,
   "ground_truth_tf": 82.705,
   "net_energy_j": 925.1014851539968,
   "avg_net_power_w": 7.811153491525424,
   "j_per_tflop": 11.185556921032548,
   "avg_raw_mw": 8348.08411814346,
   "peak_raw_mw": 8905.6,
   "avg_gpu_pct": 96.1404255319149,
   "avg_emc_pct": null,
   "tb_moved": 0.061265531720396456,
   "avg_bytes_per_s": 515243404.6662789,
   "n_power_samples": 237,
   "config": {
    "d_model": 512,
    "batch_size": 8,
    "seq_len": 128,
    "num_layers": 3,
    "steps": 2600
   }
  },
  {
   "label": "d512_b16_s64_L6",
   "split": "excl",
   "returncode": 0,
   "duration_s": 211.81682081520557,
   "idle_baseline_mw": 563.584,
   "ground_truth_tf": 145.9215,
   "net_energy_j": 1667.8289809370112,
   "avg_net_power_w": 7.874805838862559,
   "j_per_tflop": 11.429631554890891,
   "avg_raw_mw": 8423.498288416076,
   "peak_raw_mw": 9664.0,
   "avg_gpu_pct": 97.43095238095238,
   "avg_emc_pct": null,
   "tb_moved": 0.10874622624124582,
   "avg_bytes_per_s": 513069181.71110934,
   "n_power_samples": 423,
   "config": {
    "d_model": 512,
    "batch_size": 16,
    "seq_len": 64,
    "num_layers": 6,
    "steps": 2400
   }
  },
  {
   "label": "d512_b16_s128_L6",
   "split": "excl",
   "returncode": 0,
   "duration_s": 197.87725390703417,
   "idle_baseline_mw": 563.584,
   "ground_truth_tf": 152.6861,
   "net_energy_j": 1612.0068417090927,
   "avg_net_power_w": 8.152173969543147,
   "j_per_tflop": 10.557652868919257,
   "avg_raw_mw": 8699.800789873418,
   "peak_raw_mw": 8983.04,
   "avg_gpu_pct": 97.81377551020408,
   "avg_emc_pct": null,
   "tb_moved": 0.10258703836592308,
   "avg_bytes_per_s": 518687582.42661494,
   "n_power_samples": 395,
   "config": {
    "d_model": 512,
    "batch_size": 16,
    "seq_len": 128,
    "num_layers": 6,
    "steps": 1200
   }
  },
  {
   "label": "d640_b8_s64_L3",
   "split": "excl",
   "returncode": 0,
   "duration_s": 156.74335824185982,
   "idle_baseline_mw": 563.584,
   "ground_truth_tf": 88.0804,
   "net_energy_j": 1093.7203398745798,
   "avg_net_power_w": 6.985148512820513,
   "j_per_tflop": 12.41729533329299,
   "avg_raw_mw": 7530.558977635783,
   "peak_raw_mw": 8286.08,
   "avg_gpu_pct": 87.58709677419355,
   "avg_emc_pct": null,
   "tb_moved": 0.08056757311724516,
   "avg_bytes_per_s": 514244862.02419025,
   "n_power_samples": 313,
   "config": {
    "d_model": 640,
    "batch_size": 8,
    "seq_len": 64,
    "num_layers": 3,
    "steps": 4000
   }
  },
  {
   "label": "d640_b8_s128_L3",
   "split": "excl",
   "returncode": 0,
   "duration_s": 152.03195567708462,
   "idle_baseline_mw": 563.584,
   "ground_truth_tf": 109.9243,
   "net_energy_j": 1207.3258429613616,
   "avg_net_power_w": 7.965971284768212,
   "j_per_tflop": 10.98324795301277,
   "avg_raw_mw": 8509.227511551155,
   "peak_raw_mw": 8828.16,
   "avg_gpu_pct": 97.14666666666666,
   "avg_emc_pct": null,
   "tb_moved": 0.08435500495807323,
   "avg_bytes_per_s": 554550694.4063585,
   "n_power_samples": 303,
   "config": {
    "d_model": 640,
    "batch_size": 8,
    "seq_len": 128,
    "num_layers": 3,
    "steps": 2400
   }
  },
  {
   "label": "d768_b8_s64_L3",
   "split": "excl",
   "returncode": 0,
   "duration_s": 183.10634738090448,
   "idle_baseline_mw": 563.584,
   "ground_truth_tf": 120.192,
   "net_energy_j": 1404.3974473259257,
   "avg_net_power_w": 7.6875469010989015,
   "j_per_tflop": 11.684616674370389,
   "avg_raw_mw": 8234.482147945206,
   "peak_raw_mw": 8440.96,
   "avg_gpu_pct": 95.80386740331491,
   "avg_emc_pct": null,
   "tb_moved": 0.09942983032727819,
   "avg_bytes_per_s": 542637332.6116467,
   "n_power_samples": 365,
   "config": {
    "d_model": 768,
    "batch_size": 8,
    "seq_len": 64,
    "num_layers": 3,
    "steps": 4000
   }
  },
  {
   "label": "d768_b8_s128_L6",
   "split": "excl",
   "returncode": 0,
   "duration_s": 225.27336871204898,
   "idle_baseline_mw": 563.584,
   "ground_truth_tf": 174.1878,
   "net_energy_j": 1848.0220806053755,
   "avg_net_power_w": 8.219613785714285,
   "j_per_tflop": 10.609365756989728,
   "avg_raw_mw": 8770.051563474388,
   "peak_raw_mw": 8905.6,
   "avg_gpu_pct": 97.7286995515695,
   "avg_emc_pct": null,
   "tb_moved": 0.11317007589591484,
   "avg_bytes_per_s": 501964723.56408703,
   "n_power_samples": 449,
   "config": {
    "d_model": 768,
    "batch_size": 8,
    "seq_len": 128,
    "num_layers": 6,
    "steps": 1400
   }
  },
  {
   "label": "d256_b16_s256_L3",
   "split": "excl",
   "returncode": 0,
   "duration_s": 162.04183449596167,
   "idle_baseline_mw": 563.584,
   "ground_truth_tf": 109.8438,
   "net_energy_j": 1308.0540346235277,
   "avg_net_power_w": 8.094303006211181,
   "j_per_tflop": 11.908310115122818,
   "avg_raw_mw": 8638.722179566563,
   "peak_raw_mw": 8852.224,
   "avg_gpu_pct": 97.04361370716511,
   "avg_emc_pct": null,
   "tb_moved": 0.08887851198277877,
   "avg_bytes_per_s": 548277775.4232408,
   "n_power_samples": 323,
   "config": {
    "d_model": 256,
    "batch_size": 16,
    "seq_len": 256,
    "num_layers": 3,