collect_red_trials: 11 configs/trial, trials 2..10

==================================================================
=== RED TRIAL 2/10 -> /home/will/verification-games/red_team/red_v3_trial2_records.json
    (2026-08-10 01:22:43)
==================================================================
nvidia-smi power/util OK (GPUs [0, 1]).
DCGM DRAM-active (field 1005) OK.
DCGM NVLink/PCIe (fields 1009-1012) OK.
Configs: red_team.redteam_configs:RED_CONFIGS — 11 entries

Measuring single idle baseline (90s). Ensure no GPU workloads are running.
  [baseline] sampling idle for 90s ...
  [baseline] 168 samples  |  median 96890.0 mW  stdev 232.8 mW (both GPUs)
Idle baseline: 96890.0 mW (both GPUs)  (n=168, stdev=232.8 mW)  — shared by ALL workloads

[1/11] S4_d1024_s256_L6_b8  (fam S4)  fixed steps=1920
  Launching: torchrun x2  --steps 1920 --batch-size 8 --seq-len 256 --d-model 1024 --num-layers 6 --nhead 8 --dim-feedforward 4096 --precision fp16 --optimizer adamw
W0810 01:24:20.621000 313476 torch/distributed/run.py:766] 
W0810 01:24:20.621000 313476 torch/distributed/run.py:766] *****************************************
W0810 01:24:20.621000 313476 torch/distributed/run.py:766] Setting OMP_NUM_THREADS environment variable for each process to be 1 in default, to avoid your system being overloaded, please further tune the variable for optimal performance in your application as needed. 
W0810 01:24:20.621000 313476 torch/distributed/run.py:766] *****************************************
[redteam] Device : Tesla V100-SXM2-16GB × 2 (DDP)
[redteam] Config : steps=1920, batch/gpu=8, global_batch=16, seq=256, d_model=1024, layers=6, nhead=8, ff=4096, precision=fp16, opt=adamw
[redteam] Params : 76626944 (76.6M)
[redteam] FLOPs/step/gpu (fwd+bwd) : 972.810 GFLOPs
[redteam] Ground truth total    : 3735.5908 TFLOPs  (2 ranks)
[redteam] Starting workload...

  step    0/1920  |  24.14 steps/s  |  0.0s elapsed  |  1.9456 TFLOPs
  step   10/1920  |  20.20 steps/s  |  0.5s elapsed  |  21.4018 TFLOPs
  step   20/1920  |  20.86 steps/s  |  1.0s elapsed  |  40.8580 TFLOPs
  step   30/1920  |  21.10 steps/s  |  1.5s elapsed  |  60.3142 TFLOPs
  step   40/1920  |  21.26 steps/s  |  1.9s elapsed  |  79.7704 TFLOPs
  step   50/1920  |  21.35 steps/s  |  2.4s elapsed  |  99.2266 TFLOPs
  step   60/1920  |  21.40 steps/s  |  2.9s elapsed  |  118.6828 TFLOPs
  step   70/1920  |  21.44 steps/s  |  3.3s elapsed  |  138.1390 TFLOPs
  step   80/1920  |  21.44 steps/s  |  3.8s elapsed  |  157.5952 TFLOPs
  step   90/1920  |  21.47 steps/s  |  4.2s elapsed  |  177.0514 TFLOPs
  step  100/1920  |  21.50 steps/s  |  4.7s elapsed  |  196.5076 TFLOPs
  step  110/1920  |  21.52 steps/s  |  5.2s elapsed  |  215.9638 TFLOPs
  step  120/1920  |  21.53 steps/s  |  5.6s elapsed  |  235.4200 TFLOPs
  step  130/1920  |  21.53 steps/s  |  6.1s elapsed  |  254.8762 TFLOPs
  step  140/1920  |  21.54 steps/s  |  6.5s elapsed  |  274.3324 TFLOPs
  step  150/1920  |  21.55 steps/s  |  7.0s elapsed  |  293.7886 TFLOPs
  step  160/1920  |  21.56 steps/s  |  7.5s elapsed  |  313.2448 TFLOPs
  step  170/1920  |  21.56 steps/s  |  7.9s elapsed  |  332.7011 TFLOPs
  step  180/1920  |  21.56 steps/s  |  8.4s elapsed  |  352.1573 TFLOPs
  step  190/1920  |  21.57 steps/s  |  8.9s elapsed  |  371.6135 TFLOPs
  step  200/1920  |  21.57 steps/s  |  9.3s elapsed  |  391.0697 TFLOPs
  step  210/1920  |  21.57 steps/s  |  9.8s elapsed  |  410.5259 TFLOPs
  step  220/1920  |  21.57 steps/s  |  10.2s elapsed  |  429.9821 TFLOPs
  step  230/1920  |  21.58 steps/s  |  10.7s elapsed  |  449.4383 TFLOPs
  step  240/1920  |  21.58 steps/s  |  11.2s elapsed  |  468.8945 TFLOPs
  step  250/1920  |  21.58 steps/s  |  11.6s elapsed  |  488.3507 TFLOPs
  step  260/1920  |  21.58 steps/s  |  12.1s elapsed  |  507.8069 TFLOPs
  step  270/1920  |  21.58 steps/s  |  12.6s elapsed  |  527.2631 TFLOPs
  step  280/1920  |  21.58 steps/s  |  13.0s elapsed  |  546.7193 TFLOPs
  step  290/1920  |  21.58 steps/s  |  13.5s elapsed  |  566.1755 TFLOPs
  step  300/1920  |  21.58 steps/s  |  14.0s elapsed  |  585.6317 TFLOPs
  step  310/1920  |  21.58 steps/s  |  14.4s elapsed  |  605.0879 TFLOPs
  step  320/1920  |  21.58 steps/s  |  14.9s elapsed  |  624.5441 TFLOPs
  step  330/1920  |  21.58 steps/s  |  15.3s elapsed  |  644.0003 TFLOPs
  step  340/1920  |  21.57 steps/s  |  15.8s elapsed  |  663.4565 TFLOPs
  step  350/1920  |  21.54 steps/s  |  16.3s elapsed  |  682.9127 TFLOPs
  step  360/1920  |  21.52 steps/s  |  16.8s elapsed  |  702.3689 TFLOPs
  step  370/1920  |  21.48 steps/s  |  17.3s elapsed  |  721.8251 TFLOPs
  step  380/1920  |  21.45 steps/s  |  17.8s elapsed  |  741.2813 TFLOPs
  step  390/1920  |  21.42 steps/s  |  18.3s elapsed  |  760.7375 TFLOPs
  step  400/1920  |  21.41 steps/s  |  18.7s elapsed  |  780.1937 TFLOPs
  step  410/1920  |  21.39 steps/s  |  19.2s elapsed  |  799.6499 TFLOPs
  step  420/1920  |  21.38 steps/s  |  19.7s elapsed  |  819.1061 TFLOPs
  step  430/1920  |  21.37 steps/s  |  20.2s elapsed  |  838.5623 TFLOPs
  step  440/1920  |  21.36 steps/s  |  20.6s elapsed  |  858.0185 TFLOPs
  step  450/1920  |  21.35 steps/s  |  21.1s elapsed  |  877.4747 TFLOPs
  step  460/1920  |  21.31 steps/s  |  21.6s elapsed  |  896.9309 TFLOPs
  step  470/1920  |  21.25 steps/s  |  22.2s elapsed  |  916.3871 TFLOPs
  step  480/1920  |  21.20 steps/s  |  22.7s elapsed  |  935.8433 TFLOPs
  step  490/1920  |  21.15 steps/s  |  23.2s elapsed  |  955.2995 TFLOPs
  step  500/1920  |  21.13 steps/s  |  23.7s elapsed  |  974.7557 TFLOPs
  step  510/1920  |  21.09 steps/s  |  24.2s elapsed  |  994.2119 TFLOPs
  step  520/1920  |  21.05 steps/s  |  24.7s elapsed  |  1013.6681 TFLOPs
  step  530/1920  |  21.02 steps/s  |  25.3s elapsed  |  1033.1243 TFLOPs
  step  540/1920  |  20.98 steps/s  |  25.8s elapsed  |  1052.5805 TFLOPs
  step  550/1920  |  20.95 steps/s  |  26.3s elapsed  |  1072.0367 TFLOPs
  step  560/1920  |  20.92 steps/s  |  26.8s elapsed  |  1091.4929 TFLOPs
  step  570/1920  |  20.87 steps/s  |  27.4s elapsed  |  1110.9491 TFLOPs
  step  580/1920  |  20.81 steps/s  |  27.9s elapsed  |  1130.4053 TFLOPs
  step  590/1920  |  20.77 steps/s  |  28.4s elapsed  |  1149.8615 TFLOPs
  step  600/1920  |  20.73 steps/s  |  29.0s elapsed  |  1169.3177 TFLOPs
  step  610/1920  |  20.69 steps/s  |  29.5s elapsed  |  1188.7739 TFLOPs
  step  620/1920  |  20.64 steps/s  |  30.1s elapsed  |  1208.2301 TFLOPs
  step  630/1920  |  20.59 steps/s  |  30.6s elapsed  |  1227.6863 TFLOPs
  step  640/1920  |  20.56 steps/s  |  31.2s elapsed  |  1247.1425 TFLOPs
  step  650/1920  |  20.52 steps/s  |  31.7s elapsed  |  1266.5987 TFLOPs
  step  660/1920  |  20.49 steps/s  |  32.3s elapsed  |  1286.0549 TFLOPs
  step  670/1920  |  20.45 steps/s  |  32.8s elapsed  |  1305.5111 TFLOPs
  step  680/1920  |  20.42 steps/s  |  33.4s elapsed  |  1324.9673 TFLOPs
  step  690/1920  |  20.38 steps/s  |  33.9s elapsed  |  1344.4235 TFLOPs
  step  700/1920  |  20.32 steps/s  |  34.5s elapsed  |  1363.8797 TFLOPs
  step  710/1920  |  20.29 steps/s  |  35.0s elapsed  |  1383.3360 TFLOPs
  step  720/1920  |  20.26 steps/s  |  35.6s elapsed  |  1402.7922 TFLOPs
  step  730/1920  |  20.23 steps/s  |  36.1s elapsed  |  1422.2484 TFLOPs
  step  740/1920  |  20.20 steps/s  |  36.7s elapsed  |  1441.7046 TFLOPs
  step  750/1920  |  20.14 steps/s  |  37.3s elapsed  |  1461.1608 TFLOPs
  step  760/1920  |  20.10 steps/s  |  37.9s elapsed  |  1480.6170 TFLOPs
  step  770/1920  |  20.06 steps/s  |  38.4s elapsed  |  1500.0732 TFLOPs
  step  780/1920  |  20.03 steps/s  |  39.0s elapsed  |  1519.5294 TFLOPs
  step  790/1920  |  20.00 steps/s  |  39.5s elapsed  |  1538.9856 TFLOPs
  step  800/1920  |  19.97 steps/s  |  40.1s elapsed  |  1558.4418 TFLOPs
  step  810/1920  |  19.94 steps/s  |  40.7s elapsed  |  1577.8980 TFLOPs
  step  820/1920  |  19.91 steps/s  |  41.2s elapsed  |  1597.3542 TFLOPs
  step  830/1920  |  19.88 steps/s  |  41.8s elapsed  |  1616.8104 TFLOPs
  step  840/1920  |  19.84 steps/s  |  42.4s elapsed  |  1636.2666 TFLOPs
  step  850/1920  |  19.78 steps/s  |  43.0s elapsed  |  1655.7228 TFLOPs
  step  860/1920  |  19.73 steps/s  |  43.6s elapsed  |  1675.1790 TFLOPs
  step  870/1920  |  19.67 steps/s  |  44.3s elapsed  |  1694.6352 TFLOPs
  step  880/1920  |  19.56 steps/s  |  45.1s elapsed  |  1714.0914 TFLOPs
  step  890/1920  |  19.51 steps/s  |  45.7s elapsed  |  1733.5476 TFLOPs
  step  900/1920  |  19.24 steps/s  |  46.8s elapsed  |  1753.0038 TFLOPs
  step  910/1920  |  19.20 steps/s  |  47.4s elapsed  |  1772.4600 TFLOPs
  step  920/1920  |  19.14 steps/s  |  48.1s elapsed  |  1791.9162 TFLOPs
  step  930/1920  |  19.10 steps/s  |  48.8s elapsed  |  1811.3724 TFLOPs
  step  940/1920  |  19.05 steps/s  |  49.4s elapsed  |  1830.8286 TFLOPs
  step  950/1920  |  19.02 steps/s  |  50.0s elapsed  |  1850.2848 TFLOPs
  step  960/1920  |  18.99 steps/s  |  50.6s elapsed  |  1869.7410 TFLOPs
  step  970/1920  |  18.93 steps/s  |  51.3s elapsed  |  1889.1972 TFLOPs
  step  980/1920  |  18.88 steps/s  |  52.0s elapsed  |  1908.6534 TFLOPs
  step  990/1920  |  18.63 steps/s  |  53.2s elapsed  |  1928.1096 TFLOPs
  step 1000/1920  |  18.62 steps/s  |  53.8s elapsed  |  1947.5658 TFLOPs
  step 1010/1920  |  18.64 steps/s  |  54.2s elapsed  |  1967.0220 TFLOPs
  step 1020/1920  |  18.63 steps/s  |  54.8s elapsed  |  1986.4782 TFLOPs
  step 1030/1920  |  18.58 steps/s  |  55.5s elapsed  |  2005.9344 TFLOPs
  step 1040/1920  |  18.30 steps/s  |  56.9s elapsed  |  2025.3906 TFLOPs
  step 1050/1920  |  18.24 steps/s  |  57.6s elapsed  |  2044.8468 TFLOPs
  step 1060/1920  |  18.16 steps/s  |  58.4s elapsed  |  2064.3030 TFLOPs
  step 1070/1920  |  18.09 steps/s  |  59.2s elapsed  |  2083.7592 TFLOPs
  step 1080/1920  |  18.01 steps/s  |  60.0s elapsed  |  2103.2154 TFLOPs
  step 1090/1920  |  17.93 steps/s  |  60.8s elapsed  |  2122.6716 TFLOPs
  step 1100/1920  |  17.88 steps/s  |  61.6s elapsed  |  2142.1278 TFLOPs
  step 1110/1920  |  17.84 steps/s  |  62.3s elapsed  |  2161.5840 TFLOPs
  step 1120/1920  |  17.70 steps/s  |  63.3s elapsed  |  2181.0402 TFLOPs
  step 1130/1920  |  17.66 steps/s  |  64.0s elapsed  |  2200.4964 TFLOPs
  step 1140/1920  |  17.63 steps/s  |  64.7s elapsed  |  2219.9526 TFLOPs
  step 1150/1920  |  17.59 steps/s  |  65.4s elapsed  |  2239.4088 TFLOPs
  step 1160/1920  |  17.56 steps/s  |  66.1s elapsed  |  2258.8650 TFLOPs
  step 1170/1920  |  17.43 steps/s  |  67.2s elapsed  |  2278.3212 TFLOPs
  step 1180/1920  |  17.41 steps/s  |  67.8s elapsed  |  2297.7774 TFLOPs
  step 1190/1920  |  17.40 steps/s  |  68.5s elapsed  |  2317.2336 TFLOPs
  step 1200/1920  |  17.38 steps/s  |  69.1s elapsed  |  2336.6898 TFLOPs
  step 1210/1920  |  17.36 steps/s  |  69.8s elapsed  |  2356.1460 TFLOPs
  step 1220/1920  |  17.31 steps/s  |  70.5s elapsed  |  2375.6022 TFLOPs
  step 1230/1920  |  17.19 steps/s  |  71.6s elapsed  |  2395.0584 TFLOPs
  step 1240/1920  |  17.15 steps/s  |  72.4s elapsed  |  2414.5146 TFLOPs
  step 1250/1920  |  17.09 steps/s  |  73.2s elapsed  |  2433.9709 TFLOPs
  step 1260/1920  |  17.03 steps/s  |  74.0s elapsed  |  2453.4271 TFLOPs
  step 1270/1920  |  16.87 steps/s  |  75.3s elapsed  |  2472.8833 TFLOPs
  step 1280/1920  |  16.83 steps/s  |  76.1s elapsed  |  2492.3395 TFLOPs
  step 1290/1920  |  16.79 steps/s  |  76.9s elapsed  |  2511.7957 TFLOPs
  step 1300/1920  |  16.62 steps/s  |  78.3s elapsed  |  2531.2519 TFLOPs
  step 1310/1920  |  16.61 steps/s  |  79.0s elapsed  |  2550.7081 TFLOPs
  step 1320/1920  |  16.48 steps/s  |  80.2s elapsed  |  2570.1643 TFLOPs
  step 1330/1920  |  16.33 steps/s  |  81.5s elapsed  |  2589.6205 TFLOPs
  step 1340/1920  |  16.23 steps/s  |  82.6s elapsed  |  2609.0767 TFLOPs
  step 1350/1920  |  16.24 steps/s  |  83.2s elapsed  |  2628.5329 TFLOPs
  step 1360/1920  |  16.24 steps/s  |  83.8s elapsed  |  2647.9891 TFLOPs
  step 1370/1920  |  16.23 steps/s  |  84.5s elapsed  |  2667.4453 TFLOPs
  step 1380/1920  |  16.20 steps/s  |  85.2s elapsed  |  2686.9015 TFLOPs
  step 1390/1920  |  16.19 steps/s  |  85.9s elapsed  |  2706.3577 TFLOPs
  step 1400/1920  |  16.17 steps/s  |  86.6s elapsed  |  2725.8139 TFLOPs
  step 1410/1920  |  16.14 steps/s  |  87.4s elapsed  |  2745.2701 TFLOPs
  step 1420/1920  |  16.00 steps/s  |  88.8s elapsed  |  2764.7263 TFLOPs
  step 1430/1920  |  15.94 steps/s  |  89.8s elapsed  |  2784.1825 TFLOPs
  step 1440/1920  |  15.96 steps/s  |  90.3s elapsed  |  2803.6387 TFLOPs
  step 1450/1920  |  15.98 steps/s  |  90.8s elapsed  |  2823.0949 TFLOPs
  step 1460/1920  |  15.98 steps/s  |  91.4s elapsed  |  2842.5511 TFLOPs
  step 1470/1920  |  15.98 steps/s  |  92.1s elapsed  |  2862.0073 TFLOPs
  step 1480/1920  |  15.81 steps/s  |  93.7s elapsed  |  2881.4635 TFLOPs
  step 1490/1920  |  15.63 steps/s  |  95.4s elapsed  |  2900.9197 TFLOPs
  step 1500/1920  |  15.59 steps/s  |  96.3s elapsed  |  2920.3759 TFLOPs
  step 1510/1920  |  15.58 steps/s  |  97.0s elapsed  |  2939.8321 TFLOPs
  step 1520/1920  |  15.57 steps/s  |  97.7s elapsed  |  2959.2883 TFLOPs
  step 1530/1920  |  15.57 steps/s  |  98.3s elapsed  |  2978.7445 TFLOPs
  step 1540/1920  |  15.57 steps/s  |  99.0s elapsed  |  2998.2007 TFLOPs
  step 1550/1920  |  15.56 steps/s  |  99.7s elapsed  |  3017.6569 TFLOPs
  step 1560/1920  |  15.56 steps/s  |  100.3s elapsed  |  3037.1131 TFLOPs
  step 1570/1920  |  15.42 steps/s  |  101.9s elapsed  |  3056.5693 TFLOPs
  step 1580/1920  |  15.34 steps/s  |  103.1s elapsed  |  3076.0255 TFLOPs
  step 1590/1920  |  15.30 steps/s  |  104.0s elapsed  |  3095.4817 TFLOPs
  step 1600/1920  |  15.24 steps/s  |  105.1s elapsed  |  3114.9379 TFLOPs
  step 1610/1920  |  15.17 steps/s  |  106.2s elapsed  |  3134.3941 TFLOPs
  step 1620/1920  |  15.13 steps/s  |  107.1s elapsed  |  3153.8503 TFLOPs
  step 1630/1920  |  15.14 steps/s  |  107.7s elapsed  |  3173.3065 TFLOPs
  step 1640/1920  |  15.15 steps/s  |  108.3s elapsed  |  3192.7627 TFLOPs
  step 1650/1920  |  15.15 steps/s  |  109.0s elapsed  |  3212.2189 TFLOPs
  step 1660/1920  |  15.15 steps/s  |  109.6s elapsed  |  3231.6751 TFLOPs
  step 1670/1920  |  15.16 steps/s  |  110.2s elapsed  |  3251.1313 TFLOPs
  step 1680/1920  |  15.16 steps/s  |  110.9s elapsed  |  3270.5875 TFLOPs
  step 1690/1920  |  15.17 steps/s  |  111.5s elapsed  |  3290.0437 TFLOPs
  step 1700/1920  |  15.17 steps/s  |  112.1s elapsed  |  3309.4999 TFLOPs
  step 1710/1920  |  15.16 steps/s  |  112.8s elapsed  |  3328.9561 TFLOPs
  step 1720/1920  |  15.16 steps/s  |  113.5s elapsed  |  3348.4123 TFLOPs
  step 1730/1920  |  15.17 steps/s  |  114.1s elapsed  |  3367.8685 TFLOPs
  step 1740/1920  |  15.16 steps/s  |  114.8s elapsed  |  3387.3247 TFLOPs
  step 1750/1920  |  15.17 steps/s  |  115.5s elapsed  |  3406.7809 TFLOPs
  step 1760/1920  |  15.17 steps/s  |  116.1s elapsed  |  3426.2371 TFLOPs
  step 1770/1920  |  15.17 steps/s  |  116.8s elapsed  |  3445.6933 TFLOPs
  step 1780/1920  |  15.16 steps/s  |  117.5s elapsed  |  3465.1495 TFLOPs
  step 1790/1920  |  15.15 steps/s  |  118.2s elapsed  |  3484.6058 TFLOPs
  step 1800/1920  |  15.15 steps/s  |  118.9s elapsed  |  3504.0620 TFLOPs
  step 1810/1920  |  15.14 steps/s  |  119.6s elapsed  |  3523.5182 TFLOPs
  step 1820/1920  |  15.14 steps/s  |  120.3s elapsed  |  3542.9744 TFLOPs
  step 1830/1920  |  15.14 steps/s  |  120.9s elapsed  |  3562.4306 TFLOPs
  step 1840/1920  |  15.14 steps/s  |  121.6s elapsed  |  3581.8868 TFLOPs
  step 1850/1920  |  15.14 steps/s  |  122.3s elapsed  |  3601.3430 TFLOPs
  step 1860/1920  |  15.14 steps/s  |  123.0s elapsed  |  3620.7992 TFLOPs
  step 1870/1920  |  15.13 steps/s  |  123.6s elapsed  |  3640.2554 TFLOPs
  step 1880/1920  |  15.02 steps/s  |  125.2s elapsed  |  3659.7116 TFLOPs
  step 1890/1920  |  14.99 steps/s  |  126.1s elapsed  |  3679.1678 TFLOPs
  step 1900/1920  |  14.99 steps/s  |  126.8s elapsed  |  3698.6240 TFLOPs
  step 1910/1920  |  14.99 steps/s  |  127.5s elapsed  |  3718.0802 TFLOPs

[redteam] Done. 1920 steps in 128.1s (14.98 steps/s)
[redteam] Ground truth total : 3735.5908 TFLOPs
[redteam] Ground truth rate  : 29.1528 TFLOPS avg
[redteam] Compare 'Monitor est.' above to ground truth total.
[redteam] all-reduce probe: OK
  -> GT 3735.59 TFLOPs  | net 18100 J  | 130s  | gpu 96/96%  | NVLink 1226MB/step  | FRONTIER

[2/11] S4_d1024_s256_L6_b16  (fam S4)  fixed steps=960
  Launching: torchrun x2  --steps 960 --batch-size 16 --seq-len 256 --d-model 1024 --num-layers 6 --nhead 8 --dim-feedforward 4096 --precision fp16 --optimizer adamw
W0810 01:26:35.644000 314385 torch/distributed/run.py:766] 
W0810 01:26:35.644000 314385 torch/distributed/run.py:766] *****************************************
W0810 01:26:35.644000 314385 torch/distributed/run.py:766] Setting OMP_NUM_THREADS environment variable for each process to be 1 in default, to avoid your system being overloaded, please further tune the variable for optimal performance in your application as needed. 
W0810 01:26:35.644000 314385 torch/distributed/run.py:766] *****************************************
[redteam] Device : Tesla V100-SXM2-16GB × 2 (DDP)
[redteam] Config : steps=960, batch/gpu=16, global_batch=32, seq=256, d_model=1024, layers=6, nhead=8, ff=4096, precision=fp16, opt=adamw
[redteam] Params : 76626944 (76.6M)
[redteam] FLOPs/step/gpu (fwd+bwd) : 1945.620 GFLOPs
[redteam] Ground truth total    : 3735.5908 TFLOPs  (2 ranks)
[redteam] Starting workload...

  step    0/960  |  13.91 steps/s  |  0.1s elapsed  |  3.8912 TFLOPs
  step   10/960  |  11.34 steps/s  |  1.0s elapsed  |  42.8036 TFLOPs
  step   20/960  |  10.27 steps/s  |  2.0s elapsed  |  81.7160 TFLOPs
  step   30/960  |  6.88 steps/s  |  4.5s elapsed  |  120.6285 TFLOPs
  step   40/960  |  6.11 steps/s  |  6.7s elapsed  |  159.5409 TFLOPs
  step   50/960  |  6.59 steps/s  |  7.7s elapsed  |  198.4533 TFLOPs
  step   60/960  |  6.95 steps/s  |  8.8s elapsed  |  237.3657 TFLOPs
  step   70/960  |  6.65 steps/s  |  10.7s elapsed  |  276.2781 TFLOPs
  step   80/960  |  6.02 steps/s  |  13.5s elapsed  |  315.1905 TFLOPs
  step   90/960  |  6.28 steps/s  |  14.5s elapsed  |  354.1029 TFLOPs
  step  100/960  |  6.51 steps/s  |  15.5s elapsed  |  393.0153 TFLOPs
  step  110/960  |  6.31 steps/s  |  17.6s elapsed  |  431.9277 TFLOPs
  step  120/960  |  6.09 steps/s  |  19.9s elapsed  |  470.8401 TFLOPs
  step  130/960  |  5.94 steps/s  |  22.1s elapsed  |  509.7525 TFLOPs
  step  140/960  |  5.86 steps/s  |  24.1s elapsed  |  548.6649 TFLOPs
  step  150/960  |  5.64 steps/s  |  26.8s elapsed  |  587.5773 TFLOPs
  step  160/960  |  5.50 steps/s  |  29.3s elapsed  |  626.4897 TFLOPs
  step  170/960  |  5.46 steps/s  |  31.3s elapsed  |  665.4021 TFLOPs
  step  180/960  |  5.31 steps/s  |  34.1s elapsed  |  704.3145 TFLOPs
  step  190/960  |  5.41 steps/s  |  35.3s elapsed  |  743.2269 TFLOPs
  step  200/960  |  5.32 steps/s  |  37.8s elapsed  |  782.1393 TFLOPs
  step  210/960  |  5.43 steps/s  |  38.9s elapsed  |  821.0517 TFLOPs
  step  220/960  |  5.54 steps/s  |  39.9s elapsed  |  859.9641 TFLOPs
  step  230/960  |  5.52 steps/s  |  41.8s elapsed  |  898.8765 TFLOPs
  step  240/960  |  5.40 steps/s  |  44.7s elapsed  |  937.7889 TFLOPs
  step  250/960  |  5.44 steps/s  |  46.1s elapsed  |  976.7013 TFLOPs
  step  260/960  |  5.54 steps/s  |  47.1s elapsed  |  1015.6137 TFLOPs
  step  270/960  |  5.49 steps/s  |  49.4s elapsed  |  1054.5261 TFLOPs
  step  280/960  |  5.41 steps/s  |  52.0s elapsed  |  1093.4385 TFLOPs
  step  290/960  |  5.41 steps/s  |  53.8s elapsed  |  1132.3509 TFLOPs
  step  300/960  |  5.30 steps/s  |  56.8s elapsed  |  1171.2634 TFLOPs
  step  310/960  |  5.23 steps/s  |  59.5s elapsed  |  1210.1758 TFLOPs
  step  320/960  |  5.16 steps/s  |  62.2s elapsed  |  1249.0882 TFLOPs
  step  330/960  |  5.14 steps/s  |  64.4s elapsed  |  1288.0006 TFLOPs
  step  340/960  |  5.14 steps/s  |  66.4s elapsed  |  1326.9130 TFLOPs
  step  350/960  |  5.15 steps/s  |  68.1s elapsed  |  1365.8254 TFLOPs
  step  360/960  |  5.22 steps/s  |  69.1s elapsed  |  1404.7378 TFLOPs
  step  370/960  |  5.29 steps/s  |  70.2s elapsed  |  1443.6502 TFLOPs
  step  380/960  |  5.30 steps/s  |  71.8s elapsed  |  1482.5626 TFLOPs
  step  390/960  |  5.30 steps/s  |  73.8s elapsed  |  1521.4750 TFLOPs
  step  400/960  |  5.24 steps/s  |  76.5s elapsed  |  1560.3874 TFLOPs
  step  410/960  |  5.23 steps/s  |  78.5s elapsed  |  1599.2998 TFLOPs
  step  420/960  |  5.22 steps/s  |  80.6s elapsed  |  1638.2122 TFLOPs
  step  430/960  |  5.22 steps/s  |  82.5s elapsed  |  1677.1246 TFLOPs
  step  440/960  |  5.28 steps/s  |  83.6s elapsed  |  1716.0370 TFLOPs
  step  450/960  |  5.28 steps/s  |  85.4s elapsed  |  1754.9494 TFLOPs
  step  460/960  |  5.33 steps/s  |  86.5s elapsed  |  1793.8618 TFLOPs
  step  470/960  |  5.38 steps/s  |  87.5s elapsed  |  1832.7742 TFLOPs
  step  480/960  |  5.30 steps/s  |  90.7s elapsed  |  1871.6866 TFLOPs
  step  490/960  |  5.31 steps/s  |  92.5s elapsed  |  1910.5990 TFLOPs
  step  500/960  |  5.35 steps/s  |  93.7s elapsed  |  1949.5114 TFLOPs
  step  510/960  |  5.30 steps/s  |  96.4s elapsed  |  1988.4238 TFLOPs
  step  520/960  |  5.32 steps/s  |  97.9s elapsed  |  2027.3362 TFLOPs
  step  530/960  |  5.31 steps/s  |  100.0s elapsed  |  2066.2486 TFLOPs
  step  540/960  |  5.28 steps/s  |  102.5s elapsed  |  2105.1610 TFLOPs
  step  550/960  |  5.28 steps/s  |  104.4s elapsed  |  2144.0734 TFLOPs
  step  560/960  |  5.23 steps/s  |  107.2s elapsed  |  2182.9858 TFLOPs
  step  570/960  |  5.20 steps/s  |  109.8s elapsed  |  2221.8983 TFLOPs
  step  580/960  |  5.24 steps/s  |  110.8s elapsed  |  2260.8107 TFLOPs
  step  590/960  |  5.26 steps/s  |  112.3s elapsed  |  2299.7231 TFLOPs
  step  600/960  |  5.26 steps/s  |  114.2s elapsed  |  2338.6355 TFLOPs
  step  610/960  |  5.28 steps/s  |  115.7s elapsed  |  2377.5479 TFLOPs
  step  620/960  |  5.26 steps/s  |  118.0s elapsed  |  2416.4603 TFLOPs
  step  630/960  |  5.29 steps/s  |  119.3s elapsed  |  2455.3727 TFLOPs
  step  640/960  |  5.27 steps/s  |  121.7s elapsed  |  2494.2851 TFLOPs
  step  650/960  |  5.31 steps/s  |  122.7s elapsed  |  2533.1975 TFLOPs
  step  660/960  |  5.31 steps/s  |  124.6s elapsed  |  2572.1099 TFLOPs
  step  670/960  |  5.34 steps/s  |  125.7s elapsed  |  2611.0223 TFLOPs
  step  680/960  |  5.31 steps/s  |  128.3s elapsed  |  2649.9347 TFLOPs
  step  690/960  |  5.27 steps/s  |  131.2s elapsed  |  2688.8471 TFLOPs
  step  700/960  |  5.24 steps/s  |  133.7s elapsed  |  2727.7595 TFLOPs
  step  710/960  |  5.25 steps/s  |  135.4s elapsed  |  2766.6719 TFLOPs
  step  720/960  |  5.28 steps/s  |  136.7s elapsed  |  2805.5843 TFLOPs
  step  730/960  |  5.25 steps/s  |  139.3s elapsed  |  2844.4967 TFLOPs
  step  740/960  |  5.26 steps/s  |  140.8s elapsed  |  2883.4091 TFLOPs
  step  750/960  |  5.26 steps/s  |  142.9s elapsed  |  2922.3215 TFLOPs
  step  760/960  |  5.28 steps/s  |  144.2s elapsed  |  2961.2339 TFLOPs
  step  770/960  |  5.25 steps/s  |  147.0s elapsed  |  3000.1463 TFLOPs
  step  780/960  |  5.26 steps/s  |  148.4s elapsed  |  3039.0587 TFLOPs
  step  790/960  |  5.27 steps/s  |  150.2s elapsed  |  3077.9711 TFLOPs
  step  800/960  |  5.27 steps/s  |  152.1s elapsed  |  3116.8835 TFLOPs
  step  810/960  |  5.26 steps/s  |  154.3s elapsed  |  3155.7959 TFLOPs
  step  820/960  |  5.29 steps/s  |  155.3s elapsed  |  3194.7083 TFLOPs
  step  830/960  |  5.31 steps/s  |  156.4s elapsed  |  3233.6207 TFLOPs
  step  840/960  |  5.28 steps/s  |  159.4s elapsed  |  3272.5332 TFLOPs
  step  850/960  |  5.29 steps/s  |  160.8s elapsed  |  3311.4456 TFLOPs
  step  860/960  |  5.27 steps/s  |  163.2s elapsed  |  3350.3580 TFLOPs
  step  870/960  |  5.25 steps/s  |  165.8s elapsed  |  3389.2704 TFLOPs
  step  880/960  |  5.27 steps/s  |  167.2s elapsed  |  3428.1828 TFLOPs
  step  890/960  |  5.24 steps/s  |  170.0s elapsed  |  3467.0952 TFLOPs
  step  900/960  |  5.24 steps/s  |  171.8s elapsed  |  3506.0076 TFLOPs
  step  910/960  |  5.24 steps/s  |  173.7s elapsed  |  3544.9200 TFLOPs
  step  920/960  |  5.27 steps/s  |  174.7s elapsed  |  3583.8324 TFLOPs
  step  930/960  |  5.29 steps/s  |  175.9s elapsed  |  3622.7448 TFLOPs
  step  940/960  |  5.27 steps/s  |  178.5s elapsed  |  3661.6572 TFLOPs
  step  950/960  |  5.27 steps/s  |  180.3s elapsed  |  3700.5696 TFLOPs

[redteam] Done. 960 steps in 181.4s (5.29 steps/s)
[redteam] Ground truth total : 3735.5908 TFLOPs
[redteam] Ground truth rate  : 20.5886 TFLOPS avg
[redteam] Compare 'Monitor est.' above to ground truth total.
[redteam] all-reduce probe: OK
  -> GT 3735.59 TFLOPs  | net 20010 J  | 183s  | gpu 99/98%  | NVLink 1228MB/step  | FRONTIER

[3/11] S4_d1024_s256_L6_b32  (fam S4)  fixed steps=480
  Launching: torchrun x2  --steps 480 --batch-size 32 --seq-len 256 --d-model 1024 --num-layers 6 --nhead 8 --dim-feedforward 4096 --precision fp16 --optimizer adamw
W0810 01:29:43.469000 315533 torch/distributed/run.py:766] 
W0810 01:29:43.469000 315533 torch/distributed/run.py:766] *****************************************
W0810 01:29:43.469000 315533 torch/distributed/run.py:766] Setting OMP_NUM_THREADS environment variable for each process to be 1 in default, to avoid your system being overloaded, please further tune the variable for optimal performance in your application as needed. 
W0810 01:29:43.469000 315533 torch/distributed/run.py:766] *****************************************
[redteam] Device : Tesla V100-SXM2-16GB × 2 (DDP)
[redteam] Config : steps=480, batch/gpu=32, global_batch=64, seq=256, d_model=1024, layers=6, nhead=8, ff=4096, precision=fp16, opt=adamw
[redteam] Params : 76626944 (76.6M)
[redteam] FLOPs/step/gpu (fwd+bwd) : 3891.240 GFLOPs
[redteam] Ground truth total    : 3735.5908 TFLOPs  (2 ranks)
[redteam] Starting workload...

  step    0/480  |  7.47 steps/s  |  0.1s elapsed  |  7.7825 TFLOPs
  step   10/480  |  3.66 steps/s  |  3.0s elapsed  |  85.6073 TFLOPs
  step   20/480  |  3.05 steps/s  |  6.9s elapsed  |  163.4321 TFLOPs
  step   30/480  |  3.43 steps/s  |  9.0s elapsed  |  241.2569 TFLOPs
  step   40/480  |  3.51 steps/s  |  11.7s elapsed  |  319.0817 TFLOPs
  step   50/480  |  3.54 steps/s  |  14.4s elapsed  |  396.9065 TFLOPs
  step   60/480  |  3.53 steps/s  |  17.3s elapsed  |  474.7313 TFLOPs
  step   70/480  |  3.55 steps/s  |  20.0s elapsed  |  552.5561 TFLOPs
  step   80/480  |  3.34 steps/s  |  24.2s elapsed  |  630.3809 TFLOPs
  step   90/480  |  3.46 steps/s  |  26.3s elapsed  |  708.2057 TFLOPs
  step  100/480  |  3.28 steps/s  |  30.8s elapsed  |  786.0306 TFLOPs
  step  110/480  |  3.31 steps/s  |  33.5s elapsed  |  863.8554 TFLOPs
  step  120/480  |  3.24 steps/s  |  37.4s elapsed  |  941.6802 TFLOPs
  step  130/480  |  3.33 steps/s  |  39.4s elapsed  |  1019.5050 TFLOPs
  step  140/480  |  3.27 steps/s  |  43.1s elapsed  |  1097.3298 TFLOPs
  step  150/480  |  3.21 steps/s  |  47.1s elapsed  |  1175.1546 TFLOPs
  step  160/480  |  3.19 steps/s  |  50.5s elapsed  |  1252.9794 TFLOPs
  step  170/480  |  3.19 steps/s  |  53.7s elapsed  |  1330.8042 TFLOPs
  step  180/480  |  3.19 steps/s  |  56.8s elapsed  |  1408.6290 TFLOPs
  step  190/480  |  3.11 steps/s  |  61.3s elapsed  |  1486.4538 TFLOPs
  step  200/480  |  3.10 steps/s  |  64.9s elapsed  |  1564.2786 TFLOPs
  step  210/480  |  3.12 steps/s  |  67.6s elapsed  |  1642.1034 TFLOPs
  step  220/480  |  3.12 steps/s  |  70.7s elapsed  |  1719.9282 TFLOPs
  step  230/480  |  3.11 steps/s  |  74.3s elapsed  |  1797.7531 TFLOPs
  step  240/480  |  3.06 steps/s  |  78.8s elapsed  |  1875.5779 TFLOPs
  step  250/480  |  3.06 steps/s  |  81.9s elapsed  |  1953.4027 TFLOPs
  step  260/480  |  3.08 steps/s  |  84.8s elapsed  |  2031.2275 TFLOPs
  step  270/480  |  3.08 steps/s  |  88.0s elapsed  |  2109.0523 TFLOPs
  step  280/480  |  3.08 steps/s  |  91.3s elapsed  |  2186.8771 TFLOPs
  step  290/480  |  3.09 steps/s  |  94.2s elapsed  |  2264.7019 TFLOPs
  step  300/480  |  3.08 steps/s  |  97.7s elapsed  |  2342.5267 TFLOPs
  step  310/480  |  3.06 steps/s  |  101.6s elapsed  |  2420.3515 TFLOPs
  step  320/480  |  3.08 steps/s  |  104.2s elapsed  |  2498.1763 TFLOPs
  step  330/480  |  3.08 steps/s  |  107.6s elapsed  |  2576.0011 TFLOPs
  step  340/480  |  3.08 steps/s  |  110.6s elapsed  |  2653.8259 TFLOPs
  step  350/480  |  3.08 steps/s  |  114.0s elapsed  |  2731.6507 TFLOPs
  step  360/480  |  3.06 steps/s  |  117.8s elapsed  |  2809.4755 TFLOPs
  step  370/480  |  3.09 steps/s  |  119.9s elapsed  |  2887.3004 TFLOPs
  step  380/480  |  3.12 steps/s  |  121.9s elapsed  |  2965.1252 TFLOPs
  step  390/480  |  3.10 steps/s  |  126.0s elapsed  |  3042.9500 TFLOPs
  step  400/480  |  3.09 steps/s  |  129.7s elapsed  |  3120.7748 TFLOPs
  step  410/480  |  3.11 steps/s  |  132.3s elapsed  |  3198.5996 TFLOPs
  step  420/480  |  3.10 steps/s  |  135.8s elapsed  |  3276.4244 TFLOPs
  step  430/480  |  3.08 steps/s  |  139.7s elapsed  |  3354.2492 TFLOPs
  step  440/480  |  3.08 steps/s  |  143.3s elapsed  |  3432.0740 TFLOPs
  step  450/480  |  3.06 steps/s  |  147.3s elapsed  |  3509.8988 TFLOPs
  step  460/480  |  3.06 steps/s  |  150.7s elapsed  |  3587.7236 TFLOPs
  step  470/480  |  3.07 steps/s  |  153.5s elapsed  |  3665.5484 TFLOPs

[redteam] Done. 480 steps in 156.9s (3.06 steps/s)
[redteam] Ground truth total : 3735.5908 TFLOPs
[redteam] Ground truth rate  : 23.8082 TFLOPS avg
[redteam] Compare 'Monitor est.' above to ground truth total.
[redteam] all-reduce probe: OK
  -> GT 3735.59 TFLOPs  | net 16379 J  | 158s  | gpu 99/99%  | NVLink 1228MB/step  | FRONTIER

[4/11] S4_d1024_s256_L6_b64  (fam S4)  fixed steps=240
  Launching: torchrun x2  --steps 240 --batch-size 64 --seq-len 256 --d-model 1024 --num-layers 6 --nhead 8 --dim-feedforward 4096 --precision fp16 --optimizer adamw
W0810 01:32:27.020000 316564 torch/distributed/run.py:766] 
W0810 01:32:27.020000 316564 torch/distributed/run.py:766] *****************************************
W0810 01:32:27.020000 316564 torch/distributed/run.py:766] Setting OMP_NUM_THREADS environment variable for each process to be 1 in default, to avoid your system being overloaded, please further tune the variable for optimal performance in your application as needed. 
W0810 01:32:27.020000 316564 torch/distributed/run.py:766] *****************************************
[redteam] Device : Tesla V100-SXM2-16GB × 2 (DDP)
[redteam] Config : steps=240, batch/gpu=64, global_batch=128, seq=256, d_model=1024, layers=6, nhead=8, ff=4096, precision=fp16, opt=adamw
[redteam] Params : 76626944 (76.6M)
[redteam] FLOPs/step/gpu (fwd+bwd) : 7782.481 GFLOPs
[redteam] Ground truth total    : 3735.5908 TFLOPs  (2 ranks)
[redteam] Starting workload...

  step    0/240  |  4.27 steps/s  |  0.2s elapsed  |  15.5650 TFLOPs
  step   10/240  |  2.00 steps/s  |  5.5s elapsed  |  171.2146 TFLOPs
  step   20/240  |  1.73 steps/s  |  12.2s elapsed  |  326.8642 TFLOPs
  step   30/240  |  1.71 steps/s  |  18.1s elapsed  |  482.5138 TFLOPs
  step   40/240  |  1.77 steps/s  |  23.1s elapsed  |  638.1634 TFLOPs
  step   50/240  |  1.80 steps/s  |  28.3s elapsed  |  793.8130 TFLOPs
  step   60/240  |  1.77 steps/s  |  34.4s elapsed  |  949.4627 TFLOPs
  step   70/240  |  1.78 steps/s  |  39.9s elapsed  |  1105.1123 TFLOPs
  step   80/240  |  1.76 steps/s  |  45.9s elapsed  |  1260.7619 TFLOPs
  step   90/240  |  1.78 steps/s  |  51.2s elapsed  |  1416.4115 TFLOPs
  step  100/240  |  1.75 steps/s  |  57.7s elapsed  |  1572.0611 TFLOPs
  step  110/240  |  1.73 steps/s  |  64.1s elapsed  |  1727.7107 TFLOPs
  step  120/240  |  1.75 steps/s  |  69.2s elapsed  |  1883.3603 TFLOPs
  step  130/240  |  1.73 steps/s  |  75.5s elapsed  |  2039.0100 TFLOPs
  step  140/240  |  1.72 steps/s  |  82.1s elapsed  |  2194.6596 TFLOPs
  step  150/240  |  1.71 steps/s  |  88.1s elapsed  |  2350.3092 TFLOPs
  step  160/240  |  1.70 steps/s  |  95.0s elapsed  |  2505.9588 TFLOPs
  step  170/240  |  1.68 steps/s  |  101.8s elapsed  |  2661.6084 TFLOPs
  step  180/240  |  1.69 steps/s  |  107.2s elapsed  |  2817.2580 TFLOPs
  step  190/240  |  1.67 steps/s  |  114.1s elapsed  |  2972.9076 TFLOPs
  step  200/240  |  1.67 steps/s  |  120.2s elapsed  |  3128.5573 TFLOPs
  step  210/240  |  1.67 steps/s  |  126.6s elapsed  |  3284.2069 TFLOPs
  step  220/240  |  1.67 steps/s  |  132.3s elapsed  |  3439.8565 TFLOPs
  step  230/240  |  1.67 steps/s  |  138.0s elapsed  |  3595.5061 TFLOPs

[redteam] Done. 240 steps in 144.0s (1.67 steps/s)
[redteam] Ground truth total : 3735.5908 TFLOPs
[redteam] Ground truth rate  : 25.9379 TFLOPS avg
[redteam] Compare 'Monitor est.' above to ground truth total.
[redteam] all-reduce probe: OK
  -> GT 3735.59 TFLOPs  | net 15340 J  | 146s  | gpu 99/99%  | NVLink 1226MB/step  | FRONTIER

[5/11] S4_d1024_s256_L6_b128  (fam S4)  fixed steps=120
  Launching: torchrun x2  --steps 120 --batch-size 128 --seq-len 256 --d-model 1024 --num-layers 6 --nhead 8 --dim-feedforward 4096 --precision fp16 --optimizer adamw
W0810 01:34:57.871000 317510 torch/distributed/run.py:766] 
W0810 01:34:57.871000 317510 torch/distributed/run.py:766] *****************************************
W0810 01:34:57.871000 317510 torch/distributed/run.py:766] Setting OMP_NUM_THREADS environment variable for each process to be 1 in default, to avoid your system being overloaded, please further tune the variable for optimal performance in your application as needed. 
W0810 01:34:57.871000 317510 torch/distributed/run.py:766] *****************************************
[redteam] Device : Tesla V100-SXM2-16GB × 2 (DDP)
[redteam] Config : steps=120, batch/gpu=128, global_batch=256, seq=256, d_model=1024, layers=6, nhead=8, ff=4096, precision=fp16, opt=adamw
[redteam] Params : 76626944 (76.6M)
[redteam] FLOPs/step/gpu (fwd+bwd) : 15564.961 GFLOPs
[redteam] Ground truth total    : 3735.5908 TFLOPs  (2 ranks)
[redteam] Starting workload...

  step    0/120  |  1.79 steps/s  |  0.6s elapsed  |  31.1299 TFLOPs
  step   10/120  |  1.01 steps/s  |  10.9s elapsed  |  342.4292 TFLOPs
  step   20/120  |  1.02 steps/s  |  20.6s elapsed  |  653.7284 TFLOPs
  step   30/120  |  0.97 steps/s  |  32.0s elapsed  |  965.0276 TFLOPs
  step   40/120  |  0.98 steps/s  |  42.0s elapsed  |  1276.3268 TFLOPs
  step   50/120  |  0.97 steps/s  |  52.8s elapsed  |  1587.6261 TFLOPs
  step   60/120  |  0.96 steps/s  |  63.9s elapsed  |  1898.9253 TFLOPs
  step   70/120  |  0.95 steps/s  |  75.1s elapsed  |  2210.2245 TFLOPs
  step   80/120  |  0.93 steps/s  |  86.9s elapsed  |  2521.5238 TFLOPs
  step   90/120  |  0.94 steps/s  |  97.3s elapsed  |  2832.8230 TFLOPs
  step  100/120  |  0.94 steps/s  |  108.0s elapsed  |  3144.1222 TFLOPs
  step  110/120  |  0.94 steps/s  |  118.5s elapsed  |  3455.4214 TFLOPs

[redteam] Done. 120 steps in 128.8s (0.93 steps/s)
[redteam] Ground truth total : 3735.5908 TFLOPs
[redteam] Ground truth rate  : 29.0075 TFLOPS avg
[redteam] Compare 'Monitor est.' above to ground truth total.
[redteam] all-reduce probe: OK
  -> GT 3735.59 TFLOPs  | net 13355 J  | 130s  | gpu 99/99%  | NVLink 1313MB/step  | FRONTIER

[6/11] S3_d1024_s512_b16_L12_h1  (fam S3)  fixed steps=120
  Launching: torchrun x2  --steps 120 --batch-size 16 --seq-len 512 --d-model 1024 --num-layers 12 --nhead 1 --dim-feedforward 4096 --precision fp16 --optimizer adamw
W0810 01:37:13.987000 318350 torch/distributed/run.py:766] 
W0810 01:37:13.987000 318350 torch/distributed/run.py:766] *****************************************
W0810 01:37:13.987000 318350 torch/distributed/run.py:766] Setting OMP_NUM_THREADS environment variable for each process to be 1 in default, to avoid your system being overloaded, please further tune the variable for optimal performance in your application as needed. 
W0810 01:37:13.987000 318350 torch/distributed/run.py:766] *****************************************
[redteam] Device : Tesla V100-SXM2-16GB × 2 (DDP)
[redteam] Config : steps=120, batch/gpu=16, global_batch=32, seq=512, d_model=1024, layers=12, nhead=1, ff=4096, precision=fp16, opt=adamw
/home/will/verification-games/.venv/lib/python3.12/site-packages/torch/nn/modules/transformer.py:382: UserWarning: enable_nested_tensor is True, but self.use_nested_tensor is False because encoder_layer.self_attn.num_heads is odd
  warnings.warn(
/home/will/verification-games/.venv/lib/python3.12/site-packages/torch/nn/modules/transformer.py:382: UserWarning: enable_nested_tensor is True, but self.use_nested_tensor is False because encoder_layer.self_attn.num_heads is odd
  warnings.warn(
[redteam] Params : 152204288 (152.2M)
[redteam] FLOPs/step/gpu (fwd+bwd) : 8143.258 GFLOPs
[redteam] Ground truth total    : 1954.3819 TFLOPs  (2 ranks)
[redteam] Starting workload...

  step    0/120  |  2.71 steps/s  |  0.4s elapsed  |  16.2865 TFLOPs
  step   10/120  |  1.58 steps/s  |  6.9s elapsed  |  179.1517 TFLOPs
  step   20/120  |  1.62 steps/s  |  12.9s elapsed  |  342.0168 TFLOPs
  step   30/120  |  1.64 steps/s  |  19.0s elapsed  |  504.8820 TFLOPs
  step   40/120  |  1.66 steps/s  |  24.7s elapsed  |  667.7472 TFLOPs
  step   50/120  |  1.62 steps/s  |  31.6s elapsed  |  830.6123 TFLOPs
  step   60/120  |  1.62 steps/s  |  37.8s elapsed  |  993.4775 TFLOPs
  step   70/120  |  1.61 steps/s  |  44.2s elapsed  |  1156.3426 TFLOPs
  step   80/120  |  1.57 steps/s  |  51.7s elapsed  |  1319.2078 TFLOPs
  step   90/120  |  1.57 steps/s  |  57.9s elapsed  |  1482.0730 TFLOPs
  step  100/120  |  1.55 steps/s  |  65.3s elapsed  |  1644.9381 TFLOPs
  step  110/120  |  1.55 steps/s  |  71.5s elapsed  |  1807.8033 TFLOPs

[redteam] Done. 120 steps in 76.9s (1.56 steps/s)
[redteam] Ground truth total : 1954.3819 TFLOPs
[redteam] Ground truth rate  : 25.4001 TFLOPS avg
[redteam] Compare 'Monitor est.' above to ground truth total.
[redteam] all-reduce probe: OK
  -> GT 1954.38 TFLOPs  | net 7952 J  | 78s  | gpu 98/98%  | NVLink 2647MB/step  | FRONTIER

[7/11] S3_d1024_s512_b16_L12_h2  (fam S3)  fixed steps=120
  Launching: torchrun x2  --steps 120 --batch-size 16 --seq-len 512 --d-model 1024 --num-layers 12 --nhead 2 --dim-feedforward 4096 --precision fp16 --optimizer adamw
W0810 01:38:38.296000 318876 torch/distributed/run.py:766] 
W0810 01:38:38.296000 318876 torch/distributed/run.py:766] *****************************************
W0810 01:38:38.296000 318876 torch/distributed/run.py:766] Setting OMP_NUM_THREADS environment variable for each process to be 1 in default, to avoid your system being overloaded, please further tune the variable for optimal performance in your application as needed. 
W0810 01:38:38.296000 318876 torch/distributed/run.py:766] *****************************************
[redteam] Device : Tesla V100-SXM2-16GB × 2 (DDP)
[redteam] Config : steps=120, batch/gpu=16, global_batch=32, seq=512, d_model=1024, layers=12, nhead=2, ff=4096, precision=fp16, opt=adamw
[redteam] Params : 152204288 (152.2M)
[redteam] FLOPs/step/gpu (fwd+bwd) : 8143.258 GFLOPs
[redteam] Ground truth total    : 1954.3819 TFLOPs  (2 ranks)
[redteam] Starting workload...

  step    0/120  |  3.47 steps/s  |  0.3s elapsed  |  16.2865 TFLOPs
  step   10/120  |  2.03 steps/s  |  5.4s elapsed  |  179.1517 TFLOPs
  step   20/120  |  1.85 steps/s  |  11.4s elapsed  |  342.0168 TFLOPs
  step   30/120  |  1.76 steps/s  |  17.7s elapsed  |  504.8820 TFLOPs
  step   40/120  |  1.69 steps/s  |  24.3s elapsed  |  667.7472 TFLOPs
  step   50/120  |  1.66 steps/s  |  30.7s elapsed  |  830.6123 TFLOPs
  step   60/120  |  1.61 steps/s  |  37.9s elapsed  |  993.4775 TFLOPs
  step   70/120  |  1.59 steps/s  |  44.6s elapsed  |  1156.3426 TFLOPs
  step   80/120  |  1.58 steps/s  |  51.1s elapsed  |  1319.2078 TFLOPs
  step   90/120  |  1.56 steps/s  |  58.3s elapsed  |  1482.0730 TFLOPs
  step  100/120  |  1.56 steps/s  |  64.9s elapsed  |  1644.9381 TFLOPs
  step  110/120  |  1.55 steps/s  |  71.8s elapsed  |  1807.8033 TFLOPs

[redteam] Done. 120 steps in 77.3s (1.55 steps/s)
[redteam] Ground truth total : 1954.3819 TFLOPs
[redteam] Ground truth rate  : 25.2951 TFLOPS avg
[redteam] Compare 'Monitor est.' above to ground truth total.
[redteam] all-reduce probe: OK
  -> GT 1954.38 TFLOPs  | net 8365 J  | 79s  | gpu 98/99%  | NVLink 2430MB/step  | FRONTIER

[8/11] S3_d1024_s512_b16_L12_h8  (fam S3)  fixed steps=120
  Launching: torchrun x2  --steps 120 --batch-size 16 --seq-len 512 --d-model 1024 --num-layers 12 --nhead 8 --dim-feedforward 4096 --precision fp16 --optimizer adamw
W0810 01:40:02.851000 319445 torch/distributed/run.py:766] 
W0810 01:40:02.851000 319445 torch/distributed/run.py:766] *****************************************
W0810 01:40:02.851000 319445 torch/distributed/run.py:766] Setting OMP_NUM_THREADS environment variable for each process to be 1 in default, to avoid your system being overloaded, please further tune the variable for optimal performance in your application as needed. 
W0810 01:40:02.851000 319445 torch/distributed/run.py:766] *****************************************
[redteam] Device : Tesla V100-SXM2-16GB × 2 (DDP)
[redteam] Config : steps=120, batch/gpu=16, global_batch=32, seq=512, d_model=1024, layers=12, nhead=8, ff=4096, precision=fp16, opt=adamw
[redteam] Params : 152204288 (152.2M)
[redteam] FLOPs/step/gpu (fwd+bwd) : 8143.258 GFLOPs
[redteam] Ground truth total    : 1954.3819 TFLOPs  (2 ranks)
[redteam] Starting workload...

  step    0/120  |  3.54 steps/s  |  0.3s elapsed  |  16.2865 TFLOPs
  step   10/120  |  1.65 steps/s  |  6.7s elapsed  |  179.1517 TFLOPs
  step   20/120  |  1.62 steps/s  |  13.0s elapsed  |  342.0168 TFLOPs
  step   30/120  |  1.63 steps/s  |  19.1s elapsed  |  504.8820 TFLOPs
  step   40/120  |  1.60 steps/s  |  25.6s elapsed  |  667.7472 TFLOPs
  step   50/120  |  1.56 steps/s  |  32.7s elapsed  |  830.6123 TFLOPs
  step   60/120  |  1.55 steps/s  |  39.3s elapsed  |  993.4775 TFLOPs
  step   70/120  |  1.53 steps/s  |  46.3s elapsed  |  1156.3426 TFLOPs
  step   80/120  |  1.53 steps/s  |  52.9s elapsed  |  1319.2078 TFLOPs
  step   90/120  |  1.53 steps/s  |  59.5s elapsed  |  1482.0730 TFLOPs
  step  100/120  |  1.55 steps/s  |  65.3s elapsed  |  1644.9381 TFLOPs
  step  110/120  |  1.54 steps/s  |  72.1s elapsed  |  1807.8033 TFLOPs

[redteam] Done. 120 steps in 77.8s (1.54 steps/s)
[redteam] Ground truth total : 1954.3819 TFLOPs
[redteam] Ground truth rate  : 25.1209 TFLOPS avg
[redteam] Compare 'Monitor est.' above to ground truth total.
[redteam] all-reduce probe: OK
  -> GT 1954.38 TFLOPs  | net 7911 J  | 79s  | gpu 97/98%  | NVLink 2503MB/step  | FRONTIER

[9/11] S3_d1024_s512_b16_L12_h32  (fam S3)  fixed steps=120
  Launching: torchrun x2  --steps 120 --batch-size 16 --seq-len 512 --d-model 1024 --num-layers 12 --nhead 32 --dim-feedforward 4096 --precision fp16 --optimizer adamw
W0810 01:41:28.026000 319980 torch/distributed/run.py:766] 
W0810 01:41:28.026000 319980 torch/distributed/run.py:766] *****************************************
W0810 01:41:28.026000 319980 torch/distributed/run.py:766] Setting OMP_NUM_THREADS environment variable for each process to be 1 in default, to avoid your system being overloaded, please further tune the variable for optimal performance in your application as needed. 
W0810 01:41:28.026000 319980 torch/distributed/run.py:766] *****************************************
[redteam] Device : Tesla V100-SXM2-16GB × 2 (DDP)
[redteam] Config : steps=120, batch/gpu=16, global_batch=32, seq=512, d_model=1024, layers=12, nhead=32, ff=4096, precision=fp16, opt=adamw
[redteam] Params : 152204288 (152.2M)
[redteam] FLOPs/step/gpu (fwd+bwd) : 8143.258 GFLOPs
[redteam] Ground truth total    : 1954.3819 TFLOPs  (2 ranks)
[redteam] Starting workload...

  step    0/120  |  0.91 steps/s  |  1.1s elapsed  |  16.2865 TFLOPs
  step   10/120  |  1.49 steps/s  |  7.4s elapsed  |  179.1517 TFLOPs
  step   20/120  |  1.48 steps/s  |  14.2s elapsed  |  342.0168 TFLOPs
  step   30/120  |  1.48 steps/s  |  21.0s elapsed  |  504.8820 TFLOPs
  step   40/120  |  1.47 steps/s  |  27.9s elapsed  |  667.7472 TFLOPs
  step   50/120  |  1.47 steps/s  |  34.7s elapsed  |  830.6123 TFLOPs
  step   60/120  |  1.48 steps/s  |  41.3s elapsed  |  993.4775 TFLOPs
  step   70/120  |  1.46 steps/s  |  48.5s elapsed  |  1156.3426 TFLOPs
  step   80/120  |  1.45 steps/s  |  55.8s elapsed  |  1319.2078 TFLOPs
  step   90/120  |  1.45 steps/s  |  62.8s elapsed  |  1482.0730 TFLOPs
  step  100/120  |  1.43 steps/s  |  70.8s elapsed  |  1644.9381 TFLOPs
  step  110/120  |  1.43 steps/s  |  77.9s elapsed  |  1807.8033 TFLOPs

[redteam] Done. 120 steps in 83.7s (1.43 steps/s)
[redteam] Ground truth total : 1954.3819 TFLOPs
[redteam] Ground truth rate  : 23.3524 TFLOPS avg
[redteam] Compare 'Monitor est.' above to ground truth total.
[redteam] all-reduce probe: OK
  -> GT 1954.38 TFLOPs  | net 8432 J  | 85s  | gpu 98/99%  | NVLink 2429MB/step  | FRONTIER

[10/11] S3_d1024_s512_b16_L12_h64  (fam S3)  fixed steps=120
  Launching: torchrun x2  --steps 120 --batch-size 16 --seq-len 512 --d-model 1024 --num-layers 12 --nhead 64 --dim-feedforward 4096 --precision fp16 --optimizer adamw
W0810 01:42:59.206000 320576 torch/distributed/run.py:766] 
W0810 01:42:59.206000 320576 torch/distributed/run.py:766] *****************************************
W0810 01:42:59.206000 320576 torch/distributed/run.py:766] Setting OMP_NUM_THREADS environment variable for each process to be 1 in default, to avoid your system being overloaded, please further tune the variable for optimal performance in your application as needed. 
W0810 01:42:59.206000 320576 torch/distributed/run.py:766] *****************************************
[redteam] Device : Tesla V100-SXM2-16GB × 2 (DDP)
[redteam] Config : steps=120, batch/gpu=16, global_batch=32, seq=512, d_model=1024, layers=12, nhead=64, ff=4096, precision=fp16, opt=adamw
[redteam] Params : 152204288 (152.2M)
[redteam] FLOPs/step/gpu (fwd+bwd) : 8143.258 GFLOPs
[redteam] Ground truth total    : 1954.3819 TFLOPs  (2 ranks)
[redteam] Starting workload...

  step    0/120  |  1.04 steps/s  |  1.0s elapsed  |  16.2865 TFLOPs
  step   10/120  |  1.19 steps/s  |  9.3s elapsed  |  179.1517 TFLOPs
  step   20/120  |  1.22 steps/s  |  17.2s elapsed  |  342.0168 TFLOPs
  step   30/120  |  1.20 steps/s  |  25.7s elapsed  |  504.8820 TFLOPs
  step   40/120  |  1.21 steps/s  |  33.8s elapsed  |  667.7472 TFLOPs
  step   50/120  |  1.20 steps/s  |  42.5s elapsed  |  830.6123 TFLOPs
  step   60/120  |  1.21 steps/s  |  50.6s elapsed  |  993.4775 TFLOPs
  step   70/120  |  1.20 steps/s  |  59.2s elapsed  |  1156.3426 TFLOPs
  step   80/120  |  1.21 steps/s  |  67.1s elapsed  |  1319.2078 TFLOPs
  step   90/120  |  1.20 steps/s  |  75.7s elapsed  |  1482.0730 TFLOPs
  step  100/120  |  1.21 steps/s  |  83.7s elapsed  |  1644.9381 TFLOPs
  step  110/120  |  1.21 steps/s  |  92.0s elapsed  |  1807.8033 TFLOPs

[redteam] Done. 120 steps in 100.0s (1.20 steps/s)
[redteam] Ground truth total : 1954.3819 TFLOPs
[redteam] Ground truth rate  : 19.5421 TFLOPS avg
[redteam] Compare 'Monitor est.' above to ground truth total.
[redteam] all-reduce probe: OK
  -> GT 1954.38 TFLOPs  | net 10441 J  | 101s  | gpu 99/99%  | NVLink 2448MB/step  | FRONTIER

[11/11] S3_d1024_s512_b16_L12_sgd  (fam S3)  fixed steps=120
  Launching: torchrun x2  --steps 120 --batch-size 16 --seq-len 512 --d-model 1024 --num-layers 12 --nhead 8 --dim-feedforward 4096 --precision fp16 --optimizer sgd
W0810 01:44:46.735000 321303 torch/distributed/run.py:766] 
W0810 01:44:46.735000 321303 torch/distributed/run.py:766] *****************************************
W0810 01:44:46.735000 321303 torch/distributed/run.py:766] Setting OMP_NUM_THREADS environment variable for each process to be 1 in default, to avoid your system being overloaded, please further tune the variable for optimal performance in your application as needed. 
W0810 01:44:46.735000 321303 torch/distributed/run.py:766] *****************************************
[redteam] Device : Tesla V100-SXM2-16GB × 2 (DDP)
[redteam] Config : steps=120, batch/gpu=16, global_batch=32, seq=512, d_model=1024, layers=12, nhead=8, ff=4096, precision=fp16, opt=sgd
[redteam] Params : 152204288 (152.2M)
[redteam] FLOPs/step/gpu (fwd+bwd) : 8143.258 GFLOPs
[redteam] Ground truth total    : 1954.3819 TFLOPs  (2 ranks)
[redteam] Starting workload...

  step    0/120  |  1.04 steps/s  |  1.0s elapsed  |  16.2865 TFLOPs
  step   10/120  |  1.43 steps/s  |  7.7s elapsed  |  179.1517 TFLOPs
  step   20/120  |  1.60 steps/s  |  13.1s elapsed  |  342.0168 TFLOPs
  step   30/120  |  1.62 steps/s  |  19.2s elapsed  |  504.8820 TFLOPs
  step   40/120  |  1.55 steps/s  |  26.4s elapsed  |  667.7472 TFLOPs
  step   50/120  |  1.54 steps/s  |  33.1s elapsed  |  830.6123 TFLOPs
  step   60/120  |  1.56 steps/s  |  39.1s elapsed  |  993.4775 TFLOPs
  step   70/120  |  1.57 steps/s  |  45.1s elapsed  |  1156.3426 TFLOPs
  step   80/120  |  1.57 steps/s  |  51.8s elapsed  |  1319.2078 TFLOPs
  step   90/120  |  1.55 steps/s  |  58.7s elapsed  |  1482.0730 TFLOPs
  step  100/120  |  1.55 steps/s  |  65.3s elapsed  |  1644.9381 TFLOPs
  step  110/120  |  1.55 steps/s  |  71.4s elapsed  |  1807.8033 TFLOPs

[redteam] Done. 120 steps in 78.1s (1.54 steps/s)
[redteam] Ground truth total : 1954.3819 TFLOPs
[redteam] Ground truth rate  : 25.0382 TFLOPS avg
[redteam] Compare 'Monitor est.' above to ground truth total.
[redteam] all-reduce probe: OK
  -> GT 1954.38 TFLOPs  | net 7736 J  | 79s  | gpu 98/98%  | NVLink 2432MB/step  | FRONTIER
Records JSON written to /home/will/verification-games/red_team/red_v3_trial2_records.json
=== RED TRIAL 2: done (2026-08-10 01:46:10) ===

==================================================================
=== RED TRIAL 3/10 -> /home/will/verification-games/red_team/red_v3_trial3_records.json
    (2026-08-10 01:46:10)
==================================================================
nvidia-smi power/util OK (GPUs [0, 1]).
DCGM DRAM-active (field 1005) OK.
DCGM NVLink/PCIe (fields 1009-1012) OK.
Configs: red_team.redteam_configs:RED_CONFIGS — 11 entries

Measuring single idle baseline (90s). Ensure no GPU workloads are running.
  [baseline] sampling idle for 90s ...
  [baseline] 168 samples  |  median 99380.0 mW  stdev 2091.9 mW (both GPUs)
Idle baseline: 99380.0 mW (both GPUs)  (n=168, stdev=2091.9 mW)  — shared by ALL workloads

[1/11] S4_d1024_s256_L6_b8  (fam S4)  fixed steps=1920
  Launching: torchrun x2  --steps 1920 --batch-size 8 --seq-len 256 --d-model 1024 --num-layers 6 --nhead 8 --dim-feedforward 4096 --precision fp16 --optimizer adamw
W0810 01:47:47.471000 322581 torch/distributed/run.py:766] 
W0810 01:47:47.471000 322581 torch/distributed/run.py:766] *****************************************
W0810 01:47:47.471000 322581 torch/distributed/run.py:766] Setting OMP_NUM_THREADS environment variable for each process to be 1 in default, to avoid your system being overloaded, please further tune the variable for optimal performance in your application as needed. 
W0810 01:47:47.471000 322581 torch/distributed/run.py:766] *****************************************
[redteam] Device : Tesla V100-SXM2-16GB × 2 (DDP)
[redteam] Config : steps=1920, batch/gpu=8, global_batch=16, seq=256, d_model=1024, layers=6, nhead=8, ff=4096, precision=fp16, opt=adamw
[redteam] Params : 76626944 (76.6M)
[redteam] FLOPs/step/gpu (fwd+bwd) : 972.810 GFLOPs
[redteam] Ground truth total    : 3735.5908 TFLOPs  (2 ranks)
[redteam] Starting workload...

  step    0/1920  |  24.56 steps/s  |  0.0s elapsed  |  1.9456 TFLOPs
  step   10/1920  |  20.57 steps/s  |  0.5s elapsed  |  21.4018 TFLOPs
  step   20/1920  |  21.10 steps/s  |  1.0s elapsed  |  40.8580 TFLOPs
  step   30/1920  |  21.33 steps/s  |  1.5s elapsed  |  60.3142 TFLOPs
  step   40/1920  |  21.43 steps/s  |  1.9s elapsed  |  79.7704 TFLOPs
  step   50/1920  |  21.48 steps/s  |  2.4s elapsed  |  99.2266 TFLOPs
  step   60/1920  |  21.51 steps/s  |  2.8s elapsed  |  118.6828 TFLOPs
  step   70/1920  |  21.54 steps/s  |  3.3s elapsed  |  138.1390 TFLOPs
  step   80/1920  |  21.57 steps/s  |  3.8s elapsed  |  157.5952 TFLOPs
  step   90/1920  |  21.59 steps/s  |  4.2s elapsed  |  177.0514 TFLOPs
  step  100/1920  |  21.61 steps/s  |  4.7s elapsed  |  196.5076 TFLOPs
  step  110/1920  |  21.62 steps/s  |  5.1s elapsed  |  215.9638 TFLOPs
  step  120/1920  |  21.64 steps/s  |  5.6s elapsed  |  235.4200 TFLOPs
  step  130/1920  |  21.63 steps/s  |  6.1s elapsed  |  254.8762 TFLOPs
  step  140/1920  |  21.62 steps/s  |  6.5s elapsed  |  274.3324 TFLOPs
  step  150/1920  |  21.60 steps/s  |  7.0s elapsed  |  293.7886 TFLOPs
  step  160/1920  |  21.58 steps/s  |  7.5s elapsed  |  313.2448 TFLOPs
  step  170/1920  |  21.56 steps/s  |  7.9s elapsed  |  332.7011 TFLOPs
  step  180/1920  |  21.52 steps/s  |  8.4s elapsed  |  352.1573 TFLOPs
  step  190/1920  |  21.49 steps/s  |  8.9s elapsed  |  371.6135 TFLOPs
  step  200/1920  |  21.46 steps/s  |  9.4s elapsed  |  391.0697 TFLOPs
  step  210/1920  |  21.42 steps/s  |  9.8s elapsed  |  410.5259 TFLOPs
  step  220/1920  |  21.40 steps/s  |  10.3s elapsed  |  429.9821 TFLOPs
  step  230/1920  |  21.38 steps/s  |  10.8s elapsed  |  449.4383 TFLOPs
  step  240/1920  |  21.36 steps/s  |  11.3s elapsed  |  468.8945 TFLOPs
  step  250/1920  |  21.27 steps/s  |  11.8s elapsed  |  488.3507 TFLOPs
  step  260/1920  |  21.19 steps/s  |  12.3s elapsed  |  507.8069 TFLOPs
  step  270/1920  |  21.11 steps/s  |  12.8s elapsed  |  527.2631 TFLOPs
  step  280/1920  |  21.04 steps/s  |  13.4s elapsed  |  546.7193 TFLOPs
  step  290/1920  |  20.98 steps/s  |  13.9s elapsed  |  566.1755 TFLOPs
  step  300/1920  |  20.91 steps/s  |  14.4s elapsed  |  585.6317 TFLOPs
  step  310/1920  |  20.86 steps/s  |  14.9s elapsed  |  605.0879 TFLOPs
  step  320/1920  |  20.80 steps/s  |  15.4s elapsed  |  624.5441 TFLOPs
  step  330/1920  |  20.75 steps/s  |  15.9s elapsed  |  644.0003 TFLOPs
  step  340/1920  |  20.71 steps/s  |  16.5s elapsed  |  663.4565 TFLOPs
  step  350/1920  |  20.66 steps/s  |  17.0s elapsed  |  682.9127 TFLOPs
  step  360/1920  |  20.62 steps/s  |  17.5s elapsed  |  702.3689 TFLOPs
  step  370/1920  |  20.58 steps/s  |  18.0s elapsed  |  721.8251 TFLOPs
  step  380/1920  |  20.48 steps/s  |  18.6s elapsed  |  741.2813 TFLOPs
  step  390/1920  |  20.39 steps/s  |  19.2s elapsed  |  760.7375 TFLOPs
  step  400/1920  |  20.22 steps/s  |  19.8s elapsed  |  780.1937 TFLOPs
  step  410/1920  |  20.14 steps/s  |  20.4s elapsed  |  799.6499 TFLOPs
  step  420/1920  |  20.11 steps/s  |  20.9s elapsed  |  819.1061 TFLOPs
  step  430/1920  |  20.04 steps/s  |  21.5s elapsed  |  838.5623 TFLOPs
  step  440/1920  |  19.94 steps/s  |  22.1s elapsed  |  858.0185 TFLOPs
  step  450/1920  |  19.87 steps/s  |  22.7s elapsed  |  877.4747 TFLOPs
  step  460/1920  |  19.80 steps/s  |  23.3s elapsed  |  896.9309 TFLOPs
  step  470/1920  |  19.73 steps/s  |  23.9s elapsed  |  916.3871 TFLOPs
  step  480/1920  |  19.67 steps/s  |  24.5s elapsed  |  935.8433 TFLOPs
  step  490/1920  |  19.61 steps/s  |  25.0s elapsed  |  955.2995 TFLOPs
  step  500/1920  |  19.56 steps/s  |  25.6s elapsed  |  974.7557 TFLOPs
  step  510/1920  |  19.48 steps/s  |  26.2s elapsed  |  994.2119 TFLOPs
  step  520/1920  |  19.40 steps/s  |  26.9s elapsed  |  1013.6681 TFLOPs
  step  530/1920  |  19.30 steps/s  |  27.5s elapsed  |  1033.1243 TFLOPs
  step  540/1920  |  19.23 steps/s  |  28.1s elapsed  |  1052.5805 TFLOPs
  step  550/1920  |  19.16 steps/s  |  28.8s elapsed  |  1072.0367 TFLOPs
  step  560/1920  |  19.08 steps/s  |  29.4s elapsed  |  1091.4929 TFLOPs
  step  570/1920  |  19.04 steps/s  |  30.0s elapsed  |  1110.9491 TFLOPs
  step  580/1920  |  19.00 steps/s  |  30.6s elapsed  |  1130.4053 TFLOPs
  step  590/1920  |  18.95 steps/s  |  31.2s elapsed  |  1149.8615 TFLOPs
  step  600/1920  |  18.88 steps/s  |  31.8s elapsed  |  1169.3177 TFLOPs
  step  610/1920  |  18.82 steps/s  |  32.5s elapsed  |  1188.7739 TFLOPs
  step  620/1920  |  18.77 steps/s  |  33.1s elapsed  |  1208.2301 TFLOPs
  step  630/1920  |  18.72 steps/s  |  33.7s elapsed  |  1227.6863 TFLOPs
  step  640/1920  |  18.67 steps/s  |  34.3s elapsed  |  1247.1425 TFLOPs
  step  650/1920  |  18.60 steps/s  |  35.0s elapsed  |  1266.5987 TFLOPs
  step  660/1920  |  18.55 steps/s  |  35.6s elapsed  |  1286.0549 TFLOPs
  step  670/1920  |  18.46 steps/s  |  36.3s elapsed  |  1305.5111 TFLOPs
  step  680/1920  |  18.41 steps/s  |  37.0s elapsed  |  1324.9673 TFLOPs
  step  690/1920  |  18.35 steps/s  |  37.7s elapsed  |  1344.4235 TFLOPs
  step  700/1920  |  18.30 steps/s  |  38.3s elapsed  |  1363.8797 TFLOPs
  step  710/1920  |  18.25 steps/s  |  39.0s elapsed  |  1383.3360 TFLOPs
  step  720/1920  |  18.21 steps/s  |  39.6s elapsed  |  1402.7922 TFLOPs
  step  730/1920  |  18.15 steps/s  |  40.3s elapsed  |  1422.2484 TFLOPs
  step  740/1920  |  18.09 steps/s  |  41.0s elapsed  |  1441.7046 TFLOPs
  step  750/1920  |  18.02 steps/s  |  41.7s elapsed  |  1461.1608 TFLOPs
  step  760/1920  |  17.96 steps/s  |  42.4s elapsed  |  1480.6170 TFLOPs
  step  770/1920  |  17.91 steps/s  |  43.0s elapsed  |  1500.0732 TFLOPs
  step  780/1920  |  17.88 steps/s  |  43.7s elapsed  |  1519.5294 TFLOPs
  step  790/1920  |  17.84 steps/s  |  44.3s elapsed  |  1538.9856 TFLOPs
  step  800/1920  |  17.76 steps/s  |  45.1s elapsed  |  1558.4418 TFLOPs
  step  810/1920  |  17.71 steps/s  |  45.8s elapsed  |  1577.8980 TFLOPs
  step  820/1920  |  17.65 steps/s  |  46.5s elapsed  |  1597.3542 TFLOPs
  step  830/1920  |  17.60 steps/s  |  47.2s elapsed  |  1616.8104 TFLOPs
  step  840/1920  |  17.55 steps/s  |  47.9s elapsed  |  1636.2666 TFLOPs
  step  850/1920  |  17.50 steps/s  |  48.6s elapsed  |  1655.7228 TFLOPs
  step  860/1920  |  17.46 steps/s  |  49.3s elapsed  |  1675.1790 TFLOPs
  step  870/1920  |  17.41 steps/s  |  50.0s elapsed  |  1694.6352 TFLOPs
  step  880/1920  |  17.38 steps/s  |  50.7s elapsed  |  1714.0914 TFLOPs
  step  890/1920  |  17.34 steps/s  |  51.4s elapsed  |  1733.5476 TFLOPs
  step  900/1920  |  17.30 steps/s  |  52.1s elapsed  |  1753.0038 TFLOPs
  step  910/1920  |  17.26 steps/s  |  52.8s elapsed  |  1772.4600 TFLOPs
  step  920/1920  |  17.20 steps/s  |  53.5s elapsed  |  1791.9162 TFLOPs
  step  930/1920  |  17.00 steps/s  |  54.8s elapsed  |  1811.3724 TFLOPs
  step  940/1920  |  16.75 steps/s  |  56.2s elapsed  |  1830.8286 TFLOPs
  step  950/1920  |  16.72 steps/s  |  56.9s elapsed  |  1850.2848 TFLOPs
  step  960/1920  |  16.70 steps/s  |  57.5s elapsed  |  1869.7410 TFLOPs
  step  970/1920  |  16.68 steps/s  |  58.2s elapsed  |  1889.1972 TFLOPs
  step  980/1920  |  16.65 steps/s  |  58.9s elapsed  |  1908.6534 TFLOPs
  step  990/1920  |  16.50 steps/s  |  60.1s elapsed  |  1928.1096 TFLOPs
  step 1000/1920  |  16.47 steps/s  |  60.8s elapsed  |  1947.5658 TFLOPs
  step 1010/1920  |  16.43 steps/s  |  61.5s elapsed  |  1967.0220 TFLOPs
  step 1020/1920  |  16.40 steps/s  |  62.3s elapsed  |  1986.4782 TFLOPs
  step 1030/1920  |  16.36 steps/s  |  63.0s elapsed  |  2005.9344 TFLOPs
  step 1040/1920  |  16.27 steps/s  |  64.0s elapsed  |  2025.3906 TFLOPs
  step 1050/1920  |  16.24 steps/s  |  64.7s elapsed  |  2044.8468 TFLOPs
  step 1060/1920  |  16.21 steps/s  |  65.5s elapsed  |  2064.3030 TFLOPs
  step 1070/1920  |  16.17 steps/s  |  66.2s elapsed  |  2083.7592 TFLOPs
  step 1080/1920  |  16.10 steps/s  |  67.1s elapsed  |  2103.2154 TFLOPs
  step 1090/1920  |  15.94 steps/s  |  68.4s elapsed  |  2122.6716 TFLOPs
  step 1100/1920  |  15.84 steps/s  |  69.5s elapsed  |  2142.1278 TFLOPs
  step 1110/1920  |  15.81 steps/s  |  70.3s elapsed  |  2161.5840 TFLOPs
  step 1120/1920  |  15.69 steps/s  |  71.5s elapsed  |  2181.0402 TFLOPs
  step 1130/1920  |  15.57 steps/s  |  72.6s elapsed  |  2200.4964 TFLOPs
  step 1140/1920  |  15.50 steps/s  |  73.6s elapsed  |  2219.9526 TFLOPs
  step 1150/1920  |  15.52 steps/s  |  74.2s elapsed  |  2239.4088 TFLOPs
  step 1160/1920  |  15.51 steps/s  |  74.9s elapsed  |  2258.8650 TFLOPs
  step 1170/1920  |  15.48 steps/s  |  75.6s elapsed  |  2278.3212 TFLOPs
  step 1180/1920  |  15.43 steps/s  |  76.5s elapsed  |  2297.7774 TFLOPs
  step 1190/1920  |  15.30 steps/s  |  77.9s elapsed  |  2317.2336 TFLOPs
  step 1200/1920  |  15.21 steps/s  |  79.0s elapsed  |  2336.6898 TFLOPs
  step 1210/1920  |  15.10 steps/s  |  80.2s elapsed  |  2356.1460 TFLOPs
  step 1220/1920  |  15.10 steps/s  |  80.9s elapsed  |  2375.6022 TFLOPs
  step 1230/1920  |  15.09 steps/s  |  81.6s elapsed  |  2395.0584 TFLOPs
  step 1240/1920  |  15.08 steps/s  |  82.3s elapsed  |  2414.5146 TFLOPs
  step 1250/1920  |  15.06 steps/s  |  83.0s elapsed  |  2433.9709 TFLOPs
  step 1260/1920  |  15.05 steps/s  |  83.8s elapsed  |  2453.4271 TFLOPs
  step 1270/1920  |  15.03 steps/s  |  84.5s elapsed  |  2472.8833 TFLOPs
  step 1280/1920  |  15.02 steps/s  |  85.3s elapsed  |  2492.3395 TFLOPs
  step 1290/1920  |  15.01 steps/s  |  86.0s elapsed  |  2511.7957 TFLOPs
  step 1300/1920  |  14.99 steps/s  |  86.8s elapsed  |  2531.2519 TFLOPs
  step 1310/1920  |  14.98 steps/s  |  87.5s elapsed  |  2550.7081 TFLOPs
  step 1320/1920  |  14.96 steps/s  |  88.3s elapsed  |  2570.1643 TFLOPs
  step 1330/1920  |  14.95 steps/s  |  89.0s elapsed  |  2589.6205 TFLOPs
  step 1340/1920  |  14.94 steps/s  |  89.8s elapsed  |  2609.0767 TFLOPs
  step 1350/1920  |  14.93 steps/s  |  90.5s elapsed  |  2628.5329 TFLOPs
  step 1360/1920  |  14.92 steps/s  |  91.2s elapsed  |  2647.9891 TFLOPs
  step 1370/1920  |  14.91 steps/s  |  92.0s elapsed  |  2667.4453 TFLOPs
  step 1380/1920  |  14.90 steps/s  |  92.7s elapsed  |  2686.9015 TFLOPs
  step 1390/1920  |  14.89 steps/s  |  93.4s elapsed  |  2706.3577 TFLOPs
  step 1400/1920  |  14.87 steps/s  |  94.2s elapsed  |  2725.8139 TFLOPs
  step 1410/1920  |  14.86 steps/s  |  95.0s elapsed  |  2745.2701 TFLOPs
  step 1420/1920  |  14.84 steps/s  |  95.7s elapsed  |  2764.7263 TFLOPs
  step 1430/1920  |  14.83 steps/s  |  96.5s elapsed  |  2784.1825 TFLOPs
  step 1440/1920  |  14.82 steps/s  |  97.2s elapsed  |  2803.6387 TFLOPs
  step 1450/1920  |  14.81 steps/s  |  98.0s elapsed  |  2823.0949 TFLOPs
  step 1460/1920  |  14.80 steps/s  |  98.7s elapsed  |  2842.5511 TFLOPs
  step 1470/1920  |  14.79 steps/s  |  99.5s elapsed  |  2862.0073 TFLOPs
  step 1480/1920  |  14.78 steps/s  |  100.2s elapsed  |  2881.4635 TFLOPs
  step 1490/1920  |  14.77 steps/s  |  101.0s elapsed  |  2900.9197 TFLOPs
  step 1500/1920  |  14.76 steps/s  |  101.7s elapsed  |  2920.3759 TFLOPs
  step 1510/1920  |  14.73 steps/s  |  102.6s elapsed  |  2939.8321 TFLOPs
  step 1520/1920  |  14.72 steps/s  |  103.3s elapsed  |  2959.2883 TFLOPs
  step 1530/1920  |  14.69 steps/s  |  104.2s elapsed  |  2978.7445 TFLOPs
  step 1540/1920  |  14.54 steps/s  |  106.0s elapsed  |  2998.2007 TFLOPs
  step 1550/1920  |  14.44 steps/s  |  107.4s elapsed  |  3017.6569 TFLOPs
  step 1560/1920  |  14.44 steps/s  |  108.1s elapsed  |  3037.1131 TFLOPs
  step 1570/1920  |  14.38 steps/s  |  109.2s elapsed  |  3056.5693 TFLOPs
  step 1580/1920  |  14.31 steps/s  |  110.5s elapsed  |  3076.0255 TFLOPs
  step 1590/1920  |  14.31 steps/s  |  111.2s elapsed  |  3095.4817 TFLOPs
  step 1600/1920  |  14.19 steps/s  |  112.8s elapsed  |  3114.9379 TFLOPs
  step 1610/1920  |  14.12 steps/s  |  114.1s elapsed  |  3134.3941 TFLOPs
  step 1620/1920  |  14.08 steps/s  |  115.1s elapsed  |  3153.8503 TFLOPs
  step 1630/1920  |  14.08 steps/s  |  115.8s elapsed  |  3173.3065 TFLOPs
  step 1640/1920  |  14.05 steps/s  |  116.8s elapsed  |  3192.7627 TFLOPs
  step 1650/1920  |  14.06 steps/s  |  117.5s elapsed  |  3212.2189 TFLOPs
  step 1660/1920  |  14.06 steps/s  |  118.1s elapsed  |  3231.6751 TFLOPs
  step 1670/1920  |  14.06 steps/s  |  118.9s elapsed  |  3251.1313 TFLOPs
  step 1680/1920  |  14.05 steps/s  |  119.6s elapsed  |  3270.5875 TFLOPs
  step 1690/1920  |  14.05 steps/s  |  120.4s elapsed  |  3290.0437 TFLOPs
  step 1700/1920  |  13.99 steps/s  |  121.5s elapsed  |  3309.4999 TFLOPs
  step 1710/1920  |  13.91 steps/s  |  123.0s elapsed  |  3328.9561 TFLOPs
  step 1720/1920  |  13.88 steps/s  |  124.0s elapsed  |  3348.4123 TFLOPs
  step 1730/1920  |  13.89 steps/s  |  124.6s elapsed  |  3367.8685 TFLOPs
  step 1740/1920  |  13.85 steps/s  |  125.7s elapsed  |  3387.3247 TFLOPs
  step 1750/1920  |  13.81 steps/s  |  126.8s elapsed  |  3406.7809 TFLOPs
  step 1760/1920  |  13.80 steps/s  |  127.6s elapsed  |  3426.2371 TFLOPs
  step 1770/1920  |  13.80 steps/s  |  128.3s elapsed  |  3445.6933 TFLOPs
  step 1780/1920  |  13.79 steps/s  |  129.2s elapsed  |  3465.1495 TFLOPs
  step 1790/1920  |  13.78 steps/s  |  130.0s elapsed  |  3484.6058 TFLOPs
  step 1800/1920  |  13.76 steps/s  |  130.8s elapsed  |  3504.0620 TFLOPs
  step 1810/1920  |  13.68 steps/s  |  132.4s elapsed  |  3523.5182 TFLOPs
  step 1820/1920  |  13.67 steps/s  |  133.2s elapsed  |  3542.9744 TFLOPs
  step 1830/1920  |  13.60 steps/s  |  134.6s elapsed  |  3562.4306 TFLOPs
  step 1840/1920  |  13.56 steps/s  |  135.8s elapsed  |  3581.8868 TFLOPs
  step 1850/1920  |  13.56 steps/s  |  136.5s elapsed  |  3601.3430 TFLOPs
  step 1860/1920  |  13.57 steps/s  |  137.1s elapsed  |  3620.7992 TFLOPs
  step 1870/1920  |  13.58 steps/s  |  137.8s elapsed  |  3640.2554 TFLOPs
  step 1880/1920  |  13.49 steps/s  |  139.5s elapsed  |  3659.7116 TFLOPs
  step 1890/1920  |  13.43 steps/s  |  140.8s elapsed  |  3679.1678 TFLOPs
  step 1900/1920  |  13.41 steps/s  |  141.8s elapsed  |  3698.6240 TFLOPs
  step 1910/1920  |  13.41 steps/s  |  142.5s elapsed  |  3718.0802 TFLOPs

[redteam] Done. 1920 steps in 143.2s (13.40 steps/s)
[redteam] Ground truth total : 3735.5908 TFLOPs
[redteam] Ground truth rate  : 26.0794 TFLOPS avg
[redteam] Compare 'Monitor est.' above to ground truth total.
[redteam] all-reduce probe: OK
  -> GT 3735.59 TFLOPs  | net 18229 J  | 145s  | gpu 97/97%  | NVLink 1229MB/step  | FRONTIER

[2/11] S4_d1024_s256_L6_b16  (fam S4)  fixed steps=960
  Launching: torchrun x2  --steps 960 --batch-size 16 --seq-len 256 --d-model 1024 --num-layers 6 --nhead 8 --dim-feedforward 4096 --precision fp16 --optimizer adamw
W0810 01:50:17.447000 323611 torch/distributed/run.py:766] 
W0810 01:50:17.447000 323611 torch/distributed/run.py:766] *****************************************
W0810 01:50:17.447000 323611 torch/distributed/run.py:766] Setting OMP_NUM_THREADS environment variable for each process to be 1 in default, to avoid your system being overloaded, please further tune the variable for optimal performance in your application as needed. 
W0810 01:50:17.447000 323611 torch/distributed/run.py:766] *****************************************
[redteam] Device : Tesla V100-SXM2-16GB × 2 (DDP)
[redteam] Config : steps=960, batch/gpu=16, global_batch=32, seq=256, d_model=1024, layers=6, nhead=8, ff=4096, precision=fp16, opt=adamw
[redteam] Params : 76626944 (76.6M)
[redteam] FLOPs/step/gpu (fwd+bwd) : 1945.620 GFLOPs
[redteam] Ground truth total    : 3735.5908 TFLOPs  (2 ranks)
[redteam] Starting workload...

  step    0/960  |  16.17 steps/s  |  0.1s elapsed  |  3.8912 TFLOPs
  step   10/960  |  11.18 steps/s  |  1.0s elapsed  |  42.8036 TFLOPs
  step   20/960  |  7.27 steps/s  |  2.9s elapsed  |  81.7160 TFLOPs
  step   30/960  |  6.14 steps/s  |  5.0s elapsed  |  120.6285 TFLOPs
  step   40/960  |  6.05 steps/s  |  6.8s elapsed  |  159.5409 TFLOPs
  step   50/960  |  5.80 steps/s  |  8.8s elapsed  |  198.4533 TFLOPs
  step   60/960  |  6.22 steps/s  |  9.8s elapsed  |  237.3657 TFLOPs
  step   70/960  |  6.29 steps/s  |  11.3s elapsed  |  276.2781 TFLOPs
  step   80/960  |  6.40 steps/s  |  12.7s elapsed  |  315.1905 TFLOPs
  step   90/960  |  6.03 steps/s  |  15.1s elapsed  |  354.1029 TFLOPs
  step  100/960  |  5.78 steps/s  |  17.5s elapsed  |  393.0153 TFLOPs
  step  110/960  |  5.53 steps/s  |  20.1s elapsed  |  431.9277 TFLOPs
  step  120/960  |  5.47 steps/s  |  22.1s elapsed  |  470.8401 TFLOPs
  step  130/960  |  5.40 steps/s  |  24.2s elapsed  |  509.7525 TFLOPs
  step  140/960  |  5.55 steps/s  |  25.4s elapsed  |  548.6649 TFLOPs
  step  150/960  |  5.45 steps/s  |  27.7s elapsed  |  587.5773 TFLOPs
  step  160/960  |  5.35 steps/s  |  30.1s elapsed  |  626.4897 TFLOPs
  step  170/960  |  5.49 steps/s  |  31.1s elapsed  |  665.4021 TFLOPs
  step  180/960  |  5.50 steps/s  |  32.9s elapsed  |  704.3145 TFLOPs
  step  190/960  |  5.42 steps/s  |  35.2s elapsed  |  743.2269 TFLOPs
  step  200/960  |  5.37 steps/s  |  37.5s elapsed  |  782.1393 TFLOPs
  step  210/960  |  5.45 steps/s  |  38.7s elapsed  |  821.0517 TFLOPs
  step  220/960  |  5.39 steps/s  |  41.0s elapsed  |  859.9641 TFLOPs
  step  230/960  |  5.23 steps/s  |  44.2s elapsed  |  898.8765 TFLOPs
  step  240/960  |  5.11 steps/s  |  47.2s elapsed  |  937.7889 TFLOPs
  step  250/960  |  5.10 steps/s  |  49.2s elapsed  |  976.7013 TFLOPs
  step  260/960  |  5.20 steps/s  |  50.2s elapsed  |  1015.6137 TFLOPs
  step  270/960  |  5.24 steps/s  |  51.7s elapsed  |  1054.5261 TFLOPs
  step  280/960  |  5.14 steps/s  |  54.7s elapsed  |  1093.4385 TFLOPs
  step  290/960  |  5.05 steps/s  |  57.7s elapsed  |  1132.3509 TFLOPs
  step  300/960  |  5.04 steps/s  |  59.7s elapsed  |  1171.2634 TFLOPs
  step  310/960  |  5.11 steps/s  |  60.9s elapsed  |  1210.1758 TFLOPs
  step  320/960  |  5.18 steps/s  |  61.9s elapsed  |  1249.0882 TFLOPs
  step  330/960  |  5.26 steps/s  |  62.9s elapsed  |  1288.0006 TFLOPs
  step  340/960  |  5.21 steps/s  |  65.5s elapsed  |  1326.9130 TFLOPs
  step  350/960  |  5.23 steps/s  |  67.2s elapsed  |  1365.8254 TFLOPs
  step  360/960  |  5.17 steps/s  |  69.9s elapsed  |  1404.7378 TFLOPs
  step  370/960  |  5.17 steps/s  |  71.7s elapsed  |  1443.6502 TFLOPs
  step  380/960  |  5.16 steps/s  |  73.8s elapsed  |  1482.5626 TFLOPs
  step  390/960  |  5.13 steps/s  |  76.3s elapsed  |  1521.4750 TFLOPs
  step  400/960  |  5.16 steps/s  |  77.8s elapsed  |  1560.3874 TFLOPs
  step  410/960  |  5.22 steps/s  |  78.8s elapsed  |  1599.2998 TFLOPs
  step  420/960  |  5.22 steps/s  |  80.6s elapsed  |  1638.2122 TFLOPs
  step  430/960  |  5.12 steps/s  |  84.1s elapsed  |  1677.1246 TFLOPs
  step  440/960  |  5.17 steps/s  |  85.3s elapsed  |  1716.0370 TFLOPs
  step  450/960  |  5.22 steps/s  |  86.5s elapsed  |  1754.9494 TFLOPs
  step  460/960  |  5.26 steps/s  |  87.7s elapsed  |  1793.8618 TFLOPs
  step  470/960  |  5.30 steps/s  |  88.9s elapsed  |  1832.7742 TFLOPs
  step  480/960  |  5.29 steps/s  |  90.9s elapsed  |  1871.6866 TFLOPs
  step  490/960  |  5.34 steps/s  |  91.9s elapsed  |  1910.5990 TFLOPs
  step  500/960  |  5.26 steps/s  |  95.3s elapsed  |  1949.5114 TFLOPs
  step  510/960  |  5.23 steps/s  |  97.7s elapsed  |  1988.4238 TFLOPs
  step  520/960  |  5.26 steps/s  |  99.0s elapsed  |  2027.3362 TFLOPs
  step  530/960  |  5.31 steps/s  |  100.0s elapsed  |  2066.2486 TFLOPs
  step  540/960  |  5.35 steps/s  |  101.0s elapsed  |  2105.1610 TFLOPs
  step  550/960  |  5.34 steps/s  |  103.1s elapsed  |  2144.0734 TFLOPs
  step  560/960  |  5.31 steps/s  |  105.6s elapsed  |  2182.9858 TFLOPs
  step  570/960  |  5.28 steps/s  |  108.1s elapsed  |  2221.8983 TFLOPs
  step  580/960  |  5.26 steps/s  |  110.6s elapsed  |  2260.8107 TFLOPs
  step  590/960  |  5.26 steps/s  |  112.3s elapsed  |  2299.7231 TFLOPs
  step  600/960  |  5.28 steps/s  |  113.8s elapsed  |  2338.6355 TFLOPs
  step  610/960  |  5.23 steps/s  |  116.7s elapsed  |  2377.5479 TFLOPs
  step  620/960  |  5.25 steps/s  |  118.2s elapsed  |  2416.4603 TFLOPs
  step  630/960  |  5.24 steps/s  |  120.5s elapsed  |  2455.3727 TFLOPs
  step  640/960  |  5.25 steps/s  |  122.2s elapsed  |  2494.2851 TFLOPs
  step  650/960  |  5.28 steps/s  |  123.2s elapsed  |  2533.1975 TFLOPs
  step  660/960  |  5.24 steps/s  |  126.0s elapsed  |  2572.1099 TFLOPs
  step  670/960  |  5.25 steps/s  |  127.9s elapsed  |  2611.0223 TFLOPs
  step  680/960  |  5.22 steps/s  |  130.4s elapsed  |  2649.9347 TFLOPs
  step  690/960  |  5.21 steps/s  |  132.7s elapsed  |  2688.8471 TFLOPs
  step  700/960  |  5.23 steps/s  |  133.9s elapsed  |  2727.7595 TFLOPs
  step  710/960  |  5.21 steps/s  |  136.3s elapsed  |  2766.6719 TFLOPs
  step  720/960  |  5.21 steps/s  |  138.4s elapsed  |  2805.5843 TFLOPs
  step  730/960  |  5.20 steps/s  |  140.6s elapsed  |  2844.4967 TFLOPs
  step  740/960  |  5.23 steps/s  |  141.6s elapsed  |  2883.4091 TFLOPs
  step  750/960  |  5.23 steps/s  |  143.7s elapsed  |  2922.3215 TFLOPs
  step  760/960  |  5.22 steps/s  |  145.9s elapsed  |  2961.2339 TFLOPs
  step  770/960  |  5.25 steps/s  |  146.9s elapsed  |  3000.1463 TFLOPs
  step  780/960  |  5.28 steps/s  |  148.0s elapsed  |  3039.0587 TFLOPs
  step  790/960  |  5.23 steps/s  |  151.4s elapsed  |  3077.9711 TFLOPs
  step  800/960  |  5.22 steps/s  |  153.4s elapsed  |  3116.8835 TFLOPs
  step  810/960  |  5.19 steps/s  |  156.3s elapsed  |  3155.7959 TFLOPs
  step  820/960  |  5.17 steps/s  |  158.8s elapsed  |  3194.7083 TFLOPs
  step  830/960  |  5.13 steps/s  |  161.9s elapsed  |  3233.6207 TFLOPs
  step  840/960  |  5.16 steps/s  |  162.9s elapsed  |  3272.5332 TFLOPs
  step  850/960  |  5.18 steps/s  |  164.4s elapsed  |  3311.4456 TFLOPs
  step  860/960  |  5.19 steps/s  |  165.9s elapsed  |  3350.3580 TFLOPs
  step  870/960  |  5.21 steps/s  |  167.2s elapsed  |  3389.2704 TFLOPs
  step  880/960  |  5.22 steps/s  |  168.6s elapsed  |  3428.1828 TFLOPs
  step  890/960  |  5.18 steps/s  |  172.0s elapsed  |  3467.0952 TFLOPs
  step  900/960  |  5.19 steps/s  |  173.6s elapsed  |  3506.0076 TFLOPs
  step  910/960  |  5.22 steps/s  |  174.6s elapsed  |  3544.9200 TFLOPs
  step  920/960  |  5.23 steps/s  |  176.1s elapsed  |  3583.8324 TFLOPs
  step  930/960  |  5.22 steps/s  |  178.3s elapsed  |  3622.7448 TFLOPs
  step  940/960  |  5.25 steps/s  |  179.3s elapsed  |  3661.6572 TFLOPs
  step  950/960  |  5.23 steps/s  |  181.8s elapsed  |  3700.5696 TFLOPs

[redteam] Done. 960 steps in 183.3s (5.24 steps/s)
[redteam] Ground truth total : 3735.5908 TFLOPs
[redteam] Ground truth rate  : 20.3803 TFLOPS avg
[redteam] Compare 'Monitor est.' above to ground truth total.
[redteam] all-reduce probe: OK
  -> GT 3735.59 TFLOPs  | net 18206 J  | 185s  | gpu 99/98%  | NVLink 1229MB/step  | FRONTIER

[3/11] S4_d1024_s256_L6_b32  (fam S4)  fixed steps=480
  Launching: torchrun x2  --steps 480 --batch-size 32 --seq-len 256 --d-model 1024 --num-layers 6 --nhead 8 --dim-feedforward 4096 --precision fp16 --optimizer adamw
W0810 01:53:27.269000 324897 torch/distributed/run.py:766] 
W0810 01:53:27.269000 324897 torch/distributed/run.py:766] *****************************************
W0810 01:53:27.269000 324897 torch/distributed/run.py:766] Setting OMP_NUM_THREADS environment variable for each process to be 1 in default, to avoid your system being overloaded, please further tune the variable for optimal performance in your application as needed. 
W0810 01:53:27.269000 324897 torch/distributed/run.py:766] *****************************************
[redteam] Device : Tesla V100-SXM2-16GB × 2 (DDP)
[redteam] Config : steps=480, batch/gpu=32, global_batch=64, seq=256, d_model=1024, layers=6, nhead=8, ff=4096, precision=fp16, opt=adamw
[redteam] Params : 76626944 (76.6M)
[redteam] FLOPs/step/gpu (fwd+bwd) : 3891.240 GFLOPs
[redteam] Ground truth total    : 3735.5908 TFLOPs  (2 ranks)
[redteam] Starting workload...

  step    0/480  |  7.52 steps/s  |  0.1s elapsed  |  7.7825 TFLOPs
  step   10/480  |  4.75 steps/s  |  2.3s elapsed  |  85.6073 TFLOPs
  step   20/480  |  4.54 steps/s  |  4.6s elapsed  |  163.4321 TFLOPs
  step   30/480  |  4.58 steps/s  |  6.8s elapsed  |  241.2569 TFLOPs
  step   40/480  |  3.83 steps/s  |  10.7s elapsed  |  319.0817 TFLOPs
  step   50/480  |  3.88 steps/s  |  13.1s elapsed  |  396.9065 TFLOPs
  step   60/480  |  3.64 steps/s  |  16.7s elapsed  |  474.7313 TFLOPs
  step   70/480  |  3.46 steps/s  |  20.5s elapsed  |  552.5561 TFLOPs
  step   80/480  |  3.44 steps/s  |  23.6s elapsed  |  630.3809 TFLOPs
  step   90/480  |  3.43 steps/s  |  26.5s elapsed  |  708.2057 TFLOPs
  step  100/480  |  3.43 steps/s  |  29.4s elapsed  |  786.0306 TFLOPs
  step  110/480  |  3.44 steps/s  |  32.3s elapsed  |  863.8554 TFLOPs
  step  120/480  |  3.30 steps/s  |  36.7s elapsed  |  941.6802 TFLOPs
  step  130/480  |  3.26 steps/s  |  40.2s elapsed  |  1019.5050 TFLOPs
  step  140/480  |  3.28 steps/s  |  43.0s elapsed  |  1097.3298 TFLOPs
  step  150/480  |  3.27 steps/s  |  46.2s elapsed  |  1175.1546 TFLOPs
  step  160/480  |  3.26 steps/s  |  49.4s elapsed  |  1252.9794 TFLOPs
  step  170/480  |  3.19 steps/s  |  53.6s elapsed  |  1330.8042 TFLOPs
  step  180/480  |  3.18 steps/s  |  56.8s elapsed  |  1408.6290 TFLOPs
  step  190/480  |  3.16 steps/s  |  60.4s elapsed  |  1486.4538 TFLOPs
  step  200/480  |  3.20 steps/s  |  62.8s elapsed  |  1564.2786 TFLOPs
  step  210/480  |  3.16 steps/s  |  66.7s elapsed  |  1642.1034 TFLOPs
  step  220/480  |  3.17 steps/s  |  69.8s elapsed  |  1719.9282 TFLOPs
  step  230/480  |  3.09 steps/s  |  74.6s elapsed  |  1797.7531 TFLOPs
  step  240/480  |  3.13 steps/s  |  77.1s elapsed  |  1875.5779 TFLOPs
  step  250/480  |  3.17 steps/s  |  79.3s elapsed  |  1953.4027 TFLOPs
  step  260/480  |  3.16 steps/s  |  82.5s elapsed  |  2031.2275 TFLOPs
  step  270/480  |  3.09 steps/s  |  87.7s elapsed  |  2109.0523 TFLOPs
  step  280/480  |  3.05 steps/s  |  92.1s elapsed  |  2186.8771 TFLOPs
  step  290/480  |  3.07 steps/s  |  94.9s elapsed  |  2264.7019 TFLOPs
  step  300/480  |  3.07 steps/s  |  98.1s elapsed  |  2342.5267 TFLOPs
  step  310/480  |  3.09 steps/s  |  100.5s elapsed  |  2420.3515 TFLOPs
  step  320/480  |  3.08 steps/s  |  104.4s elapsed  |  2498.1763 TFLOPs
  step  330/480  |  3.06 steps/s  |  108.2s elapsed  |  2576.0011 TFLOPs
  step  340/480  |  3.08 steps/s  |  110.9s elapsed  |  2653.8259 TFLOPs
  step  350/480  |  3.09 steps/s  |  113.8s elapsed  |  2731.6507 TFLOPs
  step  360/480  |  3.08 steps/s  |  117.2s elapsed  |  2809.4755 TFLOPs
  step  370/480  |  3.08 steps/s  |  120.4s elapsed  |  2887.3004 TFLOPs
  step  380/480  |  3.08 steps/s  |  123.8s elapsed  |  2965.1252 TFLOPs
  step  390/480  |  3.08 steps/s  |  127.1s elapsed  |  3042.9500 TFLOPs
  step  400/480  |  3.05 steps/s  |  131.4s elapsed  |  3120.7748 TFLOPs
  step  410/480  |  3.04 steps/s  |  135.2s elapsed  |  3198.5996 TFLOPs
  step  420/480  |  3.04 steps/s  |  138.4s elapsed  |  3276.4244 TFLOPs
  step  430/480  |  3.02 steps/s  |  142.8s elapsed  |  3354.2492 TFLOPs
  step  440/480  |  3.04 steps/s  |  145.1s elapsed  |  3432.0740 TFLOPs
  step  450/480  |  3.04 steps/s  |  148.2s elapsed  |  3509.8988 TFLOPs
  step  460/480  |  3.05 steps/s  |  151.3s elapsed  |  3587.7236 TFLOPs
  step  470/480  |  3.04 steps/s  |  154.8s elapsed  |  3665.5484 TFLOPs

[redteam] Done. 480 steps in 157.9s (3.04 steps/s)
[redteam] Ground truth total : 3735.5908 TFLOPs
[redteam] Ground truth rate  : 23.6518 TFLOPS avg
[redteam] Compare 'Monitor est.' above to ground truth total.
[redteam] all-reduce probe: OK
  -> GT 3735.59 TFLOPs  | net 15888 J  | 159s  | gpu 99/99%  | NVLink 1220MB/step  | FRONTIER

[4/11] S4_d1024_s256_L6_b64  (fam S4)  fixed steps=240
  Launching: torchrun x2  --steps 240 --batch-size 64 --seq-len 256 --d-model 1024 --num-layers 6 --nhead 8 --dim-feedforward 4096 --precision fp16 --optimizer adamw
W0810 01:56:11.778000 325980 torch/distributed/run.py:766] 
W0810 01:56:11.778000 325980 torch/distributed/run.py:766] *****************************************
W0810 01:56:11.778000 325980 torch/distributed/run.py:766] Setting OMP_NUM_THREADS environment variable for each process to be 1 in default, to avoid your system being overloaded, please further tune the variable for optimal performance in your application as needed. 
W0810 01:56:11.778000 325980 torch/distributed/run.py:766] *****************************************
[redteam] Device : Tesla V100-SXM2-16GB × 2 (DDP)
[redteam] Config : steps=240, batch/gpu=64, global_batch=128, seq=256, d_model=1024, layers=6, nhead=8, ff=4096, precision=fp16, opt=adamw
[redteam] Params : 76626944 (76.6M)
[redteam] FLOPs/step/gpu (fwd+bwd) : 7782.481 GFLOPs
[redteam] Ground truth total    : 3735.5908 TFLOPs  (2 ranks)
[redteam] Starting workload...

  step    0/240  |  1.86 steps/s  |  0.5s elapsed  |  15.5650 TFLOPs
  step   10/240  |  2.05 steps/s  |  5.4s elapsed  |  171.2146 TFLOPs
  step   20/240  |  1.75 steps/s  |  12.0s elapsed  |  326.8642 TFLOPs
  step   30/240  |  1.73 steps/s  |  17.9s elapsed  |  482.5138 TFLOPs
  step   40/240  |  1.69 steps/s  |  24.3s elapsed  |  638.1634 TFLOPs
  step   50/240  |  1.69 steps/s  |  30.2s elapsed  |  793.8130 TFLOPs
  step   60/240  |  1.68 steps/s  |  36.4s elapsed  |  949.4627 TFLOPs
  step   70/240  |  1.68 steps/s  |  42.3s elapsed  |  1105.1123 TFLOPs
  step   80/240  |  1.71 steps/s  |  47.4s elapsed  |  1260.7619 TFLOPs
  step   90/240  |  1.68 steps/s  |  54.3s elapsed  |  1416.4115 TFLOPs
  step  100/240  |  1.68 steps/s  |  60.1s elapsed  |  1572.0611 TFLOPs
  step  110/240  |  1.67 steps/s  |  66.6s elapsed  |  1727.7107 TFLOPs
  step  120/240  |  1.67 steps/s  |  72.5s elapsed  |  1883.3603 TFLOPs
  step  130/240  |  1.67 steps/s  |  78.3s elapsed  |  2039.0100 TFLOPs
  step  140/240  |  1.67 steps/s  |  84.6s elapsed  |  2194.6596 TFLOPs
  step  150/240  |  1.67 steps/s  |  90.4s elapsed  |  2350.3092 TFLOPs
  step  160/240  |  1.68 steps/s  |  96.0s elapsed  |  2505.9588 TFLOPs
  step  170/240  |  1.68 steps/s  |  101.8s elapsed  |  2661.6084 TFLOPs
  step  180/240  |  1.68 steps/s  |  107.5s elapsed  |  2817.2580 TFLOPs
  step  190/240  |  1.69 steps/s  |  112.7s elapsed  |  2972.9076 TFLOPs
  step  200/240  |  1.68 steps/s  |  119.3s elapsed  |  3128.5573 TFLOPs
  step  210/240  |  1.70 steps/s  |  124.5s elapsed  |  3284.2069 TFLOPs
  step  220/240  |  1.70 steps/s  |  130.3s elapsed  |  3439.8565 TFLOPs
  step  230/240  |  1.69 steps/s  |  136.3s elapsed  |  3595.5061 TFLOPs

[redteam] Done. 240 steps in 141.8s (1.69 steps/s)
[redteam] Ground truth total : 3735.5908 TFLOPs
[redteam] Ground truth rate  : 26.3517 TFLOPS avg
[redteam] Compare 'Monitor est.' above to ground truth total.
[redteam] all-reduce probe: OK
  -> GT 3735.59 TFLOPs  | net 14697 J  | 143s  | gpu 99/99%  | NVLink 1232MB/step  | FRONTIER

[5/11] S4_d1024_s256_L6_b128  (fam S4)  fixed steps=120
  Launching: torchrun x2  --steps 120 --batch-size 128 --seq-len 256 --d-model 1024 --num-layers 6 --nhead 8 --dim-feedforward 4096 --precision fp16 --optimizer adamw
W0810 01:58:40.830000 326977 torch/distributed/run.py:766] 
W0810 01:58:40.830000 326977 torch/distributed/run.py:766] *****************************************
W0810 01:58:40.830000 326977 torch/distributed/run.py:766] Setting OMP_NUM_THREADS environment variable for each process to be 1 in default, to avoid your system being overloaded, please further tune the variable for optimal performance in your application as needed. 
W0810 01:58:40.830000 326977 torch/distributed/run.py:766] *****************************************
[redteam] Device : Tesla V100-SXM2-16GB × 2 (DDP)
[redteam] Config : steps=120, batch/gpu=128, global_batch=256, seq=256, d_model=1024, layers=6, nhead=8, ff=4096, precision=fp16, opt=adamw
[redteam] Params : 76626944 (76.6M)
[redteam] FLOPs/step/gpu (fwd+bwd) : 15564.961 GFLOPs
[redteam] Ground truth total    : 3735.5908 TFLOPs  (2 ranks)
[redteam] Starting workload...

  step    0/120  |  0.73 steps/s  |  1.4s elapsed  |  31.1299 TFLOPs
  step   10/120  |  0.91 steps/s  |  12.1s elapsed  |  342.4292 TFLOPs
  step   20/120  |  0.90 steps/s  |  23.3s elapsed  |  653.7284 TFLOPs
  step   30/120  |  0.91 steps/s  |  34.1s elapsed  |  965.0276 TFLOPs
  step   40/120  |  0.91 steps/s  |  44.9s elapsed  |  1276.3268 TFLOPs
  step   50/120  |  0.91 steps/s  |  55.8s elapsed  |  1587.6261 TFLOPs
  step   60/120  |  0.91 steps/s  |  66.9s elapsed  |  1898.9253 TFLOPs
  step   70/120  |  0.92 steps/s  |  77.2s elapsed  |  2210.2245 TFLOPs
  step   80/120  |  0.92 steps/s  |  88.2s elapsed  |  2521.5238 TFLOPs
  step   90/120  |  0.92 steps/s  |  99.0s elapsed  |  2832.8230 TFLOPs
  step  100/120  |  0.92 steps/s  |  110.0s elapsed  |  3144.1222 TFLOPs
  step  110/120  |  0.92 steps/s  |  120.1s elapsed  |  3455.4214 TFLOPs

[redteam] Done. 120 steps in 130.8s (0.92 steps/s)
[redteam] Ground truth total : 3735.5908 TFLOPs
[redteam] Ground truth rate  : 28.5601 TFLOPS avg
[redteam] Compare 'Monitor est.' above to ground truth total.
[redteam] all-reduce probe: OK
  -> GT 3735.59 TFLOPs  | net 13204 J  | 132s  | gpu 99/99%  | NVLink 1231MB/step  | FRONTIER

[6/11] S3_d1024_s512_b16_L12_h1  (fam S3)  fixed steps=120
  Launching: torchrun x2  --steps 120 --batch-size 16 --seq-len 512 --d-model 1024 --num-layers 12 --nhead 1 --dim-feedforward 4096 --precision fp16 --optimizer adamw
W0810 02:00:58.989000 327959 torch/distributed/run.py:766] 
W0810 02:00:58.989000 327959 torch/distributed/run.py:766] *****************************************
W0810 02:00:58.989000 327959 torch/distributed/run.py:766] Setting OMP_NUM_THREADS environment variable for each process to be 1 in default, to avoid your system being overloaded, please further tune the variable for optimal performance in your application as needed. 
W0810 02:00:58.989000 327959 torch/distributed/run.py:766] *****************************************
[redteam] Device : Tesla V100-SXM2-16GB × 2 (DDP)
[redteam] Config : steps=120, batch/gpu=16, global_batch=32, seq=512, d_model=1024, layers=12, nhead=1, ff=4096, precision=fp16, opt=adamw
/home/will/verification-games/.venv/lib/python3.12/site-packages/torch/nn/modules/transformer.py:382: UserWarning: enable_nested_tensor is True, but self.use_nested_tensor is False because encoder_layer.self_attn.num_heads is odd
  warnings.warn(
/home/will/verification-games/.venv/lib/python3.12/site-packages/torch/nn/modules/transformer.py:382: UserWarning: enable_nested_tensor is True, but self.use_nested_tensor is False because encoder_layer.self_attn.num_heads is odd
  warnings.warn(
[redteam] Params : 152204288 (152.2M)
[redteam] FLOPs/step/gpu (fwd+bwd) : 8143.258 GFLOPs
[redteam] Ground truth total    : 1954.3819 TFLOPs  (2 ranks)
[redteam] Starting workload...

  step    0/120  |  3.38 steps/s  |  0.3s elapsed  |  16.2865 TFLOPs
  step   10/120  |  1.82 steps/s  |  6.0s elapsed  |  179.1517 TFLOPs
  step   20/120  |  1.87 steps/s  |  11.2s elapsed  |  342.0168 TFLOPs
  step   30/120  |  1.75 steps/s  |  17.7s elapsed  |  504.8820 TFLOPs
  step   40/120  |  1.67 steps/s  |  24.5s elapsed  |  667.7472 TFLOPs
  step   50/120  |  1.66 steps/s  |  30.8s elapsed  |  830.6123 TFLOPs
  step   60/120  |  1.60 steps/s  |  38.1s elapsed  |  993.4775 TFLOPs
  step   70/120  |  1.61 steps/s  |  44.1s elapsed  |  1156.3426 TFLOPs
  step   80/120  |  1.62 steps/s  |  49.9s elapsed  |  1319.2078 TFLOPs
  step   90/120  |  1.61 steps/s  |  56.6s elapsed  |  1482.0730 TFLOPs
  step  100/120  |  1.59 steps/s  |  63.4s elapsed  |  1644.9381 TFLOPs
  step  110/120  |  1.59 steps/s  |  69.6s elapsed  |  1807.8033 TFLOPs

[redteam] Done. 120 steps in 75.9s (1.58 steps/s)
[redteam] Ground truth total : 1954.3819 TFLOPs
[redteam] Ground truth rate  : 25.7622 TFLOPS avg
[redteam] Compare 'Monitor est.' above to ground truth total.
[redteam] all-reduce probe: OK
  -> GT 1954.38 TFLOPs  | net 8090 J  | 78s  | gpu 98/97%  | NVLink 2481MB/step  | FRONTIER

[7/11] S3_d1024_s512_b16_L12_h2  (fam S3)  fixed steps=120
  Launching: torchrun x2  --steps 120 --batch-size 16 --seq-len 512 --d-model 1024 --num-layers 12 --nhead 2 --dim-feedforward 4096 --precision fp16 --optimizer adamw
W0810 02:02:22.446000 328482 torch/distributed/run.py:766] 
W0810 02:02:22.446000 328482 torch/distributed/run.py:766] *****************************************
W0810 02:02:22.446000 328482 torch/distributed/run.py:766] Setting OMP_NUM_THREADS environment variable for each process to be 1 in default, to avoid your system being overloaded, please further tune the variable for optimal performance in your application as needed. 
W0810 02:02:22.446000 328482 torch/distributed/run.py:766] *****************************************
[redteam] Device : Tesla V100-SXM2-16GB × 2 (DDP)
[redteam] Config : steps=120, batch/gpu=16, global_batch=32, seq=512, d_model=1024, layers=12, nhead=2, ff=4096, precision=fp16, opt=adamw
[redteam] Params : 152204288 (152.2M)
[redteam] FLOPs/step/gpu (fwd+bwd) : 8143.258 GFLOPs
[redteam] Ground truth total    : 1954.3819 TFLOPs  (2 ranks)
[redteam] Starting workload...

  step    0/120  |  3.14 steps/s  |  0.3s elapsed  |  16.2865 TFLOPs
  step   10/120  |  1.72 steps/s  |  6.4s elapsed  |  179.1517 TFLOPs
  step   20/120  |  1.64 steps/s  |  12.8s elapsed  |  342.0168 TFLOPs
  step   30/120  |  1.68 steps/s  |  18.4s elapsed  |  504.8820 TFLOPs
  step   40/120  |  1.65 steps/s  |  24.9s elapsed  |  667.7472 TFLOPs
  step   50/120  |  1.64 steps/s  |  31.1s elapsed  |  830.6123 TFLOPs
  step   60/120  |  1.59 steps/s  |  38.3s elapsed  |  993.4775 TFLOPs
  step   70/120  |  1.58 steps/s  |  44.8s elapsed  |  1156.3426 TFLOPs
  step   80/120  |  1.57 steps/s  |  51.5s elapsed  |  1319.2078 TFLOPs
  step   90/120  |  1.58 steps/s  |  57.8s elapsed  |  1482.0730 TFLOPs
  step  100/120  |  1.58 steps/s  |  63.9s elapsed  |  1644.9381 TFLOPs
  step  110/120  |  1.57 steps/s  |  70.7s elapsed  |  1807.8033 TFLOPs

[redteam] Done. 120 steps in 77.3s (1.55 steps/s)
[redteam] Ground truth total : 1954.3819 TFLOPs
[redteam] Ground truth rate  : 25.2814 TFLOPS avg
[redteam] Compare 'Monitor est.' above to ground truth total.
[redteam] all-reduce probe: OK
  -> GT 1954.38 TFLOPs  | net 7977 J  | 79s  | gpu 98/98%  | NVLink 2435MB/step  | FRONTIER

[8/11] S3_d1024_s512_b16_L12_h8  (fam S3)  fixed steps=120
  Launching: torchrun x2  --steps 120 --batch-size 16 --seq-len 512 --d-model 1024 --num-layers 12 --nhead 8 --dim-feedforward 4096 --precision fp16 --optimizer adamw
W0810 02:03:47.198000 329083 torch/distributed/run.py:766] 
W0810 02:03:47.198000 329083 torch/distributed/run.py:766] *****************************************
W0810 02:03:47.198000 329083 torch/distributed/run.py:766] Setting OMP_NUM_THREADS environment variable for each process to be 1 in default, to avoid your system being overloaded, please further tune the variable for optimal performance in your application as needed. 
W0810 02:03:47.198000 329083 torch/distributed/run.py:766] *****************************************
[redteam] Device : Tesla V100-SXM2-16GB × 2 (DDP)
[redteam] Config : steps=120, batch/gpu=16, global_batch=32, seq=512, d_model=1024, layers=12, nhead=8, ff=4096, precision=fp16, opt=adamw
[redteam] Params : 152204288 (152.2M)
[redteam] FLOPs/step/gpu (fwd+bwd) : 8143.258 GFLOPs
[redteam] Ground truth total    : 1954.3819 TFLOPs  (2 ranks)
[redteam] Starting workload...

  step    0/120  |  3.17 steps/s  |  0.3s elapsed  |  16.2865 TFLOPs
  step   10/120  |  1.71 steps/s  |  6.4s elapsed  |  179.1517 TFLOPs
  step   20/120  |  1.80 steps/s  |  11.7s elapsed  |  342.0168 TFLOPs
  step   30/120  |  1.63 steps/s  |  19.0s elapsed  |  504.8820 TFLOPs
  step   40/120  |  1.64 steps/s  |  25.0s elapsed  |  667.7472 TFLOPs
  step   50/120  |  1.55 steps/s  |  32.9s elapsed  |  830.6123 TFLOPs
  step   60/120  |  1.56 steps/s  |  39.2s elapsed  |  993.4775 TFLOPs
  step   70/120  |  1.57 steps/s  |  45.3s elapsed  |  1156.3426 TFLOPs
  step   80/120  |  1.55 steps/s  |  52.2s elapsed  |  1319.2078 TFLOPs
  step   90/120  |  1.56 steps/s  |  58.4s elapsed  |  1482.0730 TFLOPs
  step  100/120  |  1.55 steps/s  |  65.1s elapsed  |  1644.9381 TFLOPs
  step  110/120  |  1.54 steps/s  |  72.3s elapsed  |  1807.8033 TFLOPs

[redteam] Done. 120 steps in 78.2s (1.53 steps/s)
[redteam] Ground truth total : 1954.3819 TFLOPs
[redteam] Ground truth rate  : 24.9980 TFLOPS avg
[redteam] Compare 'Monitor est.' above to ground truth total.
[redteam] all-reduce probe: OK
  -> GT 1954.38 TFLOPs  | net 8398 J  | 80s  | gpu 98/98%  | NVLink 2430MB/step  | FRONTIER

[9/11] S3_d1024_s512_b16_L12_h32  (fam S3)  fixed steps=120
  Launching: torchrun x2  --steps 120 --batch-size 16 --seq-len 512 --d-model 1024 --num-layers 12 --nhead 32 --dim-feedforward 4096 --precision fp16 --optimizer adamw
W0810 02:05:12.741000 329715 torch/distributed/run.py:766] 
W0810 02:05:12.741000 329715 torch/distributed/run.py:766] *****************************************
W0810 02:05:12.741000 329715 torch/distributed/run.py:766] Setting OMP_NUM_THREADS environment variable for each process to be 1 in default, to avoid your system being overloaded, please further tune the variable for optimal performance in your application as needed. 
W0810 02:05:12.741000 329715 torch/distributed/run.py:766] *****************************************
[redteam] Device : Tesla V100-SXM2-16GB × 2 (DDP)
[redteam] Config : steps=120, batch/gpu=16, global_batch=32, seq=512, d_model=1024, layers=12, nhead=32, ff=4096, precision=fp16, opt=adamw
[redteam] Params : 152204288 (152.2M)
[redteam] FLOPs/step/gpu (fwd+bwd) : 8143.258 GFLOPs
[redteam] Ground truth total    : 1954.3819 TFLOPs  (2 ranks)
[redteam] Starting workload...

  step    0/120  |  2.74 steps/s  |  0.4s elapsed  |  16.2865 TFLOPs
  step   10/120  |  1.64 steps/s  |  6.7s elapsed  |  179.1517 TFLOPs
  step   20/120  |  1.57 steps/s  |  13.4s elapsed  |  342.0168 TFLOPs
  step   30/120  |  1.58 steps/s  |  19.6s elapsed  |  504.8820 TFLOPs
  step   40/120  |  1.54 steps/s  |  26.6s elapsed  |  667.7472 TFLOPs
  step   50/120  |  1.53 steps/s  |  33.4s elapsed  |  830.6123 TFLOPs
  step   60/120  |  1.48 steps/s  |  41.1s elapsed  |  993.4775 TFLOPs
  step   70/120  |  1.46 steps/s  |  48.8s elapsed  |  1156.3426 TFLOPs
  step   80/120  |  1.45 steps/s  |  55.9s elapsed  |  1319.2078 TFLOPs
  step   90/120  |  1.46 steps/s  |  62.2s elapsed  |  1482.0730 TFLOPs
  step  100/120  |  1.46 steps/s  |  69.3s elapsed  |  1644.9381 TFLOPs
  step  110/120  |  1.45 steps/s  |  76.3s elapsed  |  1807.8033 TFLOPs

[redteam] Done. 120 steps in 83.6s (1.44 steps/s)
[redteam] Ground truth total : 1954.3819 TFLOPs
[redteam] Ground truth rate  : 23.3729 TFLOPS avg
[redteam] Compare 'Monitor est.' above to ground truth total.
[redteam] all-reduce probe: OK
  -> GT 1954.38 TFLOPs  | net 8953 J  | 85s  | gpu 99/98%  | NVLink 2609MB/step  | FRONTIER

[10/11] S3_d1024_s512_b16_L12_h64  (fam S3)  fixed steps=120
  Launching: torchrun x2  --steps 120 --batch-size 16 --seq-len 512 --d-model 1024 --num-layers 12 --nhead 64 --dim-feedforward 4096 --precision fp16 --optimizer adamw
W0810 02:06:43.644000 330164 torch/distributed/run.py:766] 
W0810 02:06:43.644000 330164 torch/distributed/run.py:766] *****************************************
W0810 02:06:43.644000 330164 torch/distributed/run.py:766] Setting OMP_NUM_THREADS environment variable for each process to be 1 in default, to avoid your system being overloaded, please further tune the variable for optimal performance in your application as needed. 
W0810 02:06:43.644000 330164 torch/distributed/run.py:766] *****************************************
[redteam] Device : Tesla V100-SXM2-16GB × 2 (DDP)
[redteam] Config : steps=120, batch/gpu=16, global_batch=32, seq=512, d_model=1024, layers=12, nhead=64, ff=4096, precision=fp16, opt=adamw
[redteam] Params : 152204288 (152.2M)
[redteam] FLOPs/step/gpu (fwd+bwd) : 8143.258 GFLOPs
[redteam] Ground truth total    : 1954.3819 TFLOPs  (2 ranks)
[redteam] Starting workload...

  step    0/120  |  2.22 steps/s  |  0.5s elapsed  |  16.2865 TFLOPs
  step   10/120  |  1.19 steps/s  |  9.2s elapsed  |  179.1517 TFLOPs
  step   20/120  |  1.17 steps/s  |  17.9s elapsed  |  342.0168 TFLOPs
  step   30/120  |  1.19 steps/s  |  26.2s elapsed  |  504.8820 TFLOPs
  step   40/120  |  1.19 steps/s  |  34.6s elapsed  |  667.7472 TFLOPs
  step   50/120  |  1.19 steps/s  |  43.0s elapsed  |  830.6123 TFLOPs
  step   60/120  |  1.18 steps/s  |  51.8s elapsed  |  993.4775 TFLOPs
  step   70/120  |  1.17 steps/s  |  60.5s elapsed  |  1156.3426 TFLOPs
  step   80/120  |  1.17 steps/s  |  69.4s elapsed  |  1319.2078 TFLOPs
  step   90/120  |  1.19 steps/s  |  76.8s elapsed  |  1482.0730 TFLOPs
  step  100/120  |  1.19 steps/s  |  84.9s elapsed  |  1644.9381 TFLOPs
  step  110/120  |  1.19 steps/s  |  92.9s elapsed  |  1807.8033 TFLOPs

[redteam] Done. 120 steps in 100.6s (1.19 steps/s)
[redteam] Ground truth total : 1954.3819 TFLOPs
[redteam] Ground truth rate  : 19.4214 TFLOPS avg
[redteam] Compare 'Monitor est.' above to ground truth total.
[redteam] all-reduce probe: OK
  -> GT 1954.38 TFLOPs  | net 10124 J  | 102s  | gpu 98/98%  | NVLink 2453MB/step  | FRONTIER

[11/11] S3_d1024_s512_b16_L12_sgd  (fam S3)  fixed steps=120
  Launching: torchrun x2  --steps 120 --batch-size 16 --seq-len 512 --d-model 1024 --num-layers 12 --nhead 8 --dim-feedforward 4096 --precision fp16 --optimizer sgd
W0810 02:08:31.799000 330709 torch/distributed/run.py:766] 
W0810 02:08:31.799000 330709 torch/distributed/run.py:766] *****************************************
W0810 02:08:31.799000 330709 torch/distributed/run.py:766] Setting OMP_NUM_THREADS environment variable for each process to be 1 in default, to avoid your system being overloaded, please further tune the variable for optimal performance in your application as needed. 
W0810 02:08:31.799000 330709 torch/distributed/run.py:766] *****************************************
[redteam] Device : Tesla V100-SXM2-16GB × 2 (DDP)
[redteam] Config : steps=120, batch/gpu=16, global_batch=32, seq=512, d_model=1024, layers=12, nhead=8, ff=4096, precision=fp16, opt=sgd
[redteam] Params : 152204288 (152.2M)
[redteam] FLOPs/step/gpu (fwd+bwd) : 8143.258 GFLOPs
[redteam] Ground truth total    : 1954.3819 TFLOPs  (2 ranks)
[redteam] Starting workload...

  step    0/120  |  3.39 steps/s  |  0.3s elapsed  |  16.2865 TFLOPs
  step   10/120  |  2.18 steps/s  |  5.1s elapsed  |  179.1517 TFLOPs
  step   20/120  |  1.82 steps/s  |  11.6s elapsed  |  342.0168 TFLOPs
  step   30/120  |  1.66 steps/s  |  18.6s elapsed  |  504.8820 TFLOPs
  step   40/120  |  1.63 steps/s  |  25.1s elapsed  |  667.7472 TFLOPs
  step   50/120  |  1.64 steps/s  |  31.1s elapsed  |  830.6123 TFLOPs
  step   60/120  |  1.61 steps/s  |  38.0s elapsed  |  993.4775 TFLOPs
  step   70/120  |  1.57 steps/s  |  45.1s elapsed  |  1156.3426 TFLOPs
  step   80/120  |  1.56 steps/s  |  51.9s elapsed  |  1319.2078 TFLOPs
  step   90/120  |  1.56 steps/s  |  58.5s elapsed  |  1482.0730 TFLOPs
  step  100/120  |  1.52 steps/s  |  66.5s elapsed  |  1644.9381 TFLOPs
  step  110/120  |  1.54 steps/s  |  72.0s elapsed  |  1807.8033 TFLOPs

[redteam] Done. 120 steps in 78.3s (1.53 steps/s)
[redteam] Ground truth total : 1954.3819 TFLOPs
[redteam] Ground truth rate  : 24.9647 TFLOPS avg
[redteam] Compare 'Monitor est.' above to ground truth total.
[redteam] all-reduce probe: OK
  -> GT 1954.38 TFLOPs  | net 8267 J  | 80s  | gpu 98/98%  | NVLink 2451MB/step  | FRONTIER
Records JSON written to /home/will/verification-games/red_team/red_v3_trial3_records.json
=== RED TRIAL 3: done (2026-08-10 02:09:55) ===

==================================================================
=== RED TRIAL 4/10 -> /home/will/verification-games/red_team/red_v3_trial4_records.json
    (2026-08-10 02:09:55)
==================================================================
nvidia-smi power/util OK (GPUs [0, 1]).
DCGM DRAM-active (field 1005) OK.
DCGM NVLink/PCIe (fields 1009-1012) OK.
Configs: red_team.redteam_configs:RED_CONFIGS — 11 entries

Measuring single idle baseline (90s). Ensure no GPU workloads are running.
  [baseline] sampling idle for 90s ...
  [baseline] 168 samples  |  median 99380.0 mW  stdev 2068.4 mW (both GPUs)
Idle baseline: 99380.0 mW (both GPUs)  (n=168, stdev=2068.4 mW)  — shared by ALL workloads

[1/11] S4_d1024_s256_L6_b8  (fam S4)  fixed steps=1920
  Launching: torchrun x2  --steps 1920 --batch-size 8 --seq-len 256 --d-model 1024 --num-layers 6 --nhead 8 --dim-feedforward 4096 --precision fp16 --optimizer adamw
W0810 02:11:32.538000 331780 torch/distributed/run.py:766] 
W0810 02:11:32.538000 331780 torch/distributed/run.py:766] *****************************************
W0810 02:11:32.538000 331780 torch/distributed/run.py:766] Setting OMP_NUM_THREADS environment variable for each process to be 1 in default, to avoid your system being overloaded, please further tune the variable for optimal performance in your application as needed. 
W0810 02:11:32.538000 331780 torch/distributed/run.py:766] *****************************************
[redteam] Device : Tesla V100-SXM2-16GB × 2 (DDP)
[redteam] Config : steps=1920, batch/gpu=8, global_batch=16, seq=256, d_model=1024, layers=6, nhead=8, ff=4096, precision=fp16, opt=adamw
[redteam] Params : 76626944 (76.6M)
[redteam] FLOPs/step/gpu (fwd+bwd) : 972.810 GFLOPs
[redteam] Ground truth total    : 3735.5908 TFLOPs  (2 ranks)
[redteam] Starting workload...

  step    0/1920  |  24.48 steps/s  |  0.0s elapsed  |  1.9456 TFLOPs
  step   10/1920  |  20.47 steps/s  |  0.5s elapsed  |  21.4018 TFLOPs
  step   20/1920  |  21.02 steps/s  |  1.0s elapsed  |  40.8580 TFLOPs
  step   30/1920  |  21.23 steps/s  |  1.5s elapsed  |  60.3142 TFLOPs
  step   40/1920  |  21.35 steps/s  |  1.9s elapsed  |  79.7704 TFLOPs
  step   50/1920  |  21.42 steps/s  |  2.4s elapsed  |  99.2266 TFLOPs
  step   60/1920  |  21.48 steps/s  |  2.8s elapsed  |  118.6828 TFLOPs
  step   70/1920  |  21.50 steps/s  |  3.3s elapsed  |  138.1390 TFLOPs
  step   80/1920  |  21.50 steps/s  |  3.8s elapsed  |  157.5952 TFLOPs
  step   90/1920  |  21.54 steps/s  |  4.2s elapsed  |  177.0514 TFLOPs
  step  100/1920  |  21.56 steps/s  |  4.7s elapsed  |  196.5076 TFLOPs
  step  110/1920  |  21.58 steps/s  |  5.1s elapsed  |  215.9638 TFLOPs
  step  120/1920  |  21.58 steps/s  |  5.6s elapsed  |  235.4200 TFLOPs
  step  130/1920  |  21.59 steps/s  |  6.1s elapsed  |  254.8762 TFLOPs
  step  140/1920  |  21.60 steps/s  |  6.5s elapsed  |  274.3324 TFLOPs
  step  150/1920  |  21.60 steps/s  |  7.0s elapsed  |  293.7886 TFLOPs
  step  160/1920  |  21.60 steps/s  |  7.5s elapsed  |  313.2448 TFLOPs
  step  170/1920  |  21.61 steps/s  |  7.9s elapsed  |  332.7011 TFLOPs
  step  180/1920  |  21.61 steps/s  |  8.4s elapsed  |  352.1573 TFLOPs
  step  190/1920  |  21.60 steps/s  |  8.8s elapsed  |  371.6135 TFLOPs
  step  200/1920  |  21.51 steps/s  |  9.3s elapsed  |  391.0697 TFLOPs
  step  210/1920  |  21.45 steps/s  |  9.8s elapsed  |  410.5259 TFLOPs
  step  220/1920  |  21.37 steps/s  |  10.3s elapsed  |  429.9821 TFLOPs
  step  230/1920  |  21.29 steps/s  |  10.8s elapsed  |  449.4383 TFLOPs
  step  240/1920  |  21.20 steps/s  |  11.4s elapsed  |  468.8945 TFLOPs
  step  250/1920  |  21.08 steps/s  |  11.9s elapsed  |  488.3507 TFLOPs
  step  260/1920  |  20.99 steps/s  |  12.4s elapsed  |  507.8069 TFLOPs
  step  270/1920  |  20.91 steps/s  |  13.0s elapsed  |  527.2631 TFLOPs
  step  280/1920  |  20.87 steps/s  |  13.5s elapsed  |  546.7193 TFLOPs
  step  290/1920  |  20.83 steps/s  |  14.0s elapsed  |  566.1755 TFLOPs
  step  300/1920  |  20.77 steps/s  |  14.5s elapsed  |  585.6317 TFLOPs
  step  310/1920  |  20.72 steps/s  |  15.0s elapsed  |  605.0879 TFLOPs
  step  320/1920  |  20.66 steps/s  |  15.5s elapsed  |  624.5441 TFLOPs
  step  330/1920  |  20.62 steps/s  |  16.1s elapsed  |  644.0003 TFLOPs
  step  340/1920  |  20.57 steps/s  |  16.6s elapsed  |  663.4565 TFLOPs
  step  350/1920  |  20.53 steps/s  |  17.1s elapsed  |  682.9127 TFLOPs
  step  360/1920  |  20.50 steps/s  |  17.6s elapsed  |  702.3689 TFLOPs
  step  370/1920  |  20.46 steps/s  |  18.1s elapsed  |  721.8251 TFLOPs
  step  380/1920  |  20.42 steps/s  |  18.7s elapsed  |  741.2813 TFLOPs
  step  390/1920  |  20.37 steps/s  |  19.2s elapsed  |  760.7375 TFLOPs
  step  400/1920  |  20.28 steps/s  |  19.8s elapsed  |  780.1937 TFLOPs
  step  410/1920  |  20.19 steps/s  |  20.4s elapsed  |  799.6499 TFLOPs
  step  420/1920  |  20.10 steps/s  |  20.9s elapsed  |  819.1061 TFLOPs
  step  430/1920  |  20.05 steps/s  |  21.5s elapsed  |  838.5623 TFLOPs
  step  440/1920  |  19.97 steps/s  |  22.1s elapsed  |  858.0185 TFLOPs
  step  450/1920  |  19.87 steps/s  |  22.7s elapsed  |  877.4747 TFLOPs
  step  460/1920  |  19.78 steps/s  |  23.3s elapsed  |  896.9309 TFLOPs
  step  470/1920  |  19.69 steps/s  |  23.9s elapsed  |  916.3871 TFLOPs
  step  480/1920  |  19.58 steps/s  |  24.6s elapsed  |  935.8433 TFLOPs
  step  490/1920  |  19.55 steps/s  |  25.1s elapsed  |  955.2995 TFLOPs
  step  500/1920  |  19.52 steps/s  |  25.7s elapsed  |  974.7557 TFLOPs
  step  510/1920  |  19.49 steps/s  |  26.2s elapsed  |  994.2119 TFLOPs
  step  520/1920  |  19.48 steps/s  |  26.7s elapsed  |  1013.6681 TFLOPs
  step  530/1920  |  19.45 steps/s  |  27.3s elapsed  |  1033.1243 TFLOPs
  step  540/1920  |  19.36 steps/s  |  27.9s elapsed  |  1052.5805 TFLOPs
  step  550/1920  |  19.29 steps/s  |  28.6s elapsed  |  1072.0367 TFLOPs
  step  560/1920  |  19.20 steps/s  |  29.2s elapsed  |  1091.4929 TFLOPs
  step  570/1920  |  19.14 steps/s  |  29.8s elapsed  |  1110.9491 TFLOPs
  step  580/1920  |  19.08 steps/s  |  30.5s elapsed  |  1130.4053 TFLOPs
  step  590/1920  |  19.00 steps/s  |  31.1s elapsed  |  1149.8615 TFLOPs
  step  600/1920  |  18.93 steps/s  |  31.7s elapsed  |  1169.3177 TFLOPs
  step  610/1920  |  18.87 steps/s  |  32.4s elapsed  |  1188.7739 TFLOPs
  step  620/1920  |  18.77 steps/s  |  33.1s elapsed  |  1208.2301 TFLOPs
  step  630/1920  |  18.72 steps/s  |  33.7s elapsed  |  1227.6863 TFLOPs
  step  640/1920  |  18.62 steps/s  |  34.4s elapsed  |  1247.1425 TFLOPs
  step  650/1920  |  18.56 steps/s  |  35.1s elapsed  |  1266.5987 TFLOPs
  step  660/1920  |  18.49 steps/s  |  35.7s elapsed  |  1286.0549 TFLOPs
  step  670/1920  |  18.43 steps/s  |  36.4s elapsed  |  1305.5111 TFLOPs
  step  680/1920  |  18.36 steps/s  |  37.1s elapsed  |  1324.9673 TFLOPs
  step  690/1920  |  18.31 steps/s  |  37.7s elapsed  |  1344.4235 TFLOPs
  step  700/1920  |  18.25 steps/s  |  38.4s elapsed  |  1363.8797 TFLOPs
  step  710/1920  |  18.20 steps/s  |  39.1s elapsed  |  1383.3360 TFLOPs
  step  720/1920  |  18.18 steps/s  |  39.7s elapsed  |  1402.7922 TFLOPs
  step  730/1920  |  18.10 steps/s  |  40.4s elapsed  |  1422.2484 TFLOPs
  step  740/1920  |  18.06 steps/s  |  41.0s elapsed  |  1441.7046 TFLOPs
  step  750/1920  |  18.02 steps/s  |  41.7s elapsed  |  1461.1608 TFLOPs
  step  760/1920  |  17.95 steps/s  |  42.4s elapsed  |  1480.6170 TFLOPs
  step  770/1920  |  17.89 steps/s  |  43.1s elapsed  |  1500.0732 TFLOPs
  step  780/1920  |  17.86 steps/s  |  43.7s elapsed  |  1519.5294 TFLOPs
  step  790/1920  |  17.81 steps/s  |  44.4s elapsed  |  1538.9856 TFLOPs
  step  800/1920  |  17.76 steps/s  |  45.1s elapsed  |  1558.4418 TFLOPs
  step  810/1920  |  17.72 steps/s  |  45.8s elapsed  |  1577.8980 TFLOPs
  step  820/1920  |  17.68 steps/s  |  46.4s elapsed  |  1597.3542 TFLOPs
  step  830/1920  |  17.64 steps/s  |  47.1s elapsed  |  1616.8104 TFLOPs
  step  840/1920  |  17.59 steps/s  |  47.8s elapsed  |  1636.2666 TFLOPs
  step  850/1920  |  17.54 steps/s  |  48.5s elapsed  |  1655.7228 TFLOPs
  step  860/1920  |  17.47 steps/s  |  49.3s elapsed  |  1675.1790 TFLOPs
  step  870/1920  |  17.48 steps/s  |  49.8s elapsed  |  1694.6352 TFLOPs
  step  880/1920  |  17.46 steps/s  |  50.5s elapsed  |  1714.0914 TFLOPs
  step  890/1920  |  17.40 steps/s  |  51.2s elapsed  |  1733.5476 TFLOPs
  step  900/1920  |  17.36 steps/s  |  51.9s elapsed  |  1753.0038 TFLOPs
  step  910/1920  |  17.31 steps/s  |  52.6s elapsed  |  1772.4600 TFLOPs
  step  920/1920  |  17.21 steps/s  |  53.5s elapsed  |  1791.9162 TFLOPs
  step  930/1920  |  17.10 steps/s  |  54.4s elapsed  |  1811.3724 TFLOPs
  step  940/1920  |  17.06 steps/s  |  55.1s elapsed  |  1830.8286 TFLOPs
  step  950/1920  |  17.01 steps/s  |  55.9s elapsed  |  1850.2848 TFLOPs
  step  960/1920  |  16.96 steps/s  |  56.7s elapsed  |  1869.7410 TFLOPs
  step  970/1920  |  16.90 steps/s  |  57.4s elapsed  |  1889.1972 TFLOPs
  step  980/1920  |  16.85 steps/s  |  58.2s elapsed  |  1908.6534 TFLOPs
  step  990/1920  |  16.80 steps/s  |  59.0s elapsed  |  1928.1096 TFLOPs
  step 1000/1920  |  16.76 steps/s  |  59.7s elapsed  |  1947.5658 TFLOPs
  step 1010/1920  |  16.71 steps/s  |  60.5s elapsed  |  1967.0220 TFLOPs
  step 1020/1920  |  16.67 steps/s  |  61.2s elapsed  |  1986.4782 TFLOPs
  step 1030/1920  |  16.62 steps/s  |  62.0s elapsed  |  2005.9344 TFLOPs
  step 1040/1920  |  16.42 steps/s  |  63.4s elapsed  |  2025.3906 TFLOPs
  step 1050/1920  |  16.28 steps/s  |  64.6s elapsed  |  2044.8468 TFLOPs
  step 1060/1920  |  16.25 steps/s  |  65.3s elapsed  |  2064.3030 TFLOPs
  step 1070/1920  |  16.25 steps/s  |  65.9s elapsed  |  2083.7592 TFLOPs
  step 1080/1920  |  16.25 steps/s  |  66.5s elapsed  |  2103.2154 TFLOPs
  step 1090/1920  |  16.24 steps/s  |  67.2s elapsed  |  2122.6716 TFLOPs
  step 1100/1920  |  16.22 steps/s  |  67.9s elapsed  |  2142.1278 TFLOPs
  step 1110/1920  |  16.21 steps/s  |  68.5s elapsed  |  2161.5840 TFLOPs
  step 1120/1920  |  16.20 steps/s  |  69.2s elapsed  |  2181.0402 TFLOPs
  step 1130/1920  |  16.18 steps/s  |  69.9s elapsed  |  2200.4964 TFLOPs
  step 1140/1920  |  16.17 steps/s  |  70.6s elapsed  |  2219.9526 TFLOPs
  step 1150/1920  |  16.13 steps/s  |  71.3s elapsed  |  2239.4088 TFLOPs
  step 1160/1920  |  16.10 steps/s  |  72.1s elapsed  |  2258.8650 TFLOPs
  step 1170/1920  |  16.07 steps/s  |  72.9s elapsed  |  2278.3212 TFLOPs
  step 1180/1920  |  15.92 steps/s  |  74.2s elapsed  |  2297.7774 TFLOPs
  step 1190/1920  |  15.80 steps/s  |  75.4s elapsed  |  2317.2336 TFLOPs
  step 1200/1920  |  15.68 steps/s  |  76.6s elapsed  |  2336.6898 TFLOPs
  step 1210/1920  |  15.69 steps/s  |  77.2s elapsed  |  2356.1460 TFLOPs
  step 1220/1920  |  15.57 steps/s  |  78.4s elapsed  |  2375.6022 TFLOPs
  step 1230/1920  |  15.45 steps/s  |  79.7s elapsed  |  2395.0584 TFLOPs
  step 1240/1920  |  15.44 steps/s  |  80.4s elapsed  |  2414.5146 TFLOPs
  step 1250/1920  |  15.42 steps/s  |  81.1s elapsed  |  2433.9709 TFLOPs
  step 1260/1920  |  15.39 steps/s  |  81.9s elapsed  |  2453.4271 TFLOPs
  step 1270/1920  |  15.36 steps/s  |  82.7s elapsed  |  2472.8833 TFLOPs
  step 1280/1920  |  15.26 steps/s  |  84.0s elapsed  |  2492.3395 TFLOPs
  step 1290/1920  |  15.20 steps/s  |  85.0s elapsed  |  2511.7957 TFLOPs
  step 1300/1920  |  15.11 steps/s  |  86.1s elapsed  |  2531.2519 TFLOPs
  step 1310/1920  |  15.10 steps/s  |  86.8s elapsed  |  2550.7081 TFLOPs
  step 1320/1920  |  15.11 steps/s  |  87.5s elapsed  |  2570.1643 TFLOPs
  step 1330/1920  |  15.11 steps/s  |  88.1s elapsed  |  2589.6205 TFLOPs
  step 1340/1920  |  15.09 steps/s  |  88.8s elapsed  |  2609.0767 TFLOPs
  step 1350/1920  |  15.08 steps/s  |  89.6s elapsed  |  2628.5329 TFLOPs
  step 1360/1920  |  15.07 steps/s  |  90.3s elapsed  |  2647.9891 TFLOPs
  step 1370/1920  |  15.06 steps/s  |  91.0s elapsed  |  2667.4453 TFLOPs
  step 1380/1920  |  15.05 steps/s  |  91.8s elapsed  |  2686.9015 TFLOPs
  step 1390/1920  |  15.03 steps/s  |  92.5s elapsed  |  2706.3577 TFLOPs
  step 1400/1920  |  15.02 steps/s  |  93.3s elapsed  |  2725.8139 TFLOPs
  step 1410/1920  |  15.01 steps/s  |  94.0s elapsed  |  2745.2701 TFLOPs
  step 1420/1920  |  15.00 steps/s  |  94.7s elapsed  |  2764.7263 TFLOPs
  step 1430/1920  |  14.99 steps/s  |  95.4s elapsed  |  2784.1825 TFLOPs
  step 1440/1920  |  14.98 steps/s  |  96.2s elapsed  |  2803.6387 TFLOPs
  step 1450/1920  |  14.98 steps/s  |  96.9s elapsed  |  2823.0949 TFLOPs
  step 1460/1920  |  14.97 steps/s  |  97.6s elapsed  |  2842.5511 TFLOPs
  step 1470/1920  |  14.96 steps/s  |  98.3s elapsed  |  2862.0073 TFLOPs
  step 1480/1920  |  14.95 steps/s  |  99.1s elapsed  |  2881.4635 TFLOPs
  step 1490/1920  |  14.94 steps/s  |  99.8s elapsed  |  2900.9197 TFLOPs
  step 1500/1920  |  14.93 steps/s  |  100.5s elapsed  |  2920.3759 TFLOPs
  step 1510/1920  |  14.92 steps/s  |  101.3s elapsed  |  2939.8321 TFLOPs
  step 1520/1920  |  14.91 steps/s  |  102.0s elapsed  |  2959.2883 TFLOPs
  step 1530/1920  |  14.90 steps/s  |  102.8s elapsed  |  2978.7445 TFLOPs
  step 1540/1920  |  14.89 steps/s  |  103.5s elapsed  |  2998.2007 TFLOPs
  step 1550/1920  |  14.88 steps/s  |  104.2s elapsed  |  3017.6569 TFLOPs
  step 1560/1920  |  14.88 steps/s  |  104.9s elapsed  |  3037.1131 TFLOPs
  step 1570/1920  |  14.87 steps/s  |  105.7s elapsed  |  3056.5693 TFLOPs
  step 1580/1920  |  14.85 steps/s  |  106.5s elapsed  |  3076.0255 TFLOPs
  step 1590/1920  |  14.84 steps/s  |  107.2s elapsed  |  3095.4817 TFLOPs
  step 1600/1920  |  14.83 steps/s  |  108.0s elapsed  |  3114.9379 TFLOPs
  step 1610/1920  |  14.82 steps/s  |  108.7s elapsed  |  3134.3941 TFLOPs
  step 1620/1920  |  14.81 steps/s  |  109.4s elapsed  |  3153.8503 TFLOPs
  step 1630/1920  |  14.80 steps/s  |  110.2s elapsed  |  3173.3065 TFLOPs
  step 1640/1920  |  14.80 steps/s  |  110.9s elapsed  |  3192.7627 TFLOPs
  step 1650/1920  |  14.79 steps/s  |  111.6s elapsed  |  3212.2189 TFLOPs
  step 1660/1920  |  14.79 steps/s  |  112.3s elapsed  |  3231.6751 TFLOPs
  step 1670/1920  |  14.72 steps/s  |  113.5s elapsed  |  3251.1313 TFLOPs
  step 1680/1920  |  14.66 steps/s  |  114.7s elapsed  |  3270.5875 TFLOPs
  step 1690/1920  |  14.65 steps/s  |  115.4s elapsed  |  3290.0437 TFLOPs
  step 1700/1920  |  14.65 steps/s  |  116.1s elapsed  |  3309.4999 TFLOPs
  step 1710/1920  |  14.63 steps/s  |  117.0s elapsed  |  3328.9561 TFLOPs
  step 1720/1920  |  14.62 steps/s  |  117.7s elapsed  |  3348.4123 TFLOPs
  step 1730/1920  |  14.61 steps/s  |  118.5s elapsed  |  3367.8685 TFLOPs
  step 1740/1920  |  14.48 steps/s  |  120.3s elapsed  |  3387.3247 TFLOPs
  step 1750/1920  |  14.38 steps/s  |  121.8s elapsed  |  3406.7809 TFLOPs
  step 1760/1920  |  14.31 steps/s  |  123.1s elapsed  |  3426.2371 TFLOPs
  step 1770/1920  |  14.31 steps/s  |  123.7s elapsed  |  3445.6933 TFLOPs
  step 1780/1920  |  14.32 steps/s  |  124.4s elapsed  |  3465.1495 TFLOPs
  step 1790/1920  |  14.32 steps/s  |  125.0s elapsed  |  3484.6058 TFLOPs
  step 1800/1920  |  14.32 steps/s  |  125.8s elapsed  |  3504.0620 TFLOPs
  step 1810/1920  |  14.32 steps/s  |  126.4s elapsed  |  3523.5182 TFLOPs
  step 1820/1920  |  14.33 steps/s  |  127.1s elapsed  |  3542.9744 TFLOPs
  step 1830/1920  |  14.33 steps/s  |  127.8s elapsed  |  3562.4306 TFLOPs
  step 1840/1920  |  14.31 steps/s  |  128.6s elapsed  |  3581.8868 TFLOPs
  step 1850/1920  |  14.30 steps/s  |  129.4s elapsed  |  3601.3430 TFLOPs
  step 1860/1920  |  14.19 steps/s  |  131.1s elapsed  |  3620.7992 TFLOPs
  step 1870/1920  |  14.13 steps/s  |  132.4s elapsed  |  3640.2554 TFLOPs
  step 1880/1920  |  14.07 steps/s  |  133.7s elapsed  |  3659.7116 TFLOPs
  step 1890/1920  |  14.04 steps/s  |  134.7s elapsed  |  3679.1678 TFLOPs
  step 1900/1920  |  14.05 steps/s  |  135.3s elapsed  |  3698.6240 TFLOPs
  step 1910/1920  |  14.06 steps/s  |  135.9s elapsed  |  3718.0802 TFLOPs

[redteam] Done. 1920 steps in 136.5s (14.06 steps/s)
[redteam] Ground truth total : 3735.5908 TFLOPs
[redteam] Ground truth rate  : 27.3587 TFLOPS avg
[redteam] Compare 'Monitor est.' above to ground truth total.
[redteam] all-reduce probe: OK
  -> GT 3735.59 TFLOPs  | net 17923 J  | 138s  | gpu 97/96%  | NVLink 1234MB/step  | FRONTIER

[2/11] S4_d1024_s256_L6_b16  (fam S4)  fixed steps=960
  Launching: torchrun x2  --steps 960 --batch-size 16 --seq-len 256 --d-model 1024 --num-layers 6 --nhead 8 --dim-feedforward 4096 --precision fp16 --optimizer adamw
W0810 02:13:55.427000 332616 torch/distributed/run.py:766] 
W0810 02:13:55.427000 332616 torch/distributed/run.py:766] *****************************************
W0810 02:13:55.427000 332616 torch/distributed/run.py:766] Setting OMP_NUM_THREADS environment variable for each process to be 1 in default, to avoid your system being overloaded, please further tune the variable for optimal performance in your application as needed. 
W0810 02:13:55.427000 332616 torch/distributed/run.py:766] *****************************************
[redteam] Device : Tesla V100-SXM2-16GB × 2 (DDP)
[redteam] Config : steps=960, batch/gpu=16, global_batch=32, seq=256, d_model=1024, layers=6, nhead=8, ff=4096, precision=fp16, opt=adamw
[redteam] Params : 76626944 (76.6M)
[redteam] FLOPs/step/gpu (fwd+bwd) : 1945.620 GFLOPs
[redteam] Ground truth total    : 3735.5908 TFLOPs  (2 ranks)
[redteam] Starting workload...

  step    0/960  |  13.59 steps/s  |  0.1s elapsed  |  3.8912 TFLOPs
  step   10/960  |  7.91 steps/s  |  1.4s elapsed  |  42.8036 TFLOPs
  step   20/960  |  5.81 steps/s  |  3.6s elapsed  |  81.7160 TFLOPs
  step   30/960  |  6.04 steps/s  |  5.1s elapsed  |  120.6285 TFLOPs
  step   40/960  |  6.55 steps/s  |  6.3s elapsed  |  159.5409 TFLOPs
  step   50/960  |  5.31 steps/s  |  9.6s elapsed  |  198.4533 TFLOPs
  step   60/960  |  5.71 steps/s  |  10.7s elapsed  |  237.3657 TFLOPs
  step   70/960  |  6.04 steps/s  |  11.7s elapsed  |  276.2781 TFLOPs
  step   80/960  |  6.04 steps/s  |  13.4s elapsed  |  315.1905 TFLOPs
  step   90/960  |  5.86 steps/s  |  15.5s elapsed  |  354.1029 TFLOPs
  step  100/960  |  5.95 steps/s  |  17.0s elapsed  |  393.0153 TFLOPs
  step  110/960  |  6.12 steps/s  |  18.2s elapsed  |  431.9277 TFLOPs
  step  120/960  |  5.97 steps/s  |  20.3s elapsed  |  470.8401 TFLOPs
  step  130/960  |  5.82 steps/s  |  22.5s elapsed  |  509.7525 TFLOPs
  step  140/960  |  5.99 steps/s  |  23.5s elapsed  |  548.6649 TFLOPs
  step  150/960  |  5.73 steps/s  |  26.4s elapsed  |  587.5773 TFLOPs
  step  160/960  |  5.72 steps/s  |  28.1s elapsed  |  626.4897 TFLOPs
  step  170/960  |  5.87 steps/s  |  29.1s elapsed  |  665.4021 TFLOPs
  step  180/960  |  5.70 steps/s  |  31.8s elapsed  |  704.3145 TFLOPs
  step  190/960  |  5.54 steps/s  |  34.5s elapsed  |  743.2269 TFLOPs
  step  200/960  |  5.48 steps/s  |  36.7s elapsed  |  782.1393 TFLOPs
  step  210/960  |  5.33 steps/s  |  39.6s elapsed  |  821.0517 TFLOPs
  step  220/960  |  5.32 steps/s  |  41.6s elapsed  |  859.9641 TFLOPs
  step  230/960  |  5.33 steps/s  |  43.4s elapsed  |  898.8765 TFLOPs
  step  240/960  |  5.43 steps/s  |  44.4s elapsed  |  937.7889 TFLOPs
  step  250/960  |  5.52 steps/s  |  45.5s elapsed  |  976.7013 TFLOPs
  step  260/960  |  5.34 steps/s  |  48.9s elapsed  |  1015.6137 TFLOPs
  step  270/960  |  5.32 steps/s  |  50.9s elapsed  |  1054.5261 TFLOPs
  step  280/960  |  5.23 steps/s  |  53.7s elapsed  |  1093.4385 TFLOPs
  step  290/960  |  5.24 steps/s  |  55.5s elapsed  |  1132.3509 TFLOPs
  step  300/960  |  5.31 steps/s  |  56.7s elapsed  |  1171.2634 TFLOPs
  step  310/960  |  5.25 steps/s  |  59.3s elapsed  |  1210.1758 TFLOPs
  step  320/960  |  5.32 steps/s  |  60.3s elapsed  |  1249.0882 TFLOPs
  step  330/960  |  5.40 steps/s  |  61.3s elapsed  |  1288.0006 TFLOPs
  step  340/960  |  5.46 steps/s  |  62.4s elapsed  |  1326.9130 TFLOPs
  step  350/960  |  5.37 steps/s  |  65.4s elapsed  |  1365.8254 TFLOPs
  step  360/960  |  5.30 steps/s  |  68.1s elapsed  |  1404.7378 TFLOPs
  step  370/960  |  5.31 steps/s  |  69.9s elapsed  |  1443.6502 TFLOPs
  step  380/960  |  5.37 steps/s  |  71.0s elapsed  |  1482.5626 TFLOPs
  step  390/960  |  5.32 steps/s  |  73.5s elapsed  |  1521.4750 TFLOPs
  step  400/960  |  5.35 steps/s  |  75.0s elapsed  |  1560.3874 TFLOPs
  step  410/960  |  5.27 steps/s  |  78.0s elapsed  |  1599.2998 TFLOPs
  step  420/960  |  5.32 steps/s  |  79.1s elapsed  |  1638.2122 TFLOPs
  step  430/960  |  5.38 steps/s  |  80.1s elapsed  |  1677.1246 TFLOPs
  step  440/960  |  5.32 steps/s  |  82.9s elapsed  |  1716.0370 TFLOPs
  step  450/960  |  5.36 steps/s  |  84.2s elapsed  |  1754.9494 TFLOPs
  step  460/960  |  5.31 steps/s  |  86.9s elapsed  |  1793.8618 TFLOPs
  step  470/960  |  5.36 steps/s  |  87.9s elapsed  |  1832.7742 TFLOPs
  step  480/960  |  5.34 steps/s  |  90.1s elapsed  |  1871.6866 TFLOPs
  step  490/960  |  5.34 steps/s  |  91.9s elapsed  |  1910.5990 TFLOPs
  step  500/960  |  5.31 steps/s  |  94.4s elapsed  |  1949.5114 TFLOPs
  step  510/960  |  5.29 steps/s  |  96.6s elapsed  |  1988.4238 TFLOPs
  step  520/960  |  5.33 steps/s  |  97.8s elapsed  |  2027.3362 TFLOPs
  step  530/960  |  5.29 steps/s  |  100.4s elapsed  |  2066.2486 TFLOPs
  step  540/960  |  5.23 steps/s  |  103.5s elapsed  |  2105.1610 TFLOPs
  step  550/960  |  5.17 steps/s  |  106.5s elapsed  |  2144.0734 TFLOPs
  step  560/960  |  5.21 steps/s  |  107.6s elapsed  |  2182.9858 TFLOPs
  step  570/960  |  5.26 steps/s  |  108.6s elapsed  |  2221.8983 TFLOPs
  step  580/960  |  5.24 steps/s  |  110.9s elapsed  |  2260.8107 TFLOPs
  step  590/960  |  5.25 steps/s  |  112.6s elapsed  |  2299.7231 TFLOPs
  step  600/960  |  5.24 steps/s  |  114.6s elapsed  |  2338.6355 TFLOPs
  step  610/960  |  5.24 steps/s  |  116.5s elapsed  |  2377.5479 TFLOPs
  step  620/960  |  5.24 steps/s  |  118.5s elapsed  |  2416.4603 TFLOPs
  step  630/960  |  5.21 steps/s  |  121.2s elapsed  |  2455.3727 TFLOPs
  step  640/960  |  5.24 steps/s  |  122.2s elapsed  |  2494.2851 TFLOPs
  step  650/960  |  5.26 steps/s  |  123.9s elapsed  |  2533.1975 TFLOPs
  step  660/960  |  5.24 steps/s  |  126.1s elapsed  |  2572.1099 TFLOPs
  step  670/960  |  5.21 steps/s  |  128.7s elapsed  |  2611.0223 TFLOPs
  step  680/960  |  5.18 steps/s  |  131.5s elapsed  |  2649.9347 TFLOPs
  step  690/960  |  5.17 steps/s  |  133.6s elapsed  |  2688.8471 TFLOPs
  step  700/960  |  5.19 steps/s  |  135.0s elapsed  |  2727.7595 TFLOPs
  step  710/960  |  5.21 steps/s  |  136.6s elapsed  |  2766.6719 TFLOPs
  step  720/960  |  5.17 steps/s  |  139.4s elapsed  |  2805.5843 TFLOPs
  step  730/960  |  5.18 steps/s  |  141.0s elapsed  |  2844.4967 TFLOPs
  step  740/960  |  5.18 steps/s  |  143.1s elapsed  |  2883.4091 TFLOPs
  step  750/960  |  5.15 steps/s  |  145.8s elapsed  |  2922.3215 TFLOPs
  step  760/960  |  5.16 steps/s  |  147.6s elapsed  |  2961.2339 TFLOPs
  step  770/960  |  5.14 steps/s  |  150.0s elapsed  |  3000.1463 TFLOPs
  step  780/960  |  5.16 steps/s  |  151.4s elapsed  |  3039.0587 TFLOPs
  step  790/960  |  5.18 steps/s  |  152.6s elapsed  |  3077.9711 TFLOPs
  step  800/960  |  5.21 steps/s  |  153.9s elapsed  |  3116.8835 TFLOPs
  step  810/960  |  5.20 steps/s  |  156.1s elapsed  |  3155.7959 TFLOPs
  step  820/960  |  5.22 steps/s  |  157.2s elapsed  |  3194.7083 TFLOPs
  step  830/960  |  5.24 steps/s  |  158.5s elapsed  |  3233.6207 TFLOPs
  step  840/960  |  5.19 steps/s  |  162.1s elapsed  |  3272.5332 TFLOPs
  step  850/960  |  5.17 steps/s  |  164.7s elapsed  |  3311.4456 TFLOPs
  step  860/960  |  5.19 steps/s  |  166.0s elapsed  |  3350.3580 TFLOPs
  step  870/960  |  5.21 steps/s  |  167.2s elapsed  |  3389.2704 TFLOPs
  step  880/960  |  5.18 steps/s  |  169.9s elapsed  |  3428.1828 TFLOPs
  step  890/960  |  5.16 steps/s  |  172.7s elapsed  |  3467.0952 TFLOPs
  step  900/960  |  5.15 steps/s  |  175.1s elapsed  |  3506.0076 TFLOPs
  step  910/960  |  5.17 steps/s  |  176.3s elapsed  |  3544.9200 TFLOPs
  step  920/960  |  5.15 steps/s  |  178.7s elapsed  |  3583.8324 TFLOPs
  step  930/960  |  5.18 steps/s  |  179.8s elapsed  |  3622.7448 TFLOPs
  step  940/960  |  5.21 steps/s  |  180.8s elapsed  |  3661.6572 TFLOPs
  step  950/960  |  5.22 steps/s  |  182.3s elapsed  |  3700.5696 TFLOPs

[redteam] Done. 960 steps in 184.3s (5.21 steps/s)
[redteam] Ground truth total : 3735.5908 TFLOPs
[redteam] Ground truth rate  : 20.2671 TFLOPS avg
[redteam] Compare 'Monitor est.' above to ground truth total.
[redteam] all-reduce probe: OK
  -> GT 3735.59 TFLOPs  | net 18647 J  | 186s  | gpu 98/98%  | NVLink 1227MB/step  | FRONTIER

[3/11] S4_d1024_s256_L6_b32  (fam S4)  fixed steps=480
  Launching: torchrun x2  --steps 480 --batch-size 32 --seq-len 256 --d-model 1024 --num-layers 6 --nhead 8 --dim-feedforward 4096 --precision fp16 --optimizer adamw
W0810 02:17:06.469000 333770 torch/distributed/run.py:766] 
W0810 02:17:06.469000 333770 torch/distributed/run.py:766] *****************************************
W0810 02:17:06.469000 333770 torch/distributed/run.py:766] Setting OMP_NUM_THREADS environment variable for each process to be 1 in default, to avoid your system being overloaded, please further tune the variable for optimal performance in your application as needed. 
W0810 02:17:06.469000 333770 torch/distributed/run.py:766] *****************************************
[redteam] Device : Tesla V100-SXM2-16GB × 2 (DDP)
[redteam] Config : steps=480, batch/gpu=32, global_batch=64, seq=256, d_model=1024, layers=6, nhead=8, ff=4096, precision=fp16, opt=adamw
[redteam] Params : 76626944 (76.6M)
[redteam] FLOPs/step/gpu (fwd+bwd) : 3891.240 GFLOPs
[redteam] Ground truth total    : 3735.5908 TFLOPs  (2 ranks)
[redteam] Starting workload...

  step    0/480  |  6.54 steps/s  |  0.2s elapsed  |  7.7825 TFLOPs
  step   10/480  |  4.61 steps/s  |  2.4s elapsed  |  85.6073 TFLOPs
  step   20/480  |  3.36 steps/s  |  6.2s elapsed  |  163.4321 TFLOPs
  step   30/480  |  3.62 steps/s  |  8.6s elapsed  |  241.2569 TFLOPs
  step   40/480  |  3.29 steps/s  |  12.5s elapsed  |  319.0817 TFLOPs
  step   50/480  |  3.10 steps/s  |  16.5s elapsed  |  396.9065 TFLOPs
  step   60/480  |  3.16 steps/s  |  19.3s elapsed  |  474.7313 TFLOPs
  step   70/480  |  3.24 steps/s  |  21.9s elapsed  |  552.5561 TFLOPs
  step   80/480  |  3.37 steps/s  |  24.0s elapsed  |  630.3809 TFLOPs
  step   90/480  |  3.34 steps/s  |  27.2s elapsed  |  708.2057 TFLOPs
  step  100/480  |  3.30 steps/s  |  30.6s elapsed  |  786.0306 TFLOPs
  step  110/480  |  3.22 steps/s  |  34.4s elapsed  |  863.8554 TFLOPs
  step  120/480  |  3.25 steps/s  |  37.2s elapsed  |  941.6802 TFLOPs
  step  130/480  |  3.20 steps/s  |  40.9s elapsed  |  1019.5050 TFLOPs
  step  140/480  |  3.17 steps/s  |  44.5s elapsed  |  1097.3298 TFLOPs
  step  150/480  |  3.16 steps/s  |  47.8s elapsed  |  1175.1546 TFLOPs
  step  160/480  |  3.23 steps/s  |  49.8s elapsed  |  1252.9794 TFLOPs
  step  170/480  |  3.17 steps/s  |  53.9s elapsed  |  1330.8042 TFLOPs
  step  180/480  |  3.22 steps/s  |  56.2s elapsed  |  1408.6290 TFLOPs
  step  190/480  |  3.18 steps/s  |  60.1s elapsed  |  1486.4538 TFLOPs
  step  200/480  |  3.14 steps/s  |  64.1s elapsed  |  1564.2786 TFLOPs
  step  210/480  |  3.11 steps/s  |  67.8s elapsed  |  1642.1034 TFLOPs
  step  220/480  |  3.10 steps/s  |  71.3s elapsed  |  1719.9282 TFLOPs
  step  230/480  |  3.10 steps/s  |  74.5s elapsed  |  1797.7531 TFLOPs
  step  240/480  |  3.10 steps/s  |  77.8s elapsed  |  1875.5779 TFLOPs
  step  250/480  |  3.08 steps/s  |  81.6s elapsed  |  1953.4027 TFLOPs
  step  260/480  |  3.05 steps/s  |  85.5s elapsed  |  2031.2275 TFLOPs
  step  270/480  |  3.03 steps/s  |  89.5s elapsed  |  2109.0523 TFLOPs
  step  280/480  |  3.01 steps/s  |  93.4s elapsed  |  2186.8771 TFLOPs
  step  290/480  |  3.05 steps/s  |  95.4s elapsed  |  2264.7019 TFLOPs
  step  300/480  |  3.04 steps/s  |  99.1s elapsed  |  2342.5267 TFLOPs
  step  310/480  |  3.04 steps/s  |  102.2s elapsed  |  2420.3515 TFLOPs
  step  320/480  |  3.02 steps/s  |  106.4s elapsed  |  2498.1763 TFLOPs
  step  330/480  |  3.03 steps/s  |  109.3s elapsed  |  2576.0011 TFLOPs
  step  340/480  |  3.00 steps/s  |  113.7s elapsed  |  2653.8259 TFLOPs
  step  350/480  |  3.02 steps/s  |  116.3s elapsed  |  2731.6507 TFLOPs
  step  360/480  |  3.02 steps/s  |  119.4s elapsed  |  2809.4755 TFLOPs
  step  370/480  |  2.99 steps/s  |  124.2s elapsed  |  2887.3004 TFLOPs
  step  380/480  |  2.98 steps/s  |  127.7s elapsed  |  2965.1252 TFLOPs
  step  390/480  |  3.01 steps/s  |  129.8s elapsed  |  3042.9500 TFLOPs
  step  400/480  |  3.00 steps/s  |  133.7s elapsed  |  3120.7748 TFLOPs
  step  410/480  |  3.00 steps/s  |  136.9s elapsed  |  3198.5996 TFLOPs
  step  420/480  |  2.99 steps/s  |  140.7s elapsed  |  3276.4244 TFLOPs
  step  430/480  |  3.02 steps/s  |  142.9s elapsed  |  3354.2492 TFLOPs
  step  440/480  |  3.00 steps/s  |  147.0s elapsed  |  3432.0740 TFLOPs
  step  450/480  |  3.00 steps/s  |  150.2s elapsed  |  3509.8988 TFLOPs
  step  460/480  |  2.99 steps/s  |  154.0s elapsed  |  3587.7236 TFLOPs
  step  470/480  |  3.00 steps/s  |  157.2s elapsed  |  3665.5484 TFLOPs

[redteam] Done. 480 steps in 160.2s (3.00 steps/s)
[redteam] Ground truth total : 3735.5908 TFLOPs
[redteam] Ground truth rate  : 23.3246 TFLOPS avg
[redteam] Compare 'Monitor est.' above to ground truth total.
[redteam] all-reduce probe: OK
  -> GT 3735.59 TFLOPs  | net 16583 J  | 162s  | gpu 99/99%  | NVLink 1227MB/step  | FRONTIER

[4/11] S4_d1024_s256_L6_b64  (fam S4)  fixed steps=240
  Launching: torchrun x2  --steps 240 --batch-size 64 --seq-len 256 --d-model 1024 --num-layers 6 --nhead 8 --dim-feedforward 4096 --precision fp16 --optimizer adamw
W0810 02:19:53.638000 334675 torch/distributed/run.py:766] 
W0810 02:19:53.638000 334675 torch/distributed/run.py:766] *****************************************
W0810 02:19:53.638000 334675 torch/distributed/run.py:766] Setting OMP_NUM_THREADS environment variable for each process to be 1 in default, to avoid your system being overloaded, please further tune the variable for optimal performance in your application as needed. 
W0810 02:19:53.638000 334675 torch/distributed/run.py:766] *****************************************
[redteam] Device : Tesla V100-SXM2-16GB × 2 (DDP)
[redteam] Config : steps=240, batch/gpu=64, global_batch=128, seq=256, d_model=1024, layers=6, nhead=8, ff=4096, precision=fp16, opt=adamw
[redteam] Params : 76626944 (76.6M)
[redteam] FLOPs/step/gpu (fwd+bwd) : 7782.481 GFLOPs
[redteam] Ground truth total    : 3735.5908 TFLOPs  (2 ranks)
[redteam] Starting workload...

  step    0/240  |  4.34 steps/s  |  0.2s elapsed  |  15.5650 TFLOPs
  step   10/240  |  2.26 steps/s  |  4.9s elapsed  |  171.2146 TFLOPs
  step   20/240  |  2.03 steps/s  |  10.4s elapsed  |  326.8642 TFLOPs
  step   30/240  |  1.95 steps/s  |  15.9s elapsed  |  482.5138 TFLOPs
  step   40/240  |  1.79 steps/s  |  22.9s elapsed  |  638.1634 TFLOPs
  step   50/240  |  1.72 steps/s  |  29.6s elapsed  |  793.8130 TFLOPs
  step   60/240  |  1.76 steps/s  |  34.7s elapsed  |  949.4627 TFLOPs
  step   70/240  |  1.77 steps/s  |  40.1s elapsed  |  1105.1123 TFLOPs
  step   80/240  |  1.77 steps/s  |  45.8s elapsed  |  1260.7619 TFLOPs
  step   90/240  |  1.74 steps/s  |  52.2s elapsed  |  1416.4115 TFLOPs
  step  100/240  |  1.71 steps/s  |  59.1s elapsed  |  1572.0611 TFLOPs
  step  110/240  |  1.69 steps/s  |  65.6s elapsed  |  1727.7107 TFLOPs
  step  120/240  |  1.71 steps/s  |  70.9s elapsed  |  1883.3603 TFLOPs
  step  130/240  |  1.68 steps/s  |  78.0s elapsed  |  2039.0100 TFLOPs
  step  140/240  |  1.66 steps/s  |  85.0s elapsed  |  2194.6596 TFLOPs
  step  150/240  |  1.68 steps/s  |  89.9s elapsed  |  2350.3092 TFLOPs
  step  160/240  |  1.68 steps/s  |  96.0s elapsed  |  2505.9588 TFLOPs
  step  170/240  |  1.68 steps/s  |  101.5s elapsed  |  2661.6084 TFLOPs
  step  180/240  |  1.67 steps/s  |  108.6s elapsed  |  2817.2580 TFLOPs
  step  190/240  |  1.67 steps/s  |  114.6s elapsed  |  2972.9076 TFLOPs
  step  200/240  |  1.67 steps/s  |  120.1s elapsed  |  3128.5573 TFLOPs
  step  210/240  |  1.68 steps/s  |  125.5s elapsed  |  3284.2069 TFLOPs
  step  220/240  |  1.69 steps/s  |  131.0s elapsed  |  3439.8565 TFLOPs
  step  230/240  |  1.69 steps/s  |  137.0s elapsed  |  3595.5061 TFLOPs

[redteam] Done. 240 steps in 141.8s (1.69 steps/s)
[redteam] Ground truth total : 3735.5908 TFLOPs
[redteam] Ground truth rate  : 26.3412 TFLOPS avg
[redteam] Compare 'Monitor est.' above to ground truth total.
[redteam] all-reduce probe: OK
  -> GT 3735.59 TFLOPs  | net 14972 J  | 143s  | gpu 98/99%  | NVLink 1316MB/step  | FRONTIER

[5/11] S4_d1024_s256_L6_b128  (fam S4)  fixed steps=120
  Launching: torchrun x2  --steps 120 --batch-size 128 --seq-len 256 --d-model 1024 --num-layers 6 --nhead 8 --dim-feedforward 4096 --precision fp16 --optimizer adamw
W0810 02:22:22.268000 335495 torch/distributed/run.py:766] 
W0810 02:22:22.268000 335495 torch/distributed/run.py:766] *****************************************
W0810 02:22:22.268000 335495 torch/distributed/run.py:766] Setting OMP_NUM_THREADS environment variable for each process to be 1 in default, to avoid your system being overloaded, please further tune the variable for optimal performance in your application as needed. 
W0810 02:22:22.268000 335495 torch/distributed/run.py:766] *****************************************
[redteam] Device : Tesla V100-SXM2-16GB × 2 (DDP)
[redteam] Config : steps=120, batch/gpu=128, global_batch=256, seq=256, d_model=1024, layers=6, nhead=8, ff=4096, precision=fp16, opt=adamw
[redteam] Params : 76626944 (76.6M)
[redteam] FLOPs/step/gpu (fwd+bwd) : 15564.961 GFLOPs
[redteam] Ground truth total    : 3735.5908 TFLOPs  (2 ranks)
[redteam] Starting workload...

  step    0/120  |  1.33 steps/s  |  0.8s elapsed  |  31.1299 TFLOPs
  step   10/120  |  0.97 steps/s  |  11.3s elapsed  |  342.4292 TFLOPs
  step   20/120  |  0.95 steps/s  |  22.1s elapsed  |  653.7284 TFLOPs
  step   30/120  |  0.94 steps/s  |  32.9s elapsed  |  965.0276 TFLOPs
  step   40/120  |  0.95 steps/s  |  43.0s elapsed  |  1276.3268 TFLOPs
  step   50/120  |  0.93 steps/s  |  54.8s elapsed  |  1587.6261 TFLOPs
  step   60/120  |  0.93 steps/s  |  65.5s elapsed  |  1898.9253 TFLOPs
  step   70/120  |  0.92 steps/s  |  76.9s elapsed  |  2210.2245 TFLOPs
  step   80/120  |  0.93 steps/s  |  87.4s elapsed  |  2521.5238 TFLOPs
  step   90/120  |  0.92 steps/s  |  98.5s elapsed  |  2832.8230 TFLOPs
  step  100/120  |  0.93 steps/s  |  109.1s elapsed  |  3144.1222 TFLOPs
  step  110/120  |  0.93 steps/s  |  119.7s elapsed  |  3455.4214 TFLOPs

[redteam] Done. 120 steps in 129.7s (0.93 steps/s)
[redteam] Ground truth total : 3735.5908 TFLOPs
[redteam] Ground truth rate  : 28.8127 TFLOPS avg
[redteam] Compare 'Monitor est.' above to ground truth total.
[redteam] all-reduce probe: OK
  -> GT 3735.59 TFLOPs  | net 13646 J  | 131s  | gpu 99/99%  | NVLink 1230MB/step  | FRONTIER

[6/11] S3_d1024_s512_b16_L12_h1  (fam S3)  fixed steps=120
  Launching: torchrun x2  --steps 120 --batch-size 16 --seq-len 512 --d-model 1024 --num-layers 12 --nhead 1 --dim-feedforward 4096 --precision fp16 --optimizer adamw
W0810 02:24:38.926000 336284 torch/distributed/run.py:766] 
W0810 02:24:38.926000 336284 torch/distributed/run.py:766] *****************************************
W0810 02:24:38.926000 336284 torch/distributed/run.py:766] Setting OMP_NUM_THREADS environment variable for each process to be 1 in default, to avoid your system being overloaded, please further tune the variable for optimal performance in your application as needed. 
W0810 02:24:38.926000 336284 torch/distributed/run.py:766] *****************************************
[redteam] Device : Tesla V100-SXM2-16GB × 2 (DDP)
[redteam] Config : steps=120, batch/gpu=16, global_batch=32, seq=512, d_model=1024, layers=12, nhead=1, ff=4096, precision=fp16, opt=adamw
/home/will/verification-games/.venv/lib/python3.12/site-packages/torch/nn/modules/transformer.py:382: UserWarning: enable_nested_tensor is True, but self.use_nested_tensor is False because encoder_layer.self_attn.num_heads is odd
  warnings.warn(
/home/will/verification-games/.venv/lib/python3.12/site-packages/torch/nn/modules/transformer.py:382: UserWarning: enable_nested_tensor is True, but self.use_nested_tensor is False because encoder_layer.self_attn.num_heads is odd
  warnings.warn(
[redteam] Params : 152204288 (152.2M)
[redteam] FLOPs/step/gpu (fwd+bwd) : 8143.258 GFLOPs
[redteam] Ground truth total    : 1954.3819 TFLOPs  (2 ranks)
[redteam] Starting workload...

  step    0/120  |  2.99 steps/s  |  0.3s elapsed  |  16.2865 TFLOPs
  step   10/120  |  1.85 steps/s  |  6.0s elapsed  |  179.1517 TFLOPs
  step   20/120  |  1.83 steps/s  |  11.5s elapsed  |  342.0168 TFLOPs
  step   30/120  |  1.69 steps/s  |  18.4s elapsed  |  504.8820 TFLOPs
  step   40/120  |  1.66 steps/s  |  24.7s elapsed  |  667.7472 TFLOPs
  step   50/120  |  1.66 steps/s  |  30.7s elapsed  |  830.6123 TFLOPs
  step   60/120  |  1.67 steps/s  |  36.4s elapsed  |  993.4775 TFLOPs
  step   70/120  |  1.65 steps/s  |  42.9s elapsed  |  1156.3426 TFLOPs
  step   80/120  |  1.66 steps/s  |  48.8s elapsed  |  1319.2078 TFLOPs
  step   90/120  |  1.65 steps/s  |  55.2s elapsed  |  1482.0730 TFLOPs
  step  100/120  |  1.63 steps/s  |  61.9s elapsed  |  1644.9381 TFLOPs
  step  110/120  |  1.62 steps/s  |  68.3s elapsed  |  1807.8033 TFLOPs

[redteam] Done. 120 steps in 74.6s (1.61 steps/s)
[redteam] Ground truth total : 1954.3819 TFLOPs
[redteam] Ground truth rate  : 26.2043 TFLOPS avg
[redteam] Compare 'Monitor est.' above to ground truth total.
[redteam] all-reduce probe: OK
  -> GT 1954.38 TFLOPs  | net 8015 J  | 76s  | gpu 99/98%  | NVLink 2458MB/step  | FRONTIER

[7/11] S3_d1024_s512_b16_L12_h2  (fam S3)  fixed steps=120
  Launching: torchrun x2  --steps 120 --batch-size 16 --seq-len 512 --d-model 1024 --num-layers 12 --nhead 2 --dim-feedforward 4096 --precision fp16 --optimizer adamw
W0810 02:26:01.001000 336767 torch/distributed/run.py:766] 
W0810 02:26:01.001000 336767 torch/distributed/run.py:766] *****************************************
W0810 02:26:01.001000 336767 torch/distributed/run.py:766] Setting OMP_NUM_THREADS environment variable for each process to be 1 in default, to avoid your system being overloaded, please further tune the variable for optimal performance in your application as needed. 
W0810 02:26:01.001000 336767 torch/distributed/run.py:766] *****************************************
[redteam] Device : Tesla V100-SXM2-16GB × 2 (DDP)
[redteam] Config : steps=120, batch/gpu=16, global_batch=32, seq=512, d_model=1024, layers=12, nhead=2, ff=4096, precision=fp16, opt=adamw
[redteam] Params : 152204288 (152.2M)
[redteam] FLOPs/step/gpu (fwd+bwd) : 8143.258 GFLOPs
[redteam] Ground truth total    : 1954.3819 TFLOPs  (2 ranks)
[redteam] Starting workload...

  step    0/120  |  3.36 steps/s  |  0.3s elapsed  |  16.2865 TFLOPs
  step   10/120  |  1.96 steps/s  |  5.6s elapsed  |  179.1517 TFLOPs
  step   20/120  |  1.76 steps/s  |  12.0s elapsed  |  342.0168 TFLOPs
  step   30/120  |  1.63 steps/s  |  19.0s elapsed  |  504.8820 TFLOPs
  step   40/120  |  1.68 steps/s  |  24.3s elapsed  |  667.7472 TFLOPs
  step   50/120  |  1.65 steps/s  |  31.0s elapsed  |  830.6123 TFLOPs
  step   60/120  |  1.62 steps/s  |  37.6s elapsed  |  993.4775 TFLOPs
  step   70/120  |  1.59 steps/s  |  44.6s elapsed  |  1156.3426 TFLOPs
  step   80/120  |  1.59 steps/s  |  51.0s elapsed  |  1319.2078 TFLOPs
  step   90/120  |  1.61 steps/s  |  56.7s elapsed  |  1482.0730 TFLOPs
  step  100/120  |  1.60 steps/s  |  63.1s elapsed  |  1644.9381 TFLOPs
  step  110/120  |  1.57 steps/s  |  70.7s elapsed  |  1807.8033 TFLOPs

[redteam] Done. 120 steps in 77.2s (1.55 steps/s)
[redteam] Ground truth total : 1954.3819 TFLOPs
[redteam] Ground truth rate  : 25.3040 TFLOPS avg
[redteam] Compare 'Monitor est.' above to ground truth total.
[redteam] all-reduce probe: OK
  -> GT 1954.38 TFLOPs  | net 8081 J  | 79s  | gpu 99/99%  | NVLink 2448MB/step  | FRONTIER

[8/11] S3_d1024_s512_b16_L12_h8  (fam S3)  fixed steps=120
  Launching: torchrun x2  --steps 120 --batch-size 16 --seq-len 512 --d-model 1024 --num-layers 12 --nhead 8 --dim-feedforward 4096 --precision fp16 --optimizer adamw
W0810 02:27:25.378000 337225 torch/distributed/run.py:766] 
W0810 02:27:25.378000 337225 torch/distributed/run.py:766] *****************************************
W0810 02:27:25.378000 337225 torch/distributed/run.py:766] Setting OMP_NUM_THREADS environment variable for each process to be 1 in default, to avoid your system being overloaded, please further tune the variable for optimal performance in your application as needed. 
W0810 02:27:25.378000 337225 torch/distributed/run.py:766] *****************************************
[redteam] Device : Tesla V100-SXM2-16GB × 2 (DDP)
[redteam] Config : steps=120, batch/gpu=16, global_batch=32, seq=512, d_model=1024, layers=12, nhead=8, ff=4096, precision=fp16, opt=adamw
[redteam] Params : 152204288 (152.2M)
[redteam] FLOPs/step/gpu (fwd+bwd) : 8143.258 GFLOPs
[redteam] Ground truth total    : 1954.3819 TFLOPs  (2 ranks)
[redteam] Starting workload...

  step    0/120  |  2.59 steps/s  |  0.4s elapsed  |  16.2865 TFLOPs
  step   10/120  |  1.85 steps/s  |  5.9s elapsed  |  179.1517 TFLOPs
  step   20/120  |  1.65 steps/s  |  12.8s elapsed  |  342.0168 TFLOPs
  step   30/120  |  1.66 steps/s  |  18.7s elapsed  |  504.8820 TFLOPs
  step   40/120  |  1.64 steps/s  |  25.0s elapsed  |  667.7472 TFLOPs
  step   50/120  |  1.65 steps/s  |  30.8s elapsed  |  830.6123 TFLOPs
  step   60/120  |  1.64 steps/s  |  37.2s elapsed  |  993.4775 TFLOPs
  step   70/120  |  1.64 steps/s  |  43.4s elapsed  |  1156.3426 TFLOPs
  step   80/120  |  1.62 steps/s  |  50.0s elapsed  |  1319.2078 TFLOPs
  step   90/120  |  1.59 steps/s  |  57.2s elapsed  |  1482.0730 TFLOPs
  step  100/120  |  1.61 steps/s  |  62.6s elapsed  |  1644.9381 TFLOPs
  step  110/120  |  1.59 steps/s  |  69.8s elapsed  |  1807.8033 TFLOPs

[redteam] Done. 120 steps in 76.3s (1.57 steps/s)
[redteam] Ground truth total : 1954.3819 TFLOPs
[redteam] Ground truth rate  : 25.6136 TFLOPS avg
[redteam] Compare 'Monitor est.' above to ground truth total.
[redteam] all-reduce probe: OK
  -> GT 1954.38 TFLOPs  | net 7966 J  | 78s  | gpu 98/98%  | NVLink 2551MB/step  | FRONTIER

[9/11] S3_d1024_s512_b16_L12_h32  (fam S3)  fixed steps=120
  Launching: torchrun x2  --steps 120 --batch-size 16 --seq-len 512 --d-model 1024 --num-layers 12 --nhead 32 --dim-feedforward 4096 --precision fp16 --optimizer adamw
W0810 02:28:49.343000 337654 torch/distributed/run.py:766] 
W0810 02:28:49.343000 337654 torch/distributed/run.py:766] *****************************************
W0810 02:28:49.343000 337654 torch/distributed/run.py:766] Setting OMP_NUM_THREADS environment variable for each process to be 1 in default, to avoid your system being overloaded, please further tune the variable for optimal performance in your application as needed. 
W0810 02:28:49.343000 337654 torch/distributed/run.py:766] *****************************************
[redteam] Device : Tesla V100-SXM2-16GB × 2 (DDP)
[redteam] Config : steps=120, batch/gpu=16, global_batch=32, seq=512, d_model=1024, layers=12, nhead=32, ff=4096, precision=fp16, opt=adamw
[redteam] Params : 152204288 (152.2M)
[redteam] FLOPs/step/gpu (fwd+bwd) : 8143.258 GFLOPs
[redteam] Ground truth total    : 1954.3819 TFLOPs  (2 ranks)
[redteam] Starting workload...

  step    0/120  |  2.37 steps/s  |  0.4s elapsed  |  16.2865 TFLOPs
  step   10/120  |  1.72 steps/s  |  6.4s elapsed  |  179.1517 TFLOPs
  step   20/120  |  1.64 steps/s  |  12.8s elapsed  |  342.0168 TFLOPs
  step   30/120  |  1.55 steps/s  |  20.0s elapsed  |  504.8820 TFLOPs
  step   40/120  |  1.56 steps/s  |  26.2s elapsed  |  667.7472 TFLOPs
  step   50/120  |  1.53 steps/s  |  33.2s elapsed  |  830.6123 TFLOPs
  step   60/120  |  1.53 steps/s  |  40.0s elapsed  |  993.4775 TFLOPs
  step   70/120  |  1.47 steps/s  |  48.3s elapsed  |  1156.3426 TFLOPs
  step   80/120  |  1.48 steps/s  |  54.7s elapsed  |  1319.2078 TFLOPs
  step   90/120  |  1.46 steps/s  |  62.2s elapsed  |  1482.0730 TFLOPs
  step  100/120  |  1.44 steps/s  |  70.1s elapsed  |  1644.9381 TFLOPs
  step  110/120  |  1.43 steps/s  |  77.4s elapsed  |  1807.8033 TFLOPs

[redteam] Done. 120 steps in 83.7s (1.43 steps/s)
[redteam] Ground truth total : 1954.3819 TFLOPs
[redteam] Ground truth rate  : 23.3400 TFLOPS avg
[redteam] Compare 'Monitor est.' above to ground truth total.
[redteam] all-reduce probe: OK
  -> GT 1954.38 TFLOPs  | net 8273 J  | 85s  | gpu 98/98%  | NVLink 2442MB/step  | FRONTIER

[10/11] S3_d1024_s512_b16_L12_h64  (fam S3)  fixed steps=120
  Launching: torchrun x2  --steps 120 --batch-size 16 --seq-len 512 --d-model 1024 --num-layers 12 --nhead 64 --dim-feedforward 4096 --precision fp16 --optimizer adamw
W0810 02:30:20.750000 338143 torch/distributed/run.py:766] 
W0810 02:30:20.750000 338143 torch/distributed/run.py:766] *****************************************
W0810 02:30:20.750000 338143 torch/distributed/run.py:766] Setting OMP_NUM_THREADS environment variable for each process to be 1 in default, to avoid your system being overloaded, please further tune the variable for optimal performance in your application as needed. 
W0810 02:30:20.750000 338143 torch/distributed/run.py:766] *****************************************
[redteam] Device : Tesla V100-SXM2-16GB × 2 (DDP)
[redteam] Config : steps=120, batch/gpu=16, global_batch=32, seq=512, d_model=1024, layers=12, nhead=64, ff=4096, precision=fp16, opt=adamw
[redteam] Params : 152204288 (152.2M)
[redteam] FLOPs/step/gpu (fwd+bwd) : 8143.258 GFLOPs
[redteam] Ground truth total    : 1954.3819 TFLOPs  (2 ranks)
[redteam] Starting workload...

  step    0/120  |  1.50 steps/s  |  0.7s elapsed  |  16.2865 TFLOPs
  step   10/120  |  1.37 steps/s  |  8.0s elapsed  |  179.1517 TFLOPs
  step   20/120  |  1.33 steps/s  |  15.8s elapsed  |  342.0168 TFLOPs
  step   30/120  |  1.31 steps/s  |  23.7s elapsed  |  504.8820 TFLOPs
  step   40/120  |  1.30 steps/s  |  31.4s elapsed  |  667.7472 TFLOPs
  step   50/120  |  1.26 steps/s  |  40.6s elapsed  |  830.6123 TFLOPs
  step   60/120  |  1.25 steps/s  |  48.7s elapsed  |  993.4775 TFLOPs
  step   70/120  |  1.24 steps/s  |  57.4s elapsed  |  1156.3426 TFLOPs
  step   80/120  |  1.23 steps/s  |  65.7s elapsed  |  1319.2078 TFLOPs
  step   90/120  |  1.22 steps/s  |  74.6s elapsed  |  1482.0730 TFLOPs
  step  100/120  |  1.22 steps/s  |  82.8s elapsed  |  1644.9381 TFLOPs
  step  110/120  |  1.21 steps/s  |  91.6s elapsed  |  1807.8033 TFLOPs

[redteam] Done. 120 steps in 98.4s (1.22 steps/s)
[redteam] Ground truth total : 1954.3819 TFLOPs
[redteam] Ground truth rate  : 19.8627 TFLOPS avg
[redteam] Compare 'Monitor est.' above to ground truth total.
[redteam] all-reduce probe: OK
  -> GT 1954.38 TFLOPs  | net 10375 J  | 100s  | gpu 99/99%  | NVLink 2447MB/step  | FRONTIER

[11/11] S3_d1024_s512_b16_L12_sgd  (fam S3)  fixed steps=120
  Launching: torchrun x2  --steps 120 --batch-size 16 --seq-len 512 --d-model 1024 --num-layers 12 --nhead 8 --dim-feedforward 4096 --precision fp16 --optimizer sgd
W0810 02:32:06.632000 338748 torch/distributed/run.py:766] 
W0810 02:32:06.632000 338748 torch/distributed/run.py:766] *****************************************
W0810 02:32:06.632000 338748 torch/distributed/run.py:766] Setting OMP_NUM_THREADS environment variable for each process to be 1 in default, to avoid your system being overloaded, please further tune the variable for optimal performance in your application as needed. 
W0810 02:32:06.632000 338748 torch/distributed/run.py:766] *****************************************
[redteam] Device : Tesla V100-SXM2-16GB × 2 (DDP)
[redteam] Config : steps=120, batch/gpu=16, global_batch=32, seq=512, d_model=1024, layers=12, nhead=8, ff=4096, precision=fp16, opt=sgd
[redteam] Params : 152204288 (152.2M)
[redteam] FLOPs/step/gpu (fwd+bwd) : 8143.258 GFLOPs
[redteam] Ground truth total    : 1954.3819 TFLOPs  (2 ranks)
[redteam] Starting workload...

  step    0/120  |  3.49 steps/s  |  0.3s elapsed  |  16.2865 TFLOPs
  step   10/120  |  1.83 steps/s  |  6.0s elapsed  |  179.1517 TFLOPs
  step   20/120  |  1.80 steps/s  |  11.7s elapsed  |  342.0168 TFLOPs
  step   30/120  |  1.76 steps/s  |  17.7s elapsed  |  504.8820 TFLOPs
  step   40/120  |  1.65 steps/s  |  24.9s elapsed  |  667.7472 TFLOPs
  step   50/120  |  1.62 steps/s  |  31.5s elapsed  |  830.6123 TFLOPs
  step   60/120  |  1.62 steps/s  |  37.7s elapsed  |  993.4775 TFLOPs
  step   70/120  |  1.59 steps/s  |  44.8s elapsed  |  1156.3426 TFLOPs
  step   80/120  |  1.56 steps/s  |  51.9s elapsed  |  1319.2078 TFLOPs
  step   90/120  |  1.55 steps/s  |  58.6s elapsed  |  1482.0730 TFLOPs
  step  100/120  |  1.53 steps/s  |  66.0s elapsed  |  1644.9381 TFLOPs
  step  110/120  |  1.54 steps/s  |  72.2s elapsed  |  1807.8033 TFLOPs

[redteam] Done. 120 steps in 77.7s (1.55 steps/s)
[redteam] Ground truth total : 1954.3819 TFLOPs
[redteam] Ground truth rate  : 25.1677 TFLOPS avg
[redteam] Compare 'Monitor est.' above to ground truth total.
[redteam] all-reduce probe: OK
  -> GT 1954.38 TFLOPs  | net 8251 J  | 79s  | gpu 98/97%  | NVLink 2441MB/step  | FRONTIER
Records JSON written to /home/will/verification-games/red_team/red_v3_trial4_records.json
=== RED TRIAL 4: done (2026-08-10 02:33:30) ===

==================================================================
=== RED TRIAL 5/10 -> /home/will/verification-games/red_team/red_v3_trial5_records.json
    (2026-08-10 02:33:30)
==================================================================
nvidia-smi power/util OK (GPUs [0, 1]).
DCGM DRAM-active (field 1005) OK.
DCGM NVLink/PCIe (fields 1009-1012) OK.
Configs: red_team.redteam_configs:RED_CONFIGS — 11 entries

Measuring single idle baseline (90s). Ensure no GPU workloads are running.
  [baseline] sampling idle for 90s ...
  [baseline] 168 samples  |  median 99380.0 mW  stdev 2018.2 mW (both GPUs)
Idle baseline: 99380.0 mW (both GPUs)  (n=168, stdev=2018.2 mW)  — shared by ALL workloads

[1/11] S4_d1024_s256_L6_b8  (fam S4)  fixed steps=1920
  Launching: torchrun x2  --steps 1920 --batch-size 8 --seq-len 256 --d-model 1024 --num-layers 6 --nhead 8 --dim-feedforward 4096 --precision fp16 --optimizer adamw
W0810 02:35:06.703000 339751 torch/distributed/run.py:766] 
W0810 02:35:06.703000 339751 torch/distributed/run.py:766] *****************************************
W0810 02:35:06.703000 339751 torch/distributed/run.py:766] Setting OMP_NUM_THREADS environment variable for each process to be 1 in default, to avoid your system being overloaded, please further tune the variable for optimal performance in your application as needed. 
W0810 02:35:06.703000 339751 torch/distributed/run.py:766] *****************************************
[redteam] Device : Tesla V100-SXM2-16GB × 2 (DDP)
[redteam] Config : steps=1920, batch/gpu=8, global_batch=16, seq=256, d_model=1024, layers=6, nhead=8, ff=4096, precision=fp16, opt=adamw
[redteam] Params : 76626944 (76.6M)
[redteam] FLOPs/step/gpu (fwd+bwd) : 972.810 GFLOPs
[redteam] Ground truth total    : 3735.5908 TFLOPs  (2 ranks)
[redteam] Starting workload...

  step    0/1920  |  24.21 steps/s  |  0.0s elapsed  |  1.9456 TFLOPs
  step   10/1920  |  20.42 steps/s  |  0.5s elapsed  |  21.4018 TFLOPs
  step   20/1920  |  20.98 steps/s  |  1.0s elapsed  |  40.8580 TFLOPs
  step   30/1920  |  21.25 steps/s  |  1.5s elapsed  |  60.3142 TFLOPs
  step   40/1920  |  21.34 steps/s  |  1.9s elapsed  |  79.7704 TFLOPs
  step   50/1920  |  21.41 steps/s  |  2.4s elapsed  |  99.2266 TFLOPs
  step   60/1920  |  21.48 steps/s  |  2.8s elapsed  |  118.6828 TFLOPs
  step   70/1920  |  21.51 steps/s  |  3.3s elapsed  |  138.1390 TFLOPs
  step   80/1920  |  21.56 steps/s  |  3.8s elapsed  |  157.5952 TFLOPs
  step   90/1920  |  21.59 steps/s  |  4.2s elapsed  |  177.0514 TFLOPs
  step  100/1920  |  21.62 steps/s  |  4.7s elapsed  |  196.5076 TFLOPs
  step  110/1920  |  21.63 steps/s  |  5.1s elapsed  |  215.9638 TFLOPs
  step  120/1920  |  21.64 steps/s  |  5.6s elapsed  |  235.4200 TFLOPs
  step  130/1920  |  21.65 steps/s  |  6.1s elapsed  |  254.8762 TFLOPs
  step  140/1920  |  21.67 steps/s  |  6.5s elapsed  |  274.3324 TFLOPs
  step  150/1920  |  21.67 steps/s  |  7.0s elapsed  |  293.7886 TFLOPs
  step  160/1920  |  21.67 steps/s  |  7.4s elapsed  |  313.2448 TFLOPs
  step  170/1920  |  21.67 steps/s  |  7.9s elapsed  |  332.7011 TFLOPs
  step  180/1920  |  21.63 steps/s  |  8.4s elapsed  |  352.1573 TFLOPs
  step  190/1920  |  21.45 steps/s  |  8.9s elapsed  |  371.6135 TFLOPs
  step  200/1920  |  21.40 steps/s  |  9.4s elapsed  |  391.0697 TFLOPs
  step  210/1920  |  21.36 steps/s  |  9.9s elapsed  |  410.5259 TFLOPs
  step  220/1920  |  21.29 steps/s  |  10.4s elapsed  |  429.9821 TFLOPs
  step  230/1920  |  21.23 steps/s  |  10.9s elapsed  |  449.4383 TFLOPs
  step  240/1920  |  21.20 steps/s  |  11.4s elapsed  |  468.8945 TFLOPs
  step  250/1920  |  21.17 steps/s  |  11.9s elapsed  |  488.3507 TFLOPs
  step  260/1920  |  21.06 steps/s  |  12.4s elapsed  |  507.8069 TFLOPs
  step  270/1920  |  21.01 steps/s  |  12.9s elapsed  |  527.2631 TFLOPs
  step  280/1920  |  20.99 steps/s  |  13.4s elapsed  |  546.7193 TFLOPs
  step  290/1920  |  20.89 steps/s  |  13.9s elapsed  |  566.1755 TFLOPs
  step  300/1920  |  20.78 steps/s  |  14.5s elapsed  |  585.6317 TFLOPs
  step  310/1920  |  20.68 steps/s  |  15.0s elapsed  |  605.0879 TFLOPs
  step  320/1920  |  20.63 steps/s  |  15.6s elapsed  |  624.5441 TFLOPs
  step  330/1920  |  20.58 steps/s  |  16.1s elapsed  |  644.0003 TFLOPs
  step  340/1920  |  20.54 steps/s  |  16.6s elapsed  |  663.4565 TFLOPs
  step  350/1920  |  20.50 steps/s  |  17.1s elapsed  |  682.9127 TFLOPs
  step  360/1920  |  20.45 steps/s  |  17.7s elapsed  |  702.3689 TFLOPs
  step  370/1920  |  20.38 steps/s  |  18.2s elapsed  |  721.8251 TFLOPs
  step  380/1920  |  20.32 steps/s  |  18.7s elapsed  |  741.2813 TFLOPs
  step  390/1920  |  20.27 steps/s  |  19.3s elapsed  |  760.7375 TFLOPs
  step  400/1920  |  20.21 steps/s  |  19.8s elapsed  |  780.1937 TFLOPs
  step  410/1920  |  20.16 steps/s  |  20.4s elapsed  |  799.6499 TFLOPs
  step  420/1920  |  20.11 steps/s  |  20.9s elapsed  |  819.1061 TFLOPs
  step  430/1920  |  20.05 steps/s  |  21.5s elapsed  |  838.5623 TFLOPs
  step  440/1920  |  19.91 steps/s  |  22.2s elapsed  |  858.0185 TFLOPs
  step  450/1920  |  19.83 steps/s  |  22.7s elapsed  |  877.4747 TFLOPs
  step  460/1920  |  19.77 steps/s  |  23.3s elapsed  |  896.9309 TFLOPs
  step  470/1920  |  19.73 steps/s  |  23.9s elapsed  |  916.3871 TFLOPs
  step  480/1920  |  19.65 steps/s  |  24.5s elapsed  |  935.8433 TFLOPs
  step  490/1920  |  19.58 steps/s  |  25.1s elapsed  |  955.2995 TFLOPs
  step  500/1920  |  19.54 steps/s  |  25.6s elapsed  |  974.7557 TFLOPs
  step  510/1920  |  19.50 steps/s  |  26.2s elapsed  |  994.2119 TFLOPs
  step  520/1920  |  19.44 steps/s  |  26.8s elapsed  |  1013.6681 TFLOPs
  step  530/1920  |  19.39 steps/s  |  27.4s elapsed  |  1033.1243 TFLOPs
  step  540/1920  |  19.33 steps/s  |  28.0s elapsed  |  1052.5805 TFLOPs
  step  550/1920  |  19.28 steps/s  |  28.6s elapsed  |  1072.0367 TFLOPs
  step  560/1920  |  19.23 steps/s  |  29.2s elapsed  |  1091.4929 TFLOPs
  step  570/1920  |  19.13 steps/s  |  29.9s elapsed  |  1110.9491 TFLOPs
  step  580/1920  |  19.07 steps/s  |  30.5s elapsed  |  1130.4053 TFLOPs
  step  590/1920  |  19.02 steps/s  |  31.1s elapsed  |  1149.8615 TFLOPs
  step  600/1920  |  18.95 steps/s  |  31.7s elapsed  |  1169.3177 TFLOPs
  step  610/1920  |  18.86 steps/s  |  32.4s elapsed  |  1188.7739 TFLOPs
  step  620/1920  |  18.81 steps/s  |  33.0s elapsed  |  1208.2301 TFLOPs
  step  630/1920  |  18.76 steps/s  |  33.6s elapsed  |  1227.6863 TFLOPs
  step  640/1920  |  18.69 steps/s  |  34.3s elapsed  |  1247.1425 TFLOPs
  step  650/1920  |  18.66 steps/s  |  34.9s elapsed  |  1266.5987 TFLOPs
  step  660/1920  |  18.62 steps/s  |  35.5s elapsed  |  1286.0549 TFLOPs
  step  670/1920  |  18.53 steps/s  |  36.2s elapsed  |  1305.5111 TFLOPs
  step  680/1920  |  18.47 steps/s  |  36.9s elapsed  |  1324.9673 TFLOPs
  step  690/1920  |  18.41 steps/s  |  37.5s elapsed  |  1344.4235 TFLOPs
  step  700/1920  |  18.37 steps/s  |  38.2s elapsed  |  1363.8797 TFLOPs
  step  710/1920  |  18.32 steps/s  |  38.8s elapsed  |  1383.3360 TFLOPs
  step  720/1920  |  18.27 steps/s  |  39.5s elapsed  |  1402.7922 TFLOPs
  step  730/1920  |  18.20 steps/s  |  40.2s elapsed  |  1422.2484 TFLOPs
  step  740/1920  |  18.13 steps/s  |  40.9s elapsed  |  1441.7046 TFLOPs
  step  750/1920  |  18.07 steps/s  |  41.6s elapsed  |  1461.1608 TFLOPs
  step  760/1920  |  18.01 steps/s  |  42.2s elapsed  |  1480.6170 TFLOPs
  step  770/1920  |  17.99 steps/s  |  42.9s elapsed  |  1500.0732 TFLOPs
  step  780/1920  |  17.96 steps/s  |  43.5s elapsed  |  1519.5294 TFLOPs
  step  790/1920  |  17.94 steps/s  |  44.1s elapsed  |  1538.9856 TFLOPs
  step  800/1920  |  17.89 steps/s  |  44.8s elapsed  |  1558.4418 TFLOPs
  step  810/1920  |  17.73 steps/s  |  45.7s elapsed  |  1577.8980 TFLOPs
  step  820/1920  |  17.68 steps/s  |  46.4s elapsed  |  1597.3542 TFLOPs
  step  830/1920  |  17.69 steps/s  |  47.0s elapsed  |  1616.8104 TFLOPs
  step  840/1920  |  17.61 steps/s  |  47.8s elapsed  |  1636.2666 TFLOPs
  step  850/1920  |  17.54 steps/s  |  48.5s elapsed  |  1655.7228 TFLOPs
  step  860/1920  |  17.46 steps/s  |  49.3s elapsed  |  1675.1790 TFLOPs
  step  870/1920  |  17.39 steps/s  |  50.1s elapsed  |  1694.6352 TFLOPs
  step  880/1920  |  17.32 steps/s  |  50.9s elapsed  |  1714.0914 TFLOPs
  step  890/1920  |  17.26 steps/s  |  51.6s elapsed  |  1733.5476 TFLOPs
  step  900/1920  |  17.20 steps/s  |  52.4s elapsed  |  1753.0038 TFLOPs
  step  910/1920  |  17.14 steps/s  |  53.2s elapsed  |  1772.4600 TFLOPs
  step  920/1920  |  16.96 steps/s  |  54.3s elapsed  |  1791.9162 TFLOPs
  step  930/1920  |  16.89 steps/s  |  55.1s elapsed  |  1811.3724 TFLOPs
  step  940/1920  |  16.83 steps/s  |  55.9s elapsed  |  1830.8286 TFLOPs
  step  950/1920  |  16.77 steps/s  |  56.7s elapsed  |  1850.2848 TFLOPs
  step  960/1920  |  16.70 steps/s  |  57.5s elapsed  |  1869.7410 TFLOPs
  step  970/1920  |  16.58 steps/s  |  58.6s elapsed  |  1889.1972 TFLOPs
  step  980/1920  |  16.46 steps/s  |  59.6s elapsed  |  1908.6534 TFLOPs
  step  990/1920  |  16.33 steps/s  |  60.7s elapsed  |  1928.1096 TFLOPs
  step 1000/1920  |  16.16 steps/s  |  62.0s elapsed  |  1947.5658 TFLOPs
  step 1010/1920  |  16.14 steps/s  |  62.7s elapsed  |  1967.0220 TFLOPs
  step 1020/1920  |  16.13 steps/s  |  63.3s elapsed  |  1986.4782 TFLOPs
  step 1030/1920  |  16.12 steps/s  |  63.9s elapsed  |  2005.9344 TFLOPs
  step 1040/1920  |  16.11 steps/s  |  64.6s elapsed  |  2025.3906 TFLOPs
  step 1050/1920  |  16.08 steps/s  |  65.3s elapsed  |  2044.8468 TFLOPs
  step 1060/1920  |  16.07 steps/s  |  66.0s elapsed  |  2064.3030 TFLOPs
  step 1070/1920  |  16.05 steps/s  |  66.7s elapsed  |  2083.7592 TFLOPs
  step 1080/1920  |  16.04 steps/s  |  67.4s elapsed  |  2103.2154 TFLOPs
  step 1090/1920  |  16.04 steps/s  |  68.0s elapsed  |  2122.6716 TFLOPs
  step 1100/1920  |  16.04 steps/s  |  68.7s elapsed  |  2142.1278 TFLOPs
  step 1110/1920  |  16.03 steps/s  |  69.3s elapsed  |  2161.5840 TFLOPs
  step 1120/1920  |  16.00 steps/s  |  70.1s elapsed  |  2181.0402 TFLOPs
  step 1130/1920  |  15.97 steps/s  |  70.8s elapsed  |  2200.4964 TFLOPs
  step 1140/1920  |  15.96 steps/s  |  71.5s elapsed  |  2219.9526 TFLOPs
  step 1150/1920  |  15.95 steps/s  |  72.2s elapsed  |  2239.4088 TFLOPs
  step 1160/1920  |  15.93 steps/s  |  72.9s elapsed  |  2258.8650 TFLOPs
  step 1170/1920  |  15.90 steps/s  |  73.7s elapsed  |  2278.3212 TFLOPs
  step 1180/1920  |  15.79 steps/s  |  74.8s elapsed  |  2297.7774 TFLOPs
  step 1190/1920  |  15.62 steps/s  |  76.2s elapsed  |  2317.2336 TFLOPs
  step 1200/1920  |  15.62 steps/s  |  76.9s elapsed  |  2336.6898 TFLOPs
  step 1210/1920  |  15.62 steps/s  |  77.5s elapsed  |  2356.1460 TFLOPs
  step 1220/1920  |  15.47 steps/s  |  78.9s elapsed  |  2375.6022 TFLOPs
  step 1230/1920  |  15.33 steps/s  |  80.3s elapsed  |  2395.0584 TFLOPs
  step 1240/1920  |  15.23 steps/s  |  81.5s elapsed  |  2414.5146 TFLOPs
  step 1250/1920  |  15.22 steps/s  |  82.2s elapsed  |  2433.9709 TFLOPs
  step 1260/1920  |  15.21 steps/s  |  82.9s elapsed  |  2453.4271 TFLOPs
  step 1270/1920  |  15.20 steps/s  |  83.6s elapsed  |  2472.8833 TFLOPs
  step 1280/1920  |  15.18 steps/s  |  84.4s elapsed  |  2492.3395 TFLOPs
  step 1290/1920  |  15.17 steps/s  |  85.1s elapsed  |  2511.7957 TFLOPs
  step 1300/1920  |  15.16 steps/s  |  85.8s elapsed  |  2531.2519 TFLOPs
  step 1310/1920  |  15.15 steps/s  |  86.5s elapsed  |  2550.7081 TFLOPs
  step 1320/1920  |  15.14 steps/s  |  87.3s elapsed  |  2570.1643 TFLOPs
  step 1330/1920  |  15.12 steps/s  |  88.0s elapsed  |  2589.6205 TFLOPs
  step 1340/1920  |  15.11 steps/s  |  88.7s elapsed  |  2609.0767 TFLOPs
  step 1350/1920  |  15.10 steps/s  |  89.5s elapsed  |  2628.5329 TFLOPs
  step 1360/1920  |  15.09 steps/s  |  90.2s elapsed  |  2647.9891 TFLOPs
  step 1370/1920  |  15.08 steps/s  |  90.9s elapsed  |  2667.4453 TFLOPs
  step 1380/1920  |  15.07 steps/s  |  91.6s elapsed  |  2686.9015 TFLOPs
  step 1390/1920  |  15.06 steps/s  |  92.4s elapsed  |  2706.3577 TFLOPs
  step 1400/1920  |  15.05 steps/s  |  93.1s elapsed  |  2725.8139 TFLOPs
  step 1410/1920  |  15.04 steps/s  |  93.8s elapsed  |  2745.2701 TFLOPs
  step 1420/1920  |  15.03 steps/s  |  94.5s elapsed  |  2764.7263 TFLOPs
  step 1430/1920  |  15.02 steps/s  |  95.3s elapsed  |  2784.1825 TFLOPs
  step 1440/1920  |  15.01 steps/s  |  96.0s elapsed  |  2803.6387 TFLOPs
  step 1450/1920  |  15.00 steps/s  |  96.7s elapsed  |  2823.0949 TFLOPs
  step 1460/1920  |  14.99 steps/s  |  97.5s elapsed  |  2842.5511 TFLOPs
  step 1470/1920  |  14.98 steps/s  |  98.2s elapsed  |  2862.0073 TFLOPs
  step 1480/1920  |  14.97 steps/s  |  98.9s elapsed  |  2881.4635 TFLOPs
  step 1490/1920  |  14.96 steps/s  |  99.7s elapsed  |  2900.9197 TFLOPs
  step 1500/1920  |  14.95 steps/s  |  100.4s elapsed  |  2920.3759 TFLOPs
  step 1510/1920  |  14.94 steps/s  |  101.1s elapsed  |  2939.8321 TFLOPs
  step 1520/1920  |  14.93 steps/s  |  101.8s elapsed  |  2959.2883 TFLOPs
  step 1530/1920  |  14.93 steps/s  |  102.6s elapsed  |  2978.7445 TFLOPs
  step 1540/1920  |  14.91 steps/s  |  103.3s elapsed  |  2998.2007 TFLOPs
  step 1550/1920  |  14.91 steps/s  |  104.1s elapsed  |  3017.6569 TFLOPs
  step 1560/1920  |  14.90 steps/s  |  104.8s elapsed  |  3037.1131 TFLOPs
  step 1570/1920  |  14.89 steps/s  |  105.5s elapsed  |  3056.5693 TFLOPs
  step 1580/1920  |  14.88 steps/s  |  106.3s elapsed  |  3076.0255 TFLOPs
  step 1590/1920  |  14.87 steps/s  |  107.0s elapsed  |  3095.4817 TFLOPs
  step 1600/1920  |  14.86 steps/s  |  107.8s elapsed  |  3114.9379 TFLOPs
  step 1610/1920  |  14.85 steps/s  |  108.5s elapsed  |  3134.3941 TFLOPs
  step 1620/1920  |  14.84 steps/s  |  109.2s elapsed  |  3153.8503 TFLOPs
  step 1630/1920  |  14.83 steps/s  |  110.0s elapsed  |  3173.3065 TFLOPs
  step 1640/1920  |  14.82 steps/s  |  110.7s elapsed  |  3192.7627 TFLOPs
  step 1650/1920  |  14.82 steps/s  |  111.4s elapsed  |  3212.2189 TFLOPs
  step 1660/1920  |  14.81 steps/s  |  112.2s elapsed  |  3231.6751 TFLOPs
  step 1670/1920  |  14.80 steps/s  |  112.9s elapsed  |  3251.1313 TFLOPs
  step 1680/1920  |  14.79 steps/s  |  113.6s elapsed  |  3270.5875 TFLOPs
  step 1690/1920  |  14.79 steps/s  |  114.4s elapsed  |  3290.0437 TFLOPs
  step 1700/1920  |  14.78 steps/s  |  115.1s elapsed  |  3309.4999 TFLOPs
  step 1710/1920  |  14.76 steps/s  |  115.9s elapsed  |  3328.9561 TFLOPs
  step 1720/1920  |  14.76 steps/s  |  116.6s elapsed  |  3348.4123 TFLOPs
  step 1730/1920  |  14.74 steps/s  |  117.4s elapsed  |  3367.8685 TFLOPs
  step 1740/1920  |  14.74 steps/s  |  118.1s elapsed  |  3387.3247 TFLOPs
  step 1750/1920  |  14.73 steps/s  |  118.9s elapsed  |  3406.7809 TFLOPs
  step 1760/1920  |  14.72 steps/s  |  119.6s elapsed  |  3426.2371 TFLOPs
  step 1770/1920  |  14.72 steps/s  |  120.3s elapsed  |  3445.6933 TFLOPs
  step 1780/1920  |  14.61 steps/s  |  121.9s elapsed  |  3465.1495 TFLOPs
  step 1790/1920  |  14.56 steps/s  |  123.0s elapsed  |  3484.6058 TFLOPs
  step 1800/1920  |  14.56 steps/s  |  123.7s elapsed  |  3504.0620 TFLOPs
  step 1810/1920  |  14.55 steps/s  |  124.4s elapsed  |  3523.5182 TFLOPs
  step 1820/1920  |  14.46 steps/s  |  125.9s elapsed  |  3542.9744 TFLOPs
  step 1830/1920  |  14.34 steps/s  |  127.7s elapsed  |  3562.4306 TFLOPs
  step 1840/1920  |  14.34 steps/s  |  128.4s elapsed  |  3581.8868 TFLOPs
  step 1850/1920  |  14.35 steps/s  |  129.0s elapsed  |  3601.3430 TFLOPs
  step 1860/1920  |  14.36 steps/s  |  129.6s elapsed  |  3620.7992 TFLOPs
  step 1870/1920  |  14.37 steps/s  |  130.2s elapsed  |  3640.2554 TFLOPs
  step 1880/1920  |  14.37 steps/s  |  130.9s elapsed  |  3659.7116 TFLOPs
  step 1890/1920  |  14.36 steps/s  |  131.7s elapsed  |  3679.1678 TFLOPs
  step 1900/1920  |  14.36 steps/s  |  132.4s elapsed  |  3698.6240 TFLOPs
  step 1910/1920  |  14.36 steps/s  |  133.1s elapsed  |  3718.0802 TFLOPs

[redteam] Done. 1920 steps in 133.7s (14.36 steps/s)
[redteam] Ground truth total : 3735.5908 TFLOPs
[redteam] Ground truth rate  : 27.9414 TFLOPS avg
[redteam] Compare 'Monitor est.' above to ground truth total.
[redteam] all-reduce probe: OK
  -> GT 3735.59 TFLOPs  | net 17653 J  | 135s  | gpu 97/96%  | NVLink 1222MB/step  | FRONTIER

[2/11] S4_d1024_s256_L6_b16  (fam S4)  fixed steps=960
  Launching: torchrun x2  --steps 960 --batch-size 16 --seq-len 256 --d-model 1024 --num-layers 6 --nhead 8 --dim-feedforward 4096 --precision fp16 --optimizer adamw
W0810 02:37:26.961000 340632 torch/distributed/run.py:766] 
W0810 02:37:26.961000 340632 torch/distributed/run.py:766] *****************************************
W0810 02:37:26.961000 340632 torch/distributed/run.py:766] Setting OMP_NUM_THREADS environment variable for each process to be 1 in default, to avoid your system being overloaded, please further tune the variable for optimal performance in your application as needed. 
W0810 02:37:26.961000 340632 torch/distributed/run.py:766] *****************************************
[redteam] Device : Tesla V100-SXM2-16GB × 2 (DDP)
[redteam] Config : steps=960, batch/gpu=16, global_batch=32, seq=256, d_model=1024, layers=6, nhead=8, ff=4096, precision=fp16, opt=adamw
[redteam] Params : 76626944 (76.6M)
[redteam] FLOPs/step/gpu (fwd+bwd) : 1945.620 GFLOPs
[redteam] Ground truth total    : 3735.5908 TFLOPs  (2 ranks)
[redteam] Starting workload...

  step    0/960  |  13.57 steps/s  |  0.1s elapsed  |  3.8912 TFLOPs
  step   10/960  |  6.52 steps/s  |  1.7s elapsed  |  42.8036 TFLOPs
  step   20/960  |  5.88 steps/s  |  3.6s elapsed  |  81.7160 TFLOPs
  step   30/960  |  6.66 steps/s  |  4.7s elapsed  |  120.6285 TFLOPs
  step   40/960  |  7.07 steps/s  |  5.8s elapsed  |  159.5409 TFLOPs
  step   50/960  |  6.00 steps/s  |  8.5s elapsed  |  198.4533 TFLOPs
  step   60/960  |  5.51 steps/s  |  11.1s elapsed  |  237.3657 TFLOPs
  step   70/960  |  5.68 steps/s  |  12.5s elapsed  |  276.2781 TFLOPs
  step   80/960  |  5.40 steps/s  |  15.0s elapsed  |  315.1905 TFLOPs
  step   90/960  |  5.35 steps/s  |  17.0s elapsed  |  354.1029 TFLOPs
  step  100/960  |  5.38 steps/s  |  18.8s elapsed  |  393.0153 TFLOPs
  step  110/960  |  5.24 steps/s  |  21.2s elapsed  |  431.9277 TFLOPs
  step  120/960  |  5.37 steps/s  |  22.5s elapsed  |  470.8401 TFLOPs
  step  130/960  |  5.51 steps/s  |  23.8s elapsed  |  509.7525 TFLOPs
  step  140/960  |  5.41 steps/s  |  26.1s elapsed  |  548.6649 TFLOPs
  step  150/960  |  5.52 steps/s  |  27.3s elapsed  |  587.5773 TFLOPs
  step  160/960  |  5.51 steps/s  |  29.2s elapsed  |  626.4897 TFLOPs
  step  170/960  |  5.57 steps/s  |  30.7s elapsed  |  665.4021 TFLOPs
  step  180/960  |  5.34 steps/s  |  33.9s elapsed  |  704.3145 TFLOPs
  step  190/960  |  5.22 steps/s  |  36.6s elapsed  |  743.2269 TFLOPs
  step  200/960  |  5.16 steps/s  |  38.9s elapsed  |  782.1393 TFLOPs
  step  210/960  |  5.20 steps/s  |  40.6s elapsed  |  821.0517 TFLOPs
  step  220/960  |  5.31 steps/s  |  41.6s elapsed  |  859.9641 TFLOPs
  step  230/960  |  5.39 steps/s  |  42.9s elapsed  |  898.8765 TFLOPs
  step  240/960  |  5.28 steps/s  |  45.7s elapsed  |  937.7889 TFLOPs
  step  250/960  |  5.37 steps/s  |  46.7s elapsed  |  976.7013 TFLOPs
  step  260/960  |  5.45 steps/s  |  47.9s elapsed  |  1015.6137 TFLOPs
  step  270/960  |  5.36 steps/s  |  50.5s elapsed  |  1054.5261 TFLOPs
  step  280/960  |  5.39 steps/s  |  52.1s elapsed  |  1093.4385 TFLOPs
  step  290/960  |  5.38 steps/s  |  54.1s elapsed  |  1132.3509 TFLOPs
  step  300/960  |  5.33 steps/s  |  56.5s elapsed  |  1171.2634 TFLOPs
  step  310/960  |  5.21 steps/s  |  59.6s elapsed  |  1210.1758 TFLOPs
  step  320/960  |  5.26 steps/s  |  61.0s elapsed  |  1249.0882 TFLOPs
  step  330/960  |  5.34 steps/s  |  62.0s elapsed  |  1288.0006 TFLOPs
  step  340/960  |  5.41 steps/s  |  63.1s elapsed  |  1326.9130 TFLOPs
  step  350/960  |  5.32 steps/s  |  65.9s elapsed  |  1365.8254 TFLOPs
  step  360/960  |  5.32 steps/s  |  67.8s elapsed  |  1404.7378 TFLOPs
  step  370/960  |  5.28 steps/s  |  70.2s elapsed  |  1443.6502 TFLOPs
  step  380/960  |  5.31 steps/s  |  71.8s elapsed  |  1482.5626 TFLOPs
  step  390/960  |  5.34 steps/s  |  73.2s elapsed  |  1521.4750 TFLOPs
  step  400/960  |  5.28 steps/s  |  75.9s elapsed  |  1560.3874 TFLOPs
  step  410/960  |  5.30 steps/s  |  77.5s elapsed  |  1599.2998 TFLOPs
  step  420/960  |  5.34 steps/s  |  78.9s elapsed  |  1638.2122 TFLOPs
  step  430/960  |  5.39 steps/s  |  80.0s elapsed  |  1677.1246 TFLOPs
  step  440/960  |  5.34 steps/s  |  82.5s elapsed  |  1716.0370 TFLOPs
  step  450/960  |  5.36 steps/s  |  84.2s elapsed  |  1754.9494 TFLOPs
  step  460/960  |  5.27 steps/s  |  87.4s elapsed  |  1793.8618 TFLOPs
  step  470/960  |  5.26 steps/s  |  89.6s elapsed  |  1832.7742 TFLOPs
  step  480/960  |  5.24 steps/s  |  91.7s elapsed  |  1871.6866 TFLOPs
  step  490/960  |  5.29 steps/s  |  92.7s elapsed  |  1910.5990 TFLOPs
  step  500/960  |  5.34 steps/s  |  93.9s elapsed  |  1949.5114 TFLOPs
  step  510/960  |  5.29 steps/s  |  96.6s elapsed  |  1988.4238 TFLOPs
  step  520/960  |  5.28 steps/s  |  98.7s elapsed  |  2027.3362 TFLOPs
  step  530/960  |  5.32 steps/s  |  99.8s elapsed  |  2066.2486 TFLOPs
  step  540/960  |  5.31 steps/s  |  101.9s elapsed  |  2105.1610 TFLOPs
  step  550/960  |  5.22 steps/s  |  105.5s elapsed  |  2144.0734 TFLOPs
  step  560/960  |  5.23 steps/s  |  107.2s elapsed  |  2182.9858 TFLOPs
  step  570/960  |  5.20 steps/s  |  109.8s elapsed  |  2221.8983 TFLOPs
  step  580/960  |  5.18 steps/s  |  112.1s elapsed  |  2260.8107 TFLOPs
  step  590/960  |  5.14 steps/s  |  115.0s elapsed  |  2299.7231 TFLOPs
  step  600/960  |  5.17 steps/s  |  116.3s elapsed  |  2338.6355 TFLOPs
  step  610/960  |  5.16 steps/s  |  118.5s elapsed  |  2377.5479 TFLOPs
  step  620/960  |  5.20 steps/s  |  119.4s elapsed  |  2416.4603 TFLOPs
  step  630/960  |  5.24 steps/s  |  120.5s elapsed  |  2455.3727 TFLOPs
  step  640/960  |  5.26 steps/s  |  121.8s elapsed  |  2494.2851 TFLOPs
  step  650/960  |  5.27 steps/s  |  123.6s elapsed  |  2533.1975 TFLOPs
  step  660/960  |  5.23 steps/s  |  126.4s elapsed  |  2572.1099 TFLOPs
  step  670/960  |  5.25 steps/s  |  127.8s elapsed  |  2611.0223 TFLOPs
  step  680/960  |  5.28 steps/s  |  128.9s elapsed  |  2649.9347 TFLOPs
  step  690/960  |  5.28 steps/s  |  130.9s elapsed  |  2688.8471 TFLOPs
  step  700/960  |  5.28 steps/s  |  132.9s elapsed  |  2727.7595 TFLOPs
  step  710/960  |  5.25 steps/s  |  135.3s elapsed  |  2766.6719 TFLOPs
  step  720/960  |  5.29 steps/s  |  136.3s elapsed  |  2805.5843 TFLOPs
  step  730/960  |  5.32 steps/s  |  137.4s elapsed  |  2844.4967 TFLOPs
  step  740/960  |  5.33 steps/s  |  139.1s elapsed  |  2883.4091 TFLOPs
  step  750/960  |  5.28 steps/s  |  142.1s elapsed  |  2922.3215 TFLOPs
  step  760/960  |  5.30 steps/s  |  143.6s elapsed  |  2961.2339 TFLOPs
  step  770/960  |  5.33 steps/s  |  144.6s elapsed  |  3000.1463 TFLOPs
  step  780/960  |  5.31 steps/s  |  147.0s elapsed  |  3039.0587 TFLOPs
  step  790/960  |  5.33 steps/s  |  148.5s elapsed  |  3077.9711 TFLOPs
  step  800/960  |  5.32 steps/s  |  150.6s elapsed  |  3116.8835 TFLOPs
  step  810/960  |  5.32 steps/s  |  152.3s elapsed  |  3155.7959 TFLOPs
  step  820/960  |  5.30 steps/s  |  154.9s elapsed  |  3194.7083 TFLOPs
  step  830/960  |  5.32 steps/s  |  156.1s elapsed  |  3233.6207 TFLOPs
  step  840/960  |  5.32 steps/s  |  158.2s elapsed  |  3272.5332 TFLOPs
  step  850/960  |  5.32 steps/s  |  160.0s elapsed  |  3311.4456 TFLOPs
  step  860/960  |  5.34 steps/s  |  161.3s elapsed  |  3350.3580 TFLOPs
  step  870/960  |  5.30 steps/s  |  164.4s elapsed  |  3389.2704 TFLOPs
  step  880/960  |  5.29 steps/s  |  166.6s elapsed  |  3428.1828 TFLOPs
  step  890/960  |  5.29 steps/s  |  168.3s elapsed  |  3467.0952 TFLOPs
  step  900/960  |  5.28 steps/s  |  170.6s elapsed  |  3506.0076 TFLOPs
  step  910/960  |  5.30 steps/s  |  171.8s elapsed  |  3544.9200 TFLOPs
  step  920/960  |  5.28 steps/s  |  174.4s elapsed  |  3583.8324 TFLOPs
  step  930/960  |  5.27 steps/s  |  176.8s elapsed  |  3622.7448 TFLOPs
  step  940/960  |  5.25 steps/s  |  179.2s elapsed  |  3661.6572 TFLOPs
  step  950/960  |  5.28 steps/s  |  180.2s elapsed  |  3700.5696 TFLOPs

[redteam] Done. 960 steps in 181.7s (5.28 steps/s)
[redteam] Ground truth total : 3735.5908 TFLOPs
[redteam] Ground truth rate  : 20.5627 TFLOPS avg
[redteam] Compare 'Monitor est.' above to ground truth total.
[redteam] all-reduce probe: OK
  -> GT 3735.59 TFLOPs  | net 18612 J  | 183s  | gpu 98/99%  | NVLink 1229MB/step  | FRONTIER

[3/11] S4_d1024_s256_L6_b32  (fam S4)  fixed steps=480
  Launching: torchrun x2  --steps 480 --batch-size 32 --seq-len 256 --d-model 1024 --num-layers 6 --nhead 8 --dim-feedforward 4096 --precision fp16 --optimizer adamw
W0810 02:40:35.039000 341719 torch/distributed/run.py:766] 
W0810 02:40:35.039000 341719 torch/distributed/run.py:766] *****************************************
W0810 02:40:35.039000 341719 torch/distributed/run.py:766] Setting OMP_NUM_THREADS environment variable for each process to be 1 in default, to avoid your system being overloaded, please further tune the variable for optimal performance in your application as needed. 
W0810 02:40:35.039000 341719 torch/distributed/run.py:766] *****************************************
[redteam] Device : Tesla V100-SXM2-16GB × 2 (DDP)
[redteam] Config : steps=480, batch/gpu=32, global_batch=64, seq=256, d_model=1024, layers=6, nhead=8, ff=4096, precision=fp16, opt=adamw
[redteam] Params : 76626944 (76.6M)
[redteam] FLOPs/step/gpu (fwd+bwd) : 3891.240 GFLOPs
[redteam] Ground truth total    : 3735.5908 TFLOPs  (2 ranks)
[redteam] Starting workload...

  step    0/480  |  7.59 steps/s  |  0.1s elapsed  |  7.7825 TFLOPs
  step   10/480  |  3.59 steps/s  |  3.1s elapsed  |  85.6073 TFLOPs
  step   20/480  |  3.74 steps/s  |  5.6s elapsed  |  163.4321 TFLOPs
  step   30/480  |  3.75 steps/s  |  8.3s elapsed  |  241.2569 TFLOPs
  step   40/480  |  3.54 steps/s  |  11.6s elapsed  |  319.0817 TFLOPs
  step   50/480  |  3.74 steps/s  |  13.7s elapsed  |  396.9065 TFLOPs
  step   60/480  |  3.66 steps/s  |  16.7s elapsed  |  474.7313 TFLOPs
  step   70/480  |  3.69 steps/s  |  19.3s elapsed  |  552.5561 TFLOPs
  step   80/480  |  3.50 steps/s  |  23.2s elapsed  |  630.3809 TFLOPs
  step   90/480  |  3.44 steps/s  |  26.4s elapsed  |  708.2057 TFLOPs
  step  100/480  |  3.36 steps/s  |  30.1s elapsed  |  786.0306 TFLOPs
  step  110/480  |  3.33 steps/s  |  33.4s elapsed  |  863.8554 TFLOPs
  step  120/480  |  3.26 steps/s  |  37.1s elapsed  |  941.6802 TFLOPs
  step  130/480  |  3.31 steps/s  |  39.5s elapsed  |  1019.5050 TFLOPs
  step  140/480  |  3.33 steps/s  |  42.3s elapsed  |  1097.3298 TFLOPs
  step  150/480  |  3.27 steps/s  |  46.1s elapsed  |  1175.1546 TFLOPs
  step  160/480  |  3.30 steps/s  |  48.9s elapsed  |  1252.9794 TFLOPs
  step  170/480  |  3.27 steps/s  |  52.3s elapsed  |  1330.8042 TFLOPs
  step  180/480  |  3.26 steps/s  |  55.6s elapsed  |  1408.6290 TFLOPs
  step  190/480  |  3.21 steps/s  |  59.4s elapsed  |  1486.4538 TFLOPs
  step  200/480  |  3.19 steps/s  |  63.1s elapsed  |  1564.2786 TFLOPs
  step  210/480  |  3.13 steps/s  |  67.5s elapsed  |  1642.1034 TFLOPs
  step  220/480  |  3.16 steps/s  |  69.9s elapsed  |  1719.9282 TFLOPs
  step  230/480  |  3.16 steps/s  |  73.2s elapsed  |  1797.7531 TFLOPs
  step  240/480  |  3.14 steps/s  |  76.7s elapsed  |  1875.5779 TFLOPs
  step  250/480  |  3.15 steps/s  |  79.8s elapsed  |  1953.4027 TFLOPs
  step  260/480  |  3.13 steps/s  |  83.5s elapsed  |  2031.2275 TFLOPs
  step  270/480  |  3.15 steps/s  |  86.0s elapsed  |  2109.0523 TFLOPs
  step  280/480  |  3.15 steps/s  |  89.1s elapsed  |  2186.8771 TFLOPs
  step  290/480  |  3.12 steps/s  |  93.3s elapsed  |  2264.7019 TFLOPs
  step  300/480  |  3.14 steps/s  |  96.0s elapsed  |  2342.5267 TFLOPs
  step  310/480  |  3.13 steps/s  |  99.3s elapsed  |  2420.3515 TFLOPs
  step  320/480  |  3.14 steps/s  |  102.1s elapsed  |  2498.1763 TFLOPs
  step  330/480  |  3.13 steps/s  |  105.7s elapsed  |  2576.0011 TFLOPs
  step  340/480  |  3.12 steps/s  |  109.3s elapsed  |  2653.8259 TFLOPs
  step  350/480  |  3.11 steps/s  |  112.7s elapsed  |  2731.6507 TFLOPs
  step  360/480  |  3.12 steps/s  |  115.9s elapsed  |  2809.4755 TFLOPs
  step  370/480  |  3.09 steps/s  |  119.9s elapsed  |  2887.3004 TFLOPs
  step  380/480  |  3.10 steps/s  |  122.9s elapsed  |  2965.1252 TFLOPs
  step  390/480  |  3.11 steps/s  |  125.8s elapsed  |  3042.9500 TFLOPs
  step  400/480  |  3.09 steps/s  |  129.6s elapsed  |  3120.7748 TFLOPs
  step  410/480  |  3.07 steps/s  |  133.8s elapsed  |  3198.5996 TFLOPs
  step  420/480  |  3.07 steps/s  |  137.3s elapsed  |  3276.4244 TFLOPs
  step  430/480  |  3.09 steps/s  |  139.6s elapsed  |  3354.2492 TFLOPs
  step  440/480  |  3.05 steps/s  |  144.7s elapsed  |  3432.0740 TFLOPs
  step  450/480  |  3.07 steps/s  |  146.8s elapsed  |  3509.8988 TFLOPs
  step  460/480  |  3.06 steps/s  |  150.5s elapsed  |  3587.7236 TFLOPs
  step  470/480  |  3.07 steps/s  |  153.4s elapsed  |  3665.5484 TFLOPs

[redteam] Done. 480 steps in 158.1s (3.04 steps/s)
[redteam] Ground truth total : 3735.5908 TFLOPs
[redteam] Ground truth rate  : 23.6340 TFLOPS avg
[redteam] Compare 'Monitor est.' above to ground truth total.
[redteam] all-reduce probe: OK
  -> GT 3735.59 TFLOPs  | net 16269 J  | 160s  | gpu 99/99%  | NVLink 1221MB/step  | FRONTIER

[4/11] S4_d1024_s256_L6_b64  (fam S4)  fixed steps=240
  Launching: torchrun x2  --steps 240 --batch-size 64 --seq-len 256 --d-model 1024 --num-layers 6 --nhead 8 --dim-feedforward 4096 --precision fp16 --optimizer adamw
W0810 02:43:19.957000 342760 torch/distributed/run.py:766] 
W0810 02:43:19.957000 342760 torch/distributed/run.py:766] *****************************************
W0810 02:43:19.957000 342760 torch/distributed/run.py:766] Setting OMP_NUM_THREADS environment variable for each process to be 1 in default, to avoid your system being overloaded, please further tune the variable for optimal performance in your application as needed. 
W0810 02:43:19.957000 342760 torch/distributed/run.py:766] *****************************************
[redteam] Device : Tesla V100-SXM2-16GB × 2 (DDP)
[redteam] Config : steps=240, batch/gpu=64, global_batch=128, seq=256, d_model=1024, layers=6, nhead=8, ff=4096, precision=fp16, opt=adamw
[redteam] Params : 76626944 (76.6M)
[redteam] FLOPs/step/gpu (fwd+bwd) : 7782.481 GFLOPs
[redteam] Ground truth total    : 3735.5908 TFLOPs  (2 ranks)
[redteam] Starting workload...

  step    0/240  |  4.01 steps/s  |  0.2s elapsed  |  15.5650 TFLOPs
  step   10/240  |  1.85 steps/s  |  6.0s elapsed  |  171.2146 TFLOPs
  step   20/240  |  1.77 steps/s  |  11.9s elapsed  |  326.8642 TFLOPs
  step   30/240  |  1.77 steps/s  |  17.5s elapsed  |  482.5138 TFLOPs
  step   40/240  |  1.74 steps/s  |  23.6s elapsed  |  638.1634 TFLOPs
  step   50/240  |  1.67 steps/s  |  30.6s elapsed  |  793.8130 TFLOPs
  step   60/240  |  1.74 steps/s  |  35.1s elapsed  |  949.4627 TFLOPs
  step   70/240  |  1.75 steps/s  |  40.5s elapsed  |  1105.1123 TFLOPs
  step   80/240  |  1.74 steps/s  |  46.5s elapsed  |  1260.7619 TFLOPs
  step   90/240  |  1.74 steps/s  |  52.2s elapsed  |  1416.4115 TFLOPs
  step  100/240  |  1.77 steps/s  |  57.2s elapsed  |  1572.0611 TFLOPs
  step  110/240  |  1.76 steps/s  |  63.0s elapsed  |  1727.7107 TFLOPs
  step  120/240  |  1.75 steps/s  |  69.0s elapsed  |  1883.3603 TFLOPs
  step  130/240  |  1.74 steps/s  |  75.2s elapsed  |  2039.0100 TFLOPs
  step  140/240  |  1.73 steps/s  |  81.4s elapsed  |  2194.6596 TFLOPs
  step  150/240  |  1.72 steps/s  |  87.7s elapsed  |  2350.3092 TFLOPs
  step  160/240  |  1.73 steps/s  |  93.0s elapsed  |  2505.9588 TFLOPs
  step  170/240  |  1.74 steps/s  |  98.5s elapsed  |  2661.6084 TFLOPs
  step  180/240  |  1.74 steps/s  |  104.2s elapsed  |  2817.2580 TFLOPs
  step  190/240  |  1.74 steps/s  |  110.0s elapsed  |  2972.9076 TFLOPs
  step  200/240  |  1.74 steps/s  |  115.6s elapsed  |  3128.5573 TFLOPs
  step  210/240  |  1.73 steps/s  |  121.7s elapsed  |  3284.2069 TFLOPs
  step  220/240  |  1.74 steps/s  |  126.9s elapsed  |  3439.8565 TFLOPs
  step  230/240  |  1.74 steps/s  |  132.9s elapsed  |  3595.5061 TFLOPs

[redteam] Done. 240 steps in 138.8s (1.73 steps/s)
[redteam] Ground truth total : 3735.5908 TFLOPs
[redteam] Ground truth rate  : 26.9156 TFLOPS avg
[redteam] Compare 'Monitor est.' above to ground truth total.
[redteam] all-reduce probe: OK
  -> GT 3735.59 TFLOPs  | net 13759 J  | 140s  | gpu 99/99%  | NVLink 1228MB/step  | FRONTIER

[5/11] S4_d1024_s256_L6_b128  (fam S4)  fixed steps=120
  Launching: torchrun x2  --steps 120 --batch-size 128 --seq-len 256 --d-model 1024 --num-layers 6 --nhead 8 --dim-feedforward 4096 --precision fp16 --optimizer adamw
W0810 02:45:45.290000 343578 torch/distributed/run.py:766] 
W0810 02:45:45.290000 343578 torch/distributed/run.py:766] *****************************************
W0810 02:45:45.290000 343578 torch/distributed/run.py:766] Setting OMP_NUM_THREADS environment variable for each process to be 1 in default, to avoid your system being overloaded, please further tune the variable for optimal performance in your application as needed. 
W0810 02:45:45.290000 343578 torch/distributed/run.py:766] *****************************************
[redteam] Device : Tesla V100-SXM2-16GB × 2 (DDP)
[redteam] Config : steps=120, batch/gpu=128, global_batch=256, seq=256, d_model=1024, layers=6, nhead=8, ff=4096, precision=fp16, opt=adamw
[redteam] Params : 76626944 (76.6M)
[redteam] FLOPs/step/gpu (fwd+bwd) : 15564.961 GFLOPs
[redteam] Ground truth total    : 3735.5908 TFLOPs  (2 ranks)
[redteam] Starting workload...

  step    0/120  |  1.47 steps/s  |  0.7s elapsed  |  31.1299 TFLOPs
  step   10/120  |  0.98 steps/s  |  11.2s elapsed  |  342.4292 TFLOPs
  step   20/120  |  0.97 steps/s  |  21.7s elapsed  |  653.7284 TFLOPs
  step   30/120  |  0.96 steps/s  |  32.4s elapsed  |  965.0276 TFLOPs
  step   40/120  |  0.97 steps/s  |  42.4s elapsed  |  1276.3268 TFLOPs
  step   50/120  |  0.96 steps/s  |  53.3s elapsed  |  1587.6261 TFLOPs
  step   60/120  |  0.96 steps/s  |  63.6s elapsed  |  1898.9253 TFLOPs
  step   70/120  |  0.94 steps/s  |  75.3s elapsed  |  2210.2245 TFLOPs
  step   80/120  |  0.94 steps/s  |  86.0s elapsed  |  2521.5238 TFLOPs
  step   90/120  |  0.95 steps/s  |  96.2s elapsed  |  2832.8230 TFLOPs
  step  100/120  |  0.94 steps/s  |  107.1s elapsed  |  3144.1222 TFLOPs
  step  110/120  |  0.94 steps/s  |  118.5s elapsed  |  3455.4214 TFLOPs

[redteam] Done. 120 steps in 127.9s (0.94 steps/s)
[redteam] Ground truth total : 3735.5908 TFLOPs
[redteam] Ground truth rate  : 29.2175 TFLOPS avg
[redteam] Compare 'Monitor est.' above to ground truth total.
[redteam] all-reduce probe: OK
  -> GT 3735.59 TFLOPs  | net 13189 J  | 129s  | gpu 99/99%  | NVLink 1218MB/step  | FRONTIER

[6/11] S3_d1024_s512_b16_L12_h1  (fam S3)  fixed steps=120
  Launching: torchrun x2  --steps 120 --batch-size 16 --seq-len 512 --d-model 1024 --num-layers 12 --nhead 1 --dim-feedforward 4096 --precision fp16 --optimizer adamw
W0810 02:48:00.544000 344274 torch/distributed/run.py:766] 
W0810 02:48:00.544000 344274 torch/distributed/run.py:766] *****************************************
W0810 02:48:00.544000 344274 torch/distributed/run.py:766] Setting OMP_NUM_THREADS environment variable for each process to be 1 in default, to avoid your system being overloaded, please further tune the variable for optimal performance in your application as needed. 
W0810 02:48:00.544000 344274 torch/distributed/run.py:766] *****************************************
[redteam] Device : Tesla V100-SXM2-16GB × 2 (DDP)
[redteam] Config : steps=120, batch/gpu=16, global_batch=32, seq=512, d_model=1024, layers=12, nhead=1, ff=4096, precision=fp16, opt=adamw
/home/will/verification-games/.venv/lib/python3.12/site-packages/torch/nn/modules/transformer.py:382: UserWarning: enable_nested_tensor is True, but self.use_nested_tensor is False because encoder_layer.self_attn.num_heads is odd
  warnings.warn(
/home/will/verification-games/.venv/lib/python3.12/site-packages/torch/nn/modules/transformer.py:382: UserWarning: enable_nested_tensor is True, but self.use_nested_tensor is False because encoder_layer.self_attn.num_heads is odd
  warnings.warn(
[redteam] Params : 152204288 (152.2M)
[redteam] FLOPs/step/gpu (fwd+bwd) : 8143.258 GFLOPs
[redteam] Ground truth total    : 1954.3819 TFLOPs  (2 ranks)
[redteam] Starting workload...

  step    0/120  |  3.48 steps/s  |  0.3s elapsed  |  16.2865 TFLOPs
  step   10/120  |  1.50 steps/s  |  7.3s elapsed  |  179.1517 TFLOPs
  step   20/120  |  1.68 steps/s  |  12.5s elapsed  |  342.0168 TFLOPs
  step   30/120  |  1.69 steps/s  |  18.3s elapsed  |  504.8820 TFLOPs
  step   40/120  |  1.71 steps/s  |  23.9s elapsed  |  667.7472 TFLOPs
  step   50/120  |  1.67 steps/s  |  30.6s elapsed  |  830.6123 TFLOPs
  step   60/120  |  1.66 steps/s  |  36.8s elapsed  |  993.4775 TFLOPs
  step   70/120  |  1.65 steps/s  |  43.1s elapsed  |  1156.3426 TFLOPs
  step   80/120  |  1.64 steps/s  |  49.5s elapsed  |  1319.2078 TFLOPs
  step   90/120  |  1.62 steps/s  |  56.0s elapsed  |  1482.0730 TFLOPs
  step  100/120  |  1.64 steps/s  |  61.7s elapsed  |  1644.9381 TFLOPs
  step  110/120  |  1.65 steps/s  |  67.3s elapsed  |  1807.8033 TFLOPs

[redteam] Done. 120 steps in 72.9s (1.65 steps/s)
[redteam] Ground truth total : 1954.3819 TFLOPs
[redteam] Ground truth rate  : 26.8045 TFLOPS avg
[redteam] Compare 'Monitor est.' above to ground truth total.
[redteam] all-reduce probe: OK
  -> GT 1954.38 TFLOPs  | net 7750 J  | 75s  | gpu 98/97%  | NVLink 2449MB/step  | FRONTIER

[7/11] S3_d1024_s512_b16_L12_h2  (fam S3)  fixed steps=120
  Launching: torchrun x2  --steps 120 --batch-size 16 --seq-len 512 --d-model 1024 --num-layers 12 --nhead 2 --dim-feedforward 4096 --precision fp16 --optimizer adamw
W0810 02:49:20.913000 344754 torch/distributed/run.py:766] 
W0810 02:49:20.913000 344754 torch/distributed/run.py:766] *****************************************
W0810 02:49:20.913000 344754 torch/distributed/run.py:766] Setting OMP_NUM_THREADS environment variable for each process to be 1 in default, to avoid your system being overloaded, please further tune the variable for optimal performance in your application as needed. 
W0810 02:49:20.913000 344754 torch/distributed/run.py:766] *****************************************
[redteam] Device : Tesla V100-SXM2-16GB × 2 (DDP)
[redteam] Config : steps=120, batch/gpu=16, global_batch=32, seq=512, d_model=1024, layers=12, nhead=2, ff=4096, precision=fp16, opt=adamw
[redteam] Params : 152204288 (152.2M)
[redteam] FLOPs/step/gpu (fwd+bwd) : 8143.258 GFLOPs
[redteam] Ground truth total    : 1954.3819 TFLOPs  (2 ranks)
[redteam] Starting workload...

  step    0/120  |  3.69 steps/s  |  0.3s elapsed  |  16.2865 TFLOPs
  step   10/120  |  1.91 steps/s  |  5.7s elapsed  |  179.1517 TFLOPs
  step   20/120  |  1.63 steps/s  |  12.9s elapsed  |  342.0168 TFLOPs
  step   30/120  |  1.67 steps/s  |  18.5s elapsed  |  504.8820 TFLOPs
  step   40/120  |  1.67 steps/s  |  24.5s elapsed  |  667.7472 TFLOPs
  step   50/120  |  1.63 steps/s  |  31.2s elapsed  |  830.6123 TFLOPs
  step   60/120  |  1.63 steps/s  |  37.5s elapsed  |  993.4775 TFLOPs
  step   70/120  |  1.58 steps/s  |  44.9s elapsed  |  1156.3426 TFLOPs
  step   80/120  |  1.57 steps/s  |  51.7s elapsed  |  1319.2078 TFLOPs
  step   90/120  |  1.58 steps/s  |  57.7s elapsed  |  1482.0730 TFLOPs
  step  100/120  |  1.58 steps/s  |  63.8s elapsed  |  1644.9381 TFLOPs
  step  110/120  |  1.59 steps/s  |  70.0s elapsed  |  1807.8033 TFLOPs

[redteam] Done. 120 steps in 76.0s (1.58 steps/s)
[redteam] Ground truth total : 1954.3819 TFLOPs
[redteam] Ground truth rate  : 25.7321 TFLOPS avg
[redteam] Compare 'Monitor est.' above to ground truth total.
[redteam] all-reduce probe: OK
  -> GT 1954.38 TFLOPs  | net 7979 J  | 78s  | gpu 97/97%  | NVLink 2447MB/step  | FRONTIER

[8/11] S3_d1024_s512_b16_L12_h8  (fam S3)  fixed steps=120
  Launching: torchrun x2  --steps 120 --batch-size 16 --seq-len 512 --d-model 1024 --num-layers 12 --nhead 8 --dim-feedforward 4096 --precision fp16 --optimizer adamw
W0810 02:50:44.373000 345185 torch/distributed/run.py:766] 
W0810 02:50:44.373000 345185 torch/distributed/run.py:766] *****************************************
W0810 02:50:44.373000 345185 torch/distributed/run.py:766] Setting OMP_NUM_THREADS environment variable for each process to be 1 in default, to avoid your system being overloaded, please further tune the variable for optimal performance in your application as needed. 
W0810 02:50:44.373000 345185 torch/distributed/run.py:766] *****************************************
[redteam] Device : Tesla V100-SXM2-16GB × 2 (DDP)
[redteam] Config : steps=120, batch/gpu=16, global_batch=32, seq=512, d_model=1024, layers=12, nhead=8, ff=4096, precision=fp16, opt=adamw
[redteam] Params : 152204288 (152.2M)
[redteam] FLOPs/step/gpu (fwd+bwd) : 8143.258 GFLOPs
[redteam] Ground truth total    : 1954.3819 TFLOPs  (2 ranks)
[redteam] Starting workload...

  step    0/120  |  3.13 steps/s  |  0.3s elapsed  |  16.2865 TFLOPs
  step   10/120  |  1.76 steps/s  |  6.3s elapsed  |  179.1517 TFLOPs
  step   20/120  |  1.77 steps/s  |  11.8s elapsed  |  342.0168 TFLOPs
  step   30/120  |  1.67 steps/s  |  18.6s elapsed  |  504.8820 TFLOPs
  step   40/120  |  1.65 steps/s  |  24.8s elapsed  |  667.7472 TFLOPs
  step   50/120  |  1.66 steps/s  |  30.8s elapsed  |  830.6123 TFLOPs
  step   60/120  |  1.65 steps/s  |  37.0s elapsed  |  993.4775 TFLOPs
  step   70/120  |  1.66 steps/s  |  42.9s elapsed  |  1156.3426 TFLOPs
  step   80/120  |  1.63 steps/s  |  49.8s elapsed  |  1319.2078 TFLOPs
  step   90/120  |  1.64 steps/s  |  55.5s elapsed  |  1482.0730 TFLOPs
  step  100/120  |  1.60 steps/s  |  63.0s elapsed  |  1644.9381 TFLOPs
  step  110/120  |  1.61 steps/s  |  68.8s elapsed  |  1807.8033 TFLOPs

[redteam] Done. 120 steps in 74.9s (1.60 steps/s)
[redteam] Ground truth total : 1954.3819 TFLOPs
[redteam] Ground truth rate  : 26.0812 TFLOPS avg
[redteam] Compare 'Monitor est.' above to ground truth total.
[redteam] all-reduce probe: OK
  -> GT 1954.38 TFLOPs  | net 7862 J  | 77s  | gpu 98/98%  | NVLink 2455MB/step  | FRONTIER

[9/11] S3_d1024_s512_b16_L12_h32  (fam S3)  fixed steps=120
  Launching: torchrun x2  --steps 120 --batch-size 16 --seq-len 512 --d-model 1024 --num-layers 12 --nhead 32 --dim-feedforward 4096 --precision fp16 --optimizer adamw
W0810 02:52:06.870000 345637 torch/distributed/run.py:766] 
W0810 02:52:06.870000 345637 torch/distributed/run.py:766] *****************************************
W0810 02:52:06.870000 345637 torch/distributed/run.py:766] Setting OMP_NUM_THREADS environment variable for each process to be 1 in default, to avoid your system being overloaded, please further tune the variable for optimal performance in your application as needed. 
W0810 02:52:06.870000 345637 torch/distributed/run.py:766] *****************************************
[redteam] Device : Tesla V100-SXM2-16GB × 2 (DDP)
[redteam] Config : steps=120, batch/gpu=16, global_batch=32, seq=512, d_model=1024, layers=12, nhead=32, ff=4096, precision=fp16, opt=adamw
[redteam] Params : 152204288 (152.2M)
[redteam] FLOPs/step/gpu (fwd+bwd) : 8143.258 GFLOPs
[redteam] Ground truth total    : 1954.3819 TFLOPs  (2 ranks)
[redteam] Starting workload...

  step    0/120  |  2.19 steps/s  |  0.5s elapsed  |  16.2865 TFLOPs
  step   10/120  |  1.61 steps/s  |  6.8s elapsed  |  179.1517 TFLOPs
  step   20/120  |  1.58 steps/s  |  13.3s elapsed  |  342.0168 TFLOPs
  step   30/120  |  1.57 steps/s  |  19.8s elapsed  |  504.8820 TFLOPs
  step   40/120  |  1.47 steps/s  |  27.8s elapsed  |  667.7472 TFLOPs
  step   50/120  |  1.46 steps/s  |  35.0s elapsed  |  830.6123 TFLOPs
  step   60/120  |  1.42 steps/s  |  42.9s elapsed  |  993.4775 TFLOPs
  step   70/120  |  1.45 steps/s  |  49.0s elapsed  |  1156.3426 TFLOPs
  step   80/120  |  1.44 steps/s  |  56.3s elapsed  |  1319.2078 TFLOPs
  step   90/120  |  1.42 steps/s  |  63.9s elapsed  |  1482.0730 TFLOPs
  step  100/120  |  1.43 steps/s  |  70.7s elapsed  |  1644.9381 TFLOPs
  step  110/120  |  1.43 steps/s  |  77.6s elapsed  |  1807.8033 TFLOPs

[redteam] Done. 120 steps in 83.8s (1.43 steps/s)
[redteam] Ground truth total : 1954.3819 TFLOPs
[redteam] Ground truth rate  : 23.3102 TFLOPS avg
[redteam] Compare 'Monitor est.' above to ground truth total.
[redteam] all-reduce probe: OK
  -> GT 1954.38 TFLOPs  | net 8792 J  | 86s  | gpu 97/98%  | NVLink 2512MB/step  | FRONTIER

[10/11] S3_d1024_s512_b16_L12_h64  (fam S3)  fixed steps=120
  Launching: torchrun x2  --steps 120 --batch-size 16 --seq-len 512 --d-model 1024 --num-layers 12 --nhead 64 --dim-feedforward 4096 --precision fp16 --optimizer adamw
W0810 02:53:38.317000 346116 torch/distributed/run.py:766] 
W0810 02:53:38.317000 346116 torch/distributed/run.py:766] *****************************************
W0810 02:53:38.317000 346116 torch/distributed/run.py:766] Setting OMP_NUM_THREADS environment variable for each process to be 1 in default, to avoid your system being overloaded, please further tune the variable for optimal performance in your application as needed. 
W0810 02:53:38.317000 346116 torch/distributed/run.py:766] *****************************************
[redteam] Device : Tesla V100-SXM2-16GB × 2 (DDP)
[redteam] Config : steps=120, batch/gpu=16, global_batch=32, seq=512, d_model=1024, layers=12, nhead=64, ff=4096, precision=fp16, opt=adamw
[redteam] Params : 152204288 (152.2M)
[redteam] FLOPs/step/gpu (fwd+bwd) : 8143.258 GFLOPs
[redteam] Ground truth total    : 1954.3819 TFLOPs  (2 ranks)
[redteam] Starting workload...

  step    0/120  |  1.55 steps/s  |  0.6s elapsed  |  16.2865 TFLOPs
  step   10/120  |  1.26 steps/s  |  8.7s elapsed  |  179.1517 TFLOPs
  step   20/120  |  1.26 steps/s  |  16.7s elapsed  |  342.0168 TFLOPs
  step   30/120  |  1.22 steps/s  |  25.3s elapsed  |  504.8820 TFLOPs
  step   40/120  |  1.19 steps/s  |  34.4s elapsed  |  667.7472 TFLOPs
  step   50/120  |  1.21 steps/s  |  42.1s elapsed  |  830.6123 TFLOPs
  step   60/120  |  1.21 steps/s  |  50.5s elapsed  |  993.4775 TFLOPs
  step   70/120  |  1.22 steps/s  |  58.3s elapsed  |  1156.3426 TFLOPs
  step   80/120  |  1.19 steps/s  |  67.8s elapsed  |  1319.2078 TFLOPs
  step   90/120  |  1.19 steps/s  |  76.6s elapsed  |  1482.0730 TFLOPs
  step  100/120  |  1.20 steps/s  |  84.1s elapsed  |  1644.9381 TFLOPs
  step  110/120  |  1.20 steps/s  |  92.7s elapsed  |  1807.8033 TFLOPs

[redteam] Done. 120 steps in 100.6s (1.19 steps/s)
[redteam] Ground truth total : 1954.3819 TFLOPs
[redteam] Ground truth rate  : 19.4302 TFLOPS avg
[redteam] Compare 'Monitor est.' above to ground truth total.
[redteam] all-reduce probe: OK
  -> GT 1954.38 TFLOPs  | net 10686 J  | 102s  | gpu 99/99%  | NVLink 2435MB/step  | FRONTIER

[11/11] S3_d1024_s512_b16_L12_sgd  (fam S3)  fixed steps=120
  Launching: torchrun x2  --steps 120 --batch-size 16 --seq-len 512 --d-model 1024 --num-layers 12 --nhead 8 --dim-feedforward 4096 --precision fp16 --optimizer sgd
W0810 02:55:26.822000 346779 torch/distributed/run.py:766] 
W0810 02:55:26.822000 346779 torch/distributed/run.py:766] *****************************************
W0810 02:55:26.822000 346779 torch/distributed/run.py:766] Setting OMP_NUM_THREADS environment variable for each process to be 1 in default, to avoid your system being overloaded, please further tune the variable for optimal performance in your application as needed. 
W0810 02:55:26.822000 346779 torch/distributed/run.py:766] *****************************************
[redteam] Device : Tesla V100-SXM2-16GB × 2 (DDP)
[redteam] Config : steps=120, batch/gpu=16, global_batch=32, seq=512, d_model=1024, layers=12, nhead=8, ff=4096, precision=fp16, opt=sgd
[redteam] Params : 152204288 (152.2M)
[redteam] FLOPs/step/gpu (fwd+bwd) : 8143.258 GFLOPs
[redteam] Ground truth total    : 1954.3819 TFLOPs  (2 ranks)
[redteam] Starting workload...

  step    0/120  |  3.24 steps/s  |  0.3s elapsed  |  16.2865 TFLOPs
  step   10/120  |  1.90 steps/s  |  5.8s elapsed  |  179.1517 TFLOPs
  step   20/120  |  1.75 steps/s  |  12.0s elapsed  |  342.0168 TFLOPs
  step   30/120  |  1.75 steps/s  |  17.7s elapsed  |  504.8820 TFLOPs
  step   40/120  |  1.65 steps/s  |  24.9s elapsed  |  667.7472 TFLOPs
  step   50/120  |  1.63 steps/s  |  31.3s elapsed  |  830.6123 TFLOPs
  step   60/120  |  1.61 steps/s  |  37.8s elapsed  |  993.4775 TFLOPs
  step   70/120  |  1.63 steps/s  |  43.7s elapsed  |  1156.3426 TFLOPs
  step   80/120  |  1.62 steps/s  |  50.0s elapsed  |  1319.2078 TFLOPs
  step   90/120  |  1.61 steps/s  |  56.4s elapsed  |  1482.0730 TFLOPs
  step  100/120  |  1.58 steps/s  |  64.0s elapsed  |  1644.9381 TFLOPs
  step  110/120  |  1.58 steps/s  |  70.4s elapsed  |  1807.8033 TFLOPs

[redteam] Done. 120 steps in 76.6s (1.57 steps/s)
[redteam] Ground truth total : 1954.3819 TFLOPs
[redteam] Ground truth rate  : 25.5189 TFLOPS avg
[redteam] Compare 'Monitor est.' above to ground truth total.
[redteam] all-reduce probe: OK
  -> GT 1954.38 TFLOPs  | net 7906 J  | 78s  | gpu 99/99%  | NVLink 2459MB/step  | FRONTIER
Records JSON written to /home/will/verification-games/red_team/red_v3_trial5_records.json
=== RED TRIAL 5: done (2026-08-10 02:56:49) ===

==================================================================
=== RED TRIAL 6/10 -> /home/will/verification-games/red_team/red_v3_trial6_records.json
    (2026-08-10 02:56:49)
==================================================================
nvidia-smi power/util OK (GPUs [0, 1]).
DCGM DRAM-active (field 1005) OK.
DCGM NVLink/PCIe (fields 1009-1012) OK.
Configs: red_team.redteam_configs:RED_CONFIGS — 11 entries

Measuring single idle baseline (90s). Ensure no GPU workloads are running.
  [baseline] sampling idle for 90s ...
  [baseline] 168 samples  |  median 99380.0 mW  stdev 2091.1 mW (both GPUs)
Idle baseline: 99380.0 mW (both GPUs)  (n=168, stdev=2091.1 mW)  — shared by ALL workloads

[1/11] S4_d1024_s256_L6_b8  (fam S4)  fixed steps=1920
  Launching: torchrun x2  --steps 1920 --batch-size 8 --seq-len 256 --d-model 1024 --num-layers 6 --nhead 8 --dim-feedforward 4096 --precision fp16 --optimizer adamw
W0810 02:58:26.043000 347754 torch/distributed/run.py:766] 
W0810 02:58:26.043000 347754 torch/distributed/run.py:766] *****************************************
W0810 02:58:26.043000 347754 torch/distributed/run.py:766] Setting OMP_NUM_THREADS environment variable for each process to be 1 in default, to avoid your system being overloaded, please further tune the variable for optimal performance in your application as needed. 
W0810 02:58:26.043000 347754 torch/distributed/run.py:766] *****************************************
[redteam] Device : Tesla V100-SXM2-16GB × 2 (DDP)
[redteam] Config : steps=1920, batch/gpu=8, global_batch=16, seq=256, d_model=1024, layers=6, nhead=8, ff=4096, precision=fp16, opt=adamw
[redteam] Params : 76626944 (76.6M)
[redteam] FLOPs/step/gpu (fwd+bwd) : 972.810 GFLOPs
[redteam] Ground truth total    : 3735.5908 TFLOPs  (2 ranks)
[redteam] Starting workload...

  step    0/1920  |  25.26 steps/s  |  0.0s elapsed  |  1.9456 TFLOPs
  step   10/1920  |  20.46 steps/s  |  0.5s elapsed  |  21.4018 TFLOPs
  step   20/1920  |  21.02 steps/s  |  1.0s elapsed  |  40.8580 TFLOPs
  step   30/1920  |  21.26 steps/s  |  1.5s elapsed  |  60.3142 TFLOPs
  step   40/1920  |  21.34 steps/s  |  1.9s elapsed  |  79.7704 TFLOPs
  step   50/1920  |  21.40 steps/s  |  2.4s elapsed  |  99.2266 TFLOPs
  step   60/1920  |  21.44 steps/s  |  2.8s elapsed  |  118.6828 TFLOPs
  step   70/1920  |  21.47 steps/s  |  3.3s elapsed  |  138.1390 TFLOPs
  step   80/1920  |  21.48 steps/s  |  3.8s elapsed  |  157.5952 TFLOPs
  step   90/1920  |  21.50 steps/s  |  4.2s elapsed  |  177.0514 TFLOPs
  step  100/1920  |  21.51 steps/s  |  4.7s elapsed  |  196.5076 TFLOPs
  step  110/1920  |  21.52 steps/s  |  5.2s elapsed  |  215.9638 TFLOPs
  step  120/1920  |  21.52 steps/s  |  5.6s elapsed  |  235.4200 TFLOPs
  step  130/1920  |  21.52 steps/s  |  6.1s elapsed  |  254.8762 TFLOPs
  step  140/1920  |  21.53 steps/s  |  6.5s elapsed  |  274.3324 TFLOPs
  step  150/1920  |  21.55 steps/s  |  7.0s elapsed  |  293.7886 TFLOPs
  step  160/1920  |  21.55 steps/s  |  7.5s elapsed  |  313.2448 TFLOPs
  step  170/1920  |  21.53 steps/s  |  7.9s elapsed  |  332.7011 TFLOPs
  step  180/1920  |  21.39 steps/s  |  8.5s elapsed  |  352.1573 TFLOPs
  step  190/1920  |  21.31 steps/s  |  9.0s elapsed  |  371.6135 TFLOPs
  step  200/1920  |  21.23 steps/s  |  9.5s elapsed  |  391.0697 TFLOPs
  step  210/1920  |  21.15 steps/s  |  10.0s elapsed  |  410.5259 TFLOPs
  step  220/1920  |  21.10 steps/s  |  10.5s elapsed  |  429.9821 TFLOPs
  step  230/1920  |  21.04 steps/s  |  11.0s elapsed  |  449.4383 TFLOPs
  step  240/1920  |  20.95 steps/s  |  11.5s elapsed  |  468.8945 TFLOPs
  step  250/1920  |  20.90 steps/s  |  12.0s elapsed  |  488.3507 TFLOPs
  step  260/1920  |  20.85 steps/s  |  12.5s elapsed  |  507.8069 TFLOPs
  step  270/1920  |  20.76 steps/s  |  13.1s elapsed  |  527.2631 TFLOPs
  step  280/1920  |  20.69 steps/s  |  13.6s elapsed  |  546.7193 TFLOPs
  step  290/1920  |  20.63 steps/s  |  14.1s elapsed  |  566.1755 TFLOPs
  step  300/1920  |  20.55 steps/s  |  14.6s elapsed  |  585.6317 TFLOPs
  step  310/1920  |  20.48 steps/s  |  15.2s elapsed  |  605.0879 TFLOPs
  step  320/1920  |  20.43 steps/s  |  15.7s elapsed  |  624.5441 TFLOPs
  step  330/1920  |  20.36 steps/s  |  16.3s elapsed  |  644.0003 TFLOPs
  step  340/1920  |  20.29 steps/s  |  16.8s elapsed  |  663.4565 TFLOPs
  step  350/1920  |  20.22 steps/s  |  17.4s elapsed  |  682.9127 TFLOPs
  step  360/1920  |  20.17 steps/s  |  17.9s elapsed  |  702.3689 TFLOPs
  step  370/1920  |  20.10 steps/s  |  18.5s elapsed  |  721.8251 TFLOPs
  step  380/1920  |  20.04 steps/s  |  19.0s elapsed  |  741.2813 TFLOPs
  step  390/1920  |  19.97 steps/s  |  19.6s elapsed  |  760.7375 TFLOPs
  step  400/1920  |  19.91 steps/s  |  20.1s elapsed  |  780.1937 TFLOPs
  step  410/1920  |  19.85 steps/s  |  20.7s elapsed  |  799.6499 TFLOPs
  step  420/1920  |  19.79 steps/s  |  21.3s elapsed  |  819.1061 TFLOPs
  step  430/1920  |  19.72 steps/s  |  21.9s elapsed  |  838.5623 TFLOPs
  step  440/1920  |  19.61 steps/s  |  22.5s elapsed  |  858.0185 TFLOPs
  step  450/1920  |  19.54 steps/s  |  23.1s elapsed  |  877.4747 TFLOPs
  step  460/1920  |  19.44 steps/s  |  23.7s elapsed  |  896.9309 TFLOPs
  step  470/1920  |  19.37 steps/s  |  24.3s elapsed  |  916.3871 TFLOPs
  step  480/1920  |  19.31 steps/s  |  24.9s elapsed  |  935.8433 TFLOPs
  step  490/1920  |  19.26 steps/s  |  25.5s elapsed  |  955.2995 TFLOPs
  step  500/1920  |  19.22 steps/s  |  26.1s elapsed  |  974.7557 TFLOPs
  step  510/1920  |  19.19 steps/s  |  26.6s elapsed  |  994.2119 TFLOPs
  step  520/1920  |  19.14 steps/s  |  27.2s elapsed  |  1013.6681 TFLOPs
  step  530/1920  |  19.07 steps/s  |  27.8s elapsed  |  1033.1243 TFLOPs
  step  540/1920  |  18.96 steps/s  |  28.5s elapsed  |  1052.5805 TFLOPs
  step  550/1920  |  18.87 steps/s  |  29.2s elapsed  |  1072.0367 TFLOPs
  step  560/1920  |  18.83 steps/s  |  29.8s elapsed  |  1091.4929 TFLOPs
  step  570/1920  |  18.77 steps/s  |  30.4s elapsed  |  1110.9491 TFLOPs
  step  580/1920  |  18.71 steps/s  |  31.1s elapsed  |  1130.4053 TFLOPs
  step  590/1920  |  18.65 steps/s  |  31.7s elapsed  |  1149.8615 TFLOPs
  step  600/1920  |  18.60 steps/s  |  32.3s elapsed  |  1169.3177 TFLOPs
  step  610/1920  |  18.51 steps/s  |  33.0s elapsed  |  1188.7739 TFLOPs
  step  620/1920  |  18.48 steps/s  |  33.6s elapsed  |  1208.2301 TFLOPs
  step  630/1920  |  18.46 steps/s  |  34.2s elapsed  |  1227.6863 TFLOPs
  step  640/1920  |  18.44 steps/s  |  34.8s elapsed  |  1247.1425 TFLOPs
  step  650/1920  |  18.40 steps/s  |  35.4s elapsed  |  1266.5987 TFLOPs
  step  660/1920  |  18.35 steps/s  |  36.0s elapsed  |  1286.0549 TFLOPs
  step  670/1920  |  18.30 steps/s  |  36.7s elapsed  |  1305.5111 TFLOPs
  step  680/1920  |  18.23 steps/s  |  37.4s elapsed  |  1324.9673 TFLOPs
  step  690/1920  |  18.18 steps/s  |  38.0s elapsed  |  1344.4235 TFLOPs
  step  700/1920  |  18.11 steps/s  |  38.7s elapsed  |  1363.8797 TFLOPs
  step  710/1920  |  18.06 steps/s  |  39.4s elapsed  |  1383.3360 TFLOPs
  step  720/1920  |  18.00 steps/s  |  40.1s elapsed  |  1402.7922 TFLOPs
  step  730/1920  |  17.94 steps/s  |  40.8s elapsed  |  1422.2484 TFLOPs
  step  740/1920  |  17.91 steps/s  |  41.4s elapsed  |  1441.7046 TFLOPs
  step  750/1920  |  17.88 steps/s  |  42.0s elapsed  |  1461.1608 TFLOPs
  step  760/1920  |  17.82 steps/s  |  42.7s elapsed  |  1480.6170 TFLOPs
  step  770/1920  |  17.78 steps/s  |  43.4s elapsed  |  1500.0732 TFLOPs
  step  780/1920  |  17.75 steps/s  |  44.0s elapsed  |  1519.5294 TFLOPs
  step  790/1920  |  17.70 steps/s  |  44.7s elapsed  |  1538.9856 TFLOPs
  step  800/1920  |  17.66 steps/s  |  45.3s elapsed  |  1558.4418 TFLOPs
  step  810/1920  |  17.64 steps/s  |  46.0s elapsed  |  1577.8980 TFLOPs
  step  820/1920  |  17.61 steps/s  |  46.6s elapsed  |  1597.3542 TFLOPs
  step  830/1920  |  17.59 steps/s  |  47.3s elapsed  |  1616.8104 TFLOPs
  step  840/1920  |  17.51 steps/s  |  48.0s elapsed  |  1636.2666 TFLOPs
  step  850/1920  |  17.45 steps/s  |  48.8s elapsed  |  1655.7228 TFLOPs
  step  860/1920  |  17.42 steps/s  |  49.4s elapsed  |  1675.1790 TFLOPs
  step  870/1920  |  17.39 steps/s  |  50.1s elapsed  |  1694.6352 TFLOPs
  step  880/1920  |  17.36 steps/s  |  50.7s elapsed  |  1714.0914 TFLOPs
  step  890/1920  |  17.33 steps/s  |  51.4s elapsed  |  1733.5476 TFLOPs
  step  900/1920  |  17.30 steps/s  |  52.1s elapsed  |  1753.0038 TFLOPs
  step  910/1920  |  17.27 steps/s  |  52.8s elapsed  |  1772.4600 TFLOPs
  step  920/1920  |  17.23 steps/s  |  53.4s elapsed  |  1791.9162 TFLOPs
  step  930/1920  |  17.18 steps/s  |  54.2s elapsed  |  1811.3724 TFLOPs
  step  940/1920  |  17.14 steps/s  |  54.9s elapsed  |  1830.8286 TFLOPs
  step  950/1920  |  17.09 steps/s  |  55.6s elapsed  |  1850.2848 TFLOPs
  step  960/1920  |  17.05 steps/s  |  56.4s elapsed  |  1869.7410 TFLOPs
  step  970/1920  |  17.00 steps/s  |  57.1s elapsed  |  1889.1972 TFLOPs
  step  980/1920  |  16.96 steps/s  |  57.8s elapsed  |  1908.6534 TFLOPs
  step  990/1920  |  16.91 steps/s  |  58.6s elapsed  |  1928.1096 TFLOPs
  step 1000/1920  |  16.86 steps/s  |  59.4s elapsed  |  1947.5658 TFLOPs
  step 1010/1920  |  16.68 steps/s  |  60.6s elapsed  |  1967.0220 TFLOPs
  step 1020/1920  |  16.64 steps/s  |  61.4s elapsed  |  1986.4782 TFLOPs
  step 1030/1920  |  16.59 steps/s  |  62.2s elapsed  |  2005.9344 TFLOPs
  step 1040/1920  |  16.51 steps/s  |  63.1s elapsed  |  2025.3906 TFLOPs
  step 1050/1920  |  16.32 steps/s  |  64.4s elapsed  |  2044.8468 TFLOPs
  step 1060/1920  |  16.11 steps/s  |  65.9s elapsed  |  2064.3030 TFLOPs
  step 1070/1920  |  16.04 steps/s  |  66.8s elapsed  |  2083.7592 TFLOPs
  step 1080/1920  |  16.04 steps/s  |  67.4s elapsed  |  2103.2154 TFLOPs
  step 1090/1920  |  16.04 steps/s  |  68.0s elapsed  |  2122.6716 TFLOPs
  step 1100/1920  |  16.04 steps/s  |  68.6s elapsed  |  2142.1278 TFLOPs
  step 1110/1920  |  16.02 steps/s  |  69.4s elapsed  |  2161.5840 TFLOPs
  step 1120/1920  |  15.99 steps/s  |  70.1s elapsed  |  2181.0402 TFLOPs
  step 1130/1920  |  15.97 steps/s  |  70.8s elapsed  |  2200.4964 TFLOPs
  step 1140/1920  |  15.95 steps/s  |  71.5s elapsed  |  2219.9526 TFLOPs
  step 1150/1920  |  15.94 steps/s  |  72.2s elapsed  |  2239.4088 TFLOPs
  step 1160/1920  |  15.92 steps/s  |  72.9s elapsed  |  2258.8650 TFLOPs
  step 1170/1920  |  15.89 steps/s  |  73.7s elapsed  |  2278.3212 TFLOPs
  step 1180/1920  |  15.86 steps/s  |  74.5s elapsed  |  2297.7774 TFLOPs
  step 1190/1920  |  15.75 steps/s  |  75.6s elapsed  |  2317.2336 TFLOPs
  step 1200/1920  |  15.55 steps/s  |  77.3s elapsed  |  2336.6898 TFLOPs
  step 1210/1920  |  15.50 steps/s  |  78.1s elapsed  |  2356.1460 TFLOPs
  step 1220/1920  |  15.50 steps/s  |  78.8s elapsed  |  2375.6022 TFLOPs
  step 1230/1920  |  15.49 steps/s  |  79.5s elapsed  |  2395.0584 TFLOPs
  step 1240/1920  |  15.48 steps/s  |  80.2s elapsed  |  2414.5146 TFLOPs
  step 1250/1920  |  15.48 steps/s  |  80.8s elapsed  |  2433.9709 TFLOPs
  step 1260/1920  |  15.47 steps/s  |  81.5s elapsed  |  2453.4271 TFLOPs
  step 1270/1920  |  15.46 steps/s  |  82.2s elapsed  |  2472.8833 TFLOPs
  step 1280/1920  |  15.45 steps/s  |  82.9s elapsed  |  2492.3395 TFLOPs
  step 1290/1920  |  15.43 steps/s  |  83.6s elapsed  |  2511.7957 TFLOPs
  step 1300/1920  |  15.33 steps/s  |  84.9s elapsed  |  2531.2519 TFLOPs
  step 1310/1920  |  15.30 steps/s  |  85.7s elapsed  |  2550.7081 TFLOPs
  step 1320/1920  |  15.23 steps/s  |  86.8s elapsed  |  2570.1643 TFLOPs
  step 1330/1920  |  15.18 steps/s  |  87.7s elapsed  |  2589.6205 TFLOPs
  step 1340/1920  |  15.11 steps/s  |  88.7s elapsed  |  2609.0767 TFLOPs
  step 1350/1920  |  15.04 steps/s  |  89.8s elapsed  |  2628.5329 TFLOPs
  step 1360/1920  |  15.03 steps/s  |  90.5s elapsed  |  2647.9891 TFLOPs
  step 1370/1920  |  15.03 steps/s  |  91.2s elapsed  |  2667.4453 TFLOPs
  step 1380/1920  |  15.03 steps/s  |  91.9s elapsed  |  2686.9015 TFLOPs
  step 1390/1920  |  15.03 steps/s  |  92.6s elapsed  |  2706.3577 TFLOPs
  step 1400/1920  |  15.02 steps/s  |  93.3s elapsed  |  2725.8139 TFLOPs
  step 1410/1920  |  15.01 steps/s  |  94.0s elapsed  |  2745.2701 TFLOPs
  step 1420/1920  |  15.00 steps/s  |  94.7s elapsed  |  2764.7263 TFLOPs
  step 1430/1920  |  14.99 steps/s  |  95.5s elapsed  |  2784.1825 TFLOPs
  step 1440/1920  |  14.98 steps/s  |  96.2s elapsed  |  2803.6387 TFLOPs
  step 1450/1920  |  14.97 steps/s  |  96.9s elapsed  |  2823.0949 TFLOPs
  step 1460/1920  |  14.97 steps/s  |  97.6s elapsed  |  2842.5511 TFLOPs
  step 1470/1920  |  14.97 steps/s  |  98.3s elapsed  |  2862.0073 TFLOPs
  step 1480/1920  |  14.96 steps/s  |  99.0s elapsed  |  2881.4635 TFLOPs
  step 1490/1920  |  14.95 steps/s  |  99.8s elapsed  |  2900.9197 TFLOPs
  step 1500/1920  |  14.94 steps/s  |  100.5s elapsed  |  2920.3759 TFLOPs
  step 1510/1920  |  14.93 steps/s  |  101.2s elapsed  |  2939.8321 TFLOPs
  step 1520/1920  |  14.92 steps/s  |  102.0s elapsed  |  2959.2883 TFLOPs
  step 1530/1920  |  14.91 steps/s  |  102.7s elapsed  |  2978.7445 TFLOPs
  step 1540/1920  |  14.90 steps/s  |  103.4s elapsed  |  2998.2007 TFLOPs
  step 1550/1920  |  14.88 steps/s  |  104.2s elapsed  |  3017.6569 TFLOPs
  step 1560/1920  |  14.72 steps/s  |  106.0s elapsed  |  3037.1131 TFLOPs
  step 1570/1920  |  14.71 steps/s  |  106.8s elapsed  |  3056.5693 TFLOPs
  step 1580/1920  |  14.70 steps/s  |  107.5s elapsed  |  3076.0255 TFLOPs
  step 1590/1920  |  14.69 steps/s  |  108.3s elapsed  |  3095.4817 TFLOPs
  step 1600/1920  |  14.58 steps/s  |  109.8s elapsed  |  3114.9379 TFLOPs
  step 1610/1920  |  14.56 steps/s  |  110.6s elapsed  |  3134.3941 TFLOPs
  step 1620/1920  |  14.54 steps/s  |  111.5s elapsed  |  3153.8503 TFLOPs
  step 1630/1920  |  14.42 steps/s  |  113.1s elapsed  |  3173.3065 TFLOPs
  step 1640/1920  |  14.38 steps/s  |  114.1s elapsed  |  3192.7627 TFLOPs
  step 1650/1920  |  14.39 steps/s  |  114.7s elapsed  |  3212.2189 TFLOPs
  step 1660/1920  |  14.40 steps/s  |  115.3s elapsed  |  3231.6751 TFLOPs
  step 1670/1920  |  14.25 steps/s  |  117.3s elapsed  |  3251.1313 TFLOPs
  step 1680/1920  |  14.21 steps/s  |  118.3s elapsed  |  3270.5875 TFLOPs
  step 1690/1920  |  14.22 steps/s  |  119.0s elapsed  |  3290.0437 TFLOPs
  step 1700/1920  |  14.22 steps/s  |  119.6s elapsed  |  3309.4999 TFLOPs
  step 1710/1920  |  14.23 steps/s  |  120.3s elapsed  |  3328.9561 TFLOPs
  step 1720/1920  |  14.23 steps/s  |  121.0s elapsed  |  3348.4123 TFLOPs
  step 1730/1920  |  14.23 steps/s  |  121.6s elapsed  |  3367.8685 TFLOPs
  step 1740/1920  |  14.23 steps/s  |  122.3s elapsed  |  3387.3247 TFLOPs
  step 1750/1920  |  14.23 steps/s  |  123.0s elapsed  |  3406.7809 TFLOPs
  step 1760/1920  |  14.23 steps/s  |  123.8s elapsed  |  3426.2371 TFLOPs
  step 1770/1920  |  14.23 steps/s  |  124.5s elapsed  |  3445.6933 TFLOPs
  step 1780/1920  |  14.22 steps/s  |  125.2s elapsed  |  3465.1495 TFLOPs
  step 1790/1920  |  14.21 steps/s  |  126.0s elapsed  |  3484.6058 TFLOPs
  step 1800/1920  |  14.20 steps/s  |  126.8s elapsed  |  3504.0620 TFLOPs
  step 1810/1920  |  14.10 steps/s  |  128.4s elapsed  |  3523.5182 TFLOPs
  step 1820/1920  |  14.04 steps/s  |  129.7s elapsed  |  3542.9744 TFLOPs
  step 1830/1920  |  14.02 steps/s  |  130.6s elapsed  |  3562.4306 TFLOPs
  step 1840/1920  |  14.03 steps/s  |  131.2s elapsed  |  3581.8868 TFLOPs
  step 1850/1920  |  14.01 steps/s  |  132.1s elapsed  |  3601.3430 TFLOPs
  step 1860/1920  |  13.96 steps/s  |  133.4s elapsed  |  3620.7992 TFLOPs
  step 1870/1920  |  13.92 steps/s  |  134.4s elapsed  |  3640.2554 TFLOPs
  step 1880/1920  |  13.87 steps/s  |  135.7s elapsed  |  3659.7116 TFLOPs
  step 1890/1920  |  13.81 steps/s  |  137.0s elapsed  |  3679.1678 TFLOPs
  step 1900/1920  |  13.75 steps/s  |  138.3s elapsed  |  3698.6240 TFLOPs
  step 1910/1920  |  13.70 steps/s  |  139.4s elapsed  |  3718.0802 TFLOPs

[redteam] Done. 1920 steps in 140.5s (13.66 steps/s)
[redteam] Ground truth total : 3735.5908 TFLOPs
[redteam] Ground truth rate  : 26.5813 TFLOPS avg
[redteam] Compare 'Monitor est.' above to ground truth total.
[redteam] all-reduce probe: OK
  -> GT 3735.59 TFLOPs  | net 18182 J  | 142s  | gpu 97/97%  | NVLink 1230MB/step  | FRONTIER

[2/11] S4_d1024_s256_L6_b16  (fam S4)  fixed steps=960
  Launching: torchrun x2  --steps 960 --batch-size 16 --seq-len 256 --d-model 1024 --num-layers 6 --nhead 8 --dim-feedforward 4096 --precision fp16 --optimizer adamw
W0810 03:00:53.003000 348639 torch/distributed/run.py:766] 
W0810 03:00:53.003000 348639 torch/distributed/run.py:766] *****************************************
W0810 03:00:53.003000 348639 torch/distributed/run.py:766] Setting OMP_NUM_THREADS environment variable for each process to be 1 in default, to avoid your system being overloaded, please further tune the variable for optimal performance in your application as needed. 
W0810 03:00:53.003000 348639 torch/distributed/run.py:766] *****************************************
[redteam] Device : Tesla V100-SXM2-16GB × 2 (DDP)
[redteam] Config : steps=960, batch/gpu=16, global_batch=32, seq=256, d_model=1024, layers=6, nhead=8, ff=4096, precision=fp16, opt=adamw
[redteam] Params : 76626944 (76.6M)
[redteam] FLOPs/step/gpu (fwd+bwd) : 1945.620 GFLOPs
[redteam] Ground truth total    : 3735.5908 TFLOPs  (2 ranks)
[redteam] Starting workload...

  step    0/960  |  16.26 steps/s  |  0.1s elapsed  |  3.8912 TFLOPs
  step   10/960  |  9.11 steps/s  |  1.2s elapsed  |  42.8036 TFLOPs
  step   20/960  |  7.38 steps/s  |  2.8s elapsed  |  81.7160 TFLOPs
  step   30/960  |  7.55 steps/s  |  4.1s elapsed  |  120.6285 TFLOPs
  step   40/960  |  7.02 steps/s  |  5.8s elapsed  |  159.5409 TFLOPs
  step   50/960  |  7.42 steps/s  |  6.9s elapsed  |  198.4533 TFLOPs
  step   60/960  |  7.66 steps/s  |  8.0s elapsed  |  237.3657 TFLOPs
  step   70/960  |  7.75 steps/s  |  9.2s elapsed  |  276.2781 TFLOPs
  step   80/960  |  7.27 steps/s  |  11.1s elapsed  |  315.1905 TFLOPs
  step   90/960  |  7.40 steps/s  |  12.3s elapsed  |  354.1029 TFLOPs
  step  100/960  |  6.92 steps/s  |  14.6s elapsed  |  393.0153 TFLOPs
  step  110/960  |  6.71 steps/s  |  16.5s elapsed  |  431.9277 TFLOPs
  step  120/960  |  6.89 steps/s  |  17.6s elapsed  |  470.8401 TFLOPs
  step  130/960  |  6.73 steps/s  |  19.5s elapsed  |  509.7525 TFLOPs
  step  140/960  |  6.73 steps/s  |  20.9s elapsed  |  548.6649 TFLOPs
  step  150/960  |  6.41 steps/s  |  23.6s elapsed  |  587.5773 TFLOPs
  step  160/960  |  6.37 steps/s  |  25.3s elapsed  |  626.4897 TFLOPs
  step  170/960  |  6.13 steps/s  |  27.9s elapsed  |  665.4021 TFLOPs
  step  180/960  |  5.94 steps/s  |  30.5s elapsed  |  704.3145 TFLOPs
  step  190/960  |  5.97 steps/s  |  32.0s elapsed  |  743.2269 TFLOPs
  step  200/960  |  5.94 steps/s  |  33.8s elapsed  |  782.1393 TFLOPs
  step  210/960  |  5.83 steps/s  |  36.2s elapsed  |  821.0517 TFLOPs
  step  220/960  |  5.84 steps/s  |  37.8s elapsed  |  859.9641 TFLOPs
  step  230/960  |  5.88 steps/s  |  39.3s elapsed  |  898.8765 TFLOPs
  step  240/960  |  5.92 steps/s  |  40.7s elapsed  |  937.7889 TFLOPs
  step  250/960  |  5.96 steps/s  |  42.1s elapsed  |  976.7013 TFLOPs
  step  260/960  |  5.90 steps/s  |  44.3s elapsed  |  1015.6137 TFLOPs
  step  270/960  |  5.96 steps/s  |  45.5s elapsed  |  1054.5261 TFLOPs
  step  280/960  |  5.87 steps/s  |  47.9s elapsed  |  1093.4385 TFLOPs
  step  290/960  |  5.89 steps/s  |  49.4s elapsed  |  1132.3509 TFLOPs
  step  300/960  |  5.85 steps/s  |  51.5s elapsed  |  1171.2634 TFLOPs
  step  310/960  |  5.92 steps/s  |  52.5s elapsed  |  1210.1758 TFLOPs
  step  320/960  |  5.98 steps/s  |  53.7s elapsed  |  1249.0882 TFLOPs
  step  330/960  |  5.81 steps/s  |  56.9s elapsed  |  1288.0006 TFLOPs
  step  340/960  |  5.65 steps/s  |  60.4s elapsed  |  1326.9130 TFLOPs
  step  350/960  |  5.64 steps/s  |  62.2s elapsed  |  1365.8254 TFLOPs
  step  360/960  |  5.71 steps/s  |  63.2s elapsed  |  1404.7378 TFLOPs
  step  370/960  |  5.64 steps/s  |  65.8s elapsed  |  1443.6502 TFLOPs
  step  380/960  |  5.58 steps/s  |  68.3s elapsed  |  1482.5626 TFLOPs
  step  390/960  |  5.61 steps/s  |  69.7s elapsed  |  1521.4750 TFLOPs
  step  400/960  |  5.54 steps/s  |  72.4s elapsed  |  1560.3874 TFLOPs
  step  410/960  |  5.60 steps/s  |  73.4s elapsed  |  1599.2998 TFLOPs
  step  420/960  |  5.53 steps/s  |  76.1s elapsed  |  1638.2122 TFLOPs
  step  430/960  |  5.47 steps/s  |  78.8s elapsed  |  1677.1246 TFLOPs
  step  440/960  |  5.49 steps/s  |  80.3s elapsed  |  1716.0370 TFLOPs
  step  450/960  |  5.52 steps/s  |  81.7s elapsed  |  1754.9494 TFLOPs
  step  460/960  |  5.52 steps/s  |  83.5s elapsed  |  1793.8618 TFLOPs
  step  470/960  |  5.54 steps/s  |  85.0s elapsed  |  1832.7742 TFLOPs
  step  480/960  |  5.51 steps/s  |  87.2s elapsed  |  1871.6866 TFLOPs
  step  490/960  |  5.53 steps/s  |  88.8s elapsed  |  1910.5990 TFLOPs
  step  500/960  |  5.48 steps/s  |  91.5s elapsed  |  1949.5114 TFLOPs
  step  510/960  |  5.43 steps/s  |  94.1s elapsed  |  1988.4238 TFLOPs
  step  520/960  |  5.47 steps/s  |  95.2s elapsed  |  2027.3362 TFLOPs
  step  530/960  |  5.51 steps/s  |  96.3s elapsed  |  2066.2486 TFLOPs
  step  540/960  |  5.51 steps/s  |  98.2s elapsed  |  2105.1610 TFLOPs
  step  550/960  |  5.55 steps/s  |  99.3s elapsed  |  2144.0734 TFLOPs
  step  560/960  |  5.59 steps/s  |  100.3s elapsed  |  2182.9858 TFLOPs
  step  570/960  |  5.54 steps/s  |  103.0s elapsed  |  2221.8983 TFLOPs
  step  580/960  |  5.56 steps/s  |  104.4s elapsed  |  2260.8107 TFLOPs
  step  590/960  |  5.53 steps/s  |  106.9s elapsed  |  2299.7231 TFLOPs
  step  600/960  |  5.54 steps/s  |  108.4s elapsed  |  2338.6355 TFLOPs
  step  610/960  |  5.49 steps/s  |  111.2s elapsed  |  2377.5479 TFLOPs
  step  620/960  |  5.53 steps/s  |  112.4s elapsed  |  2416.4603 TFLOPs
  step  630/960  |  5.56 steps/s  |  113.4s elapsed  |  2455.3727 TFLOPs
  step  640/960  |  5.51 steps/s  |  116.4s elapsed  |  2494.2851 TFLOPs
  step  650/960  |  5.52 steps/s  |  117.9s elapsed  |  2533.1975 TFLOPs
  step  660/960  |  5.56 steps/s  |  119.0s elapsed  |  2572.1099 TFLOPs
  step  670/960  |  5.51 steps/s  |  121.9s elapsed  |  2611.0223 TFLOPs
  step  680/960  |  5.49 steps/s  |  124.2s elapsed  |  2649.9347 TFLOPs
  step  690/960  |  5.51 steps/s  |  125.3s elapsed  |  2688.8471 TFLOPs
  step  700/960  |  5.51 steps/s  |  127.2s elapsed  |  2727.7595 TFLOPs
  step  710/960  |  5.50 steps/s  |  129.3s elapsed  |  2766.6719 TFLOPs
  step  720/960  |  5.46 steps/s  |  131.9s elapsed  |  2805.5843 TFLOPs
  step  730/960  |  5.47 steps/s  |  133.7s elapsed  |  2844.4967 TFLOPs
  step  740/960  |  5.45 steps/s  |  135.9s elapsed  |  2883.4091 TFLOPs
  step  750/960  |  5.46 steps/s  |  137.6s elapsed  |  2922.3215 TFLOPs
  step  760/960  |  5.45 steps/s  |  139.8s elapsed  |  2961.2339 TFLOPs
  step  770/960  |  5.46 steps/s  |  141.3s elapsed  |  3000.1463 TFLOPs
  step  780/960  |  5.43 steps/s  |  143.7s elapsed  |  3039.0587 TFLOPs
  step  790/960  |  5.45 steps/s  |  145.2s elapsed  |  3077.9711 TFLOPs
  step  800/960  |  5.41 steps/s  |  148.1s elapsed  |  3116.8835 TFLOPs
  step  810/960  |  5.41 steps/s  |  150.0s elapsed  |  3155.7959 TFLOPs
  step  820/960  |  5.39 steps/s  |  152.3s elapsed  |  3194.7083 TFLOPs
  step  830/960  |  5.40 steps/s  |  154.0s elapsed  |  3233.6207 TFLOPs
  step  840/960  |  5.36 steps/s  |  156.8s elapsed  |  3272.5332 TFLOPs
  step  850/960  |  5.39 steps/s  |  158.0s elapsed  |  3311.4456 TFLOPs
  step  860/960  |  5.39 steps/s  |  159.7s elapsed  |  3350.3580 TFLOPs
  step  870/960  |  5.37 steps/s  |  162.1s elapsed  |  3389.2704 TFLOPs
  step  880/960  |  5.36 steps/s  |  164.4s elapsed  |  3428.1828 TFLOPs
  step  890/960  |  5.32 steps/s  |  167.5s elapsed  |  3467.0952 TFLOPs
  step  900/960  |  5.32 steps/s  |  169.3s elapsed  |  3506.0076 TFLOPs
  step  910/960  |  5.35 steps/s  |  170.3s elapsed  |  3544.9200 TFLOPs
  step  920/960  |  5.37 steps/s  |  171.4s elapsed  |  3583.8324 TFLOPs
  step  930/960  |  5.36 steps/s  |  173.7s elapsed  |  3622.7448 TFLOPs
  step  940/960  |  5.37 steps/s  |  175.3s elapsed  |  3661.6572 TFLOPs
  step  950/960  |  5.39 steps/s  |  176.3s elapsed  |  3700.5696 TFLOPs

[redteam] Done. 960 steps in 177.4s (5.41 steps/s)
[redteam] Ground truth total : 3735.5908 TFLOPs
[redteam] Ground truth rate  : 21.0587 TFLOPS avg
[redteam] Compare 'Monitor est.' above to ground truth total.
[redteam] all-reduce probe: OK
  -> GT 3735.59 TFLOPs  | net 18650 J  | 179s  | gpu 99/98%  | NVLink 1233MB/step  | FRONTIER

[3/11] S4_d1024_s256_L6_b32  (fam S4)  fixed steps=480
  Launching: torchrun x2  --steps 480 --batch-size 32 --seq-len 256 --d-model 1024 --num-layers 6 --nhead 8 --dim-feedforward 4096 --precision fp16 --optimizer adamw
W0810 03:03:56.908000 349679 torch/distributed/run.py:766] 
W0810 03:03:56.908000 349679 torch/distributed/run.py:766] *****************************************
W0810 03:03:56.908000 349679 torch/distributed/run.py:766] Setting OMP_NUM_THREADS environment variable for each process to be 1 in default, to avoid your system being overloaded, please further tune the variable for optimal performance in your application as needed. 
W0810 03:03:56.908000 349679 torch/distributed/run.py:766] *****************************************
[redteam] Device : Tesla V100-SXM2-16GB × 2 (DDP)
[redteam] Config : steps=480, batch/gpu=32, global_batch=64, seq=256, d_model=1024, layers=6, nhead=8, ff=4096, precision=fp16, opt=adamw
[redteam] Params : 76626944 (76.6M)
[redteam] FLOPs/step/gpu (fwd+bwd) : 3891.240 GFLOPs
[redteam] Ground truth total    : 3735.5908 TFLOPs  (2 ranks)
[redteam] Starting workload...

  step    0/480  |  9.33 steps/s  |  0.1s elapsed  |  7.7825 TFLOPs
  step   10/480  |  5.20 steps/s  |  2.1s elapsed  |  85.6073 TFLOPs
  step   20/480  |  3.84 steps/s  |  5.5s elapsed  |  163.4321 TFLOPs
  step   30/480  |  3.56 steps/s  |  8.7s elapsed  |  241.2569 TFLOPs
  step   40/480  |  3.38 steps/s  |  12.1s elapsed  |  319.0817 TFLOPs
  step   50/480  |  3.24 steps/s  |  15.8s elapsed  |  396.9065 TFLOPs
  step   60/480  |  3.39 steps/s  |  18.0s elapsed  |  474.7313 TFLOPs
  step   70/480  |  3.41 steps/s  |  20.8s elapsed  |  552.5561 TFLOPs
  step   80/480  |  3.40 steps/s  |  23.9s elapsed  |  630.3809 TFLOPs
  step   90/480  |  3.27 steps/s  |  27.8s elapsed  |  708.2057 TFLOPs
  step  100/480  |  3.38 steps/s  |  29.9s elapsed  |  786.0306 TFLOPs
  step  110/480  |  3.37 steps/s  |  32.9s elapsed  |  863.8554 TFLOPs
  step  120/480  |  3.33 steps/s  |  36.4s elapsed  |  941.6802 TFLOPs
  step  130/480  |  3.27 steps/s  |  40.0s elapsed  |  1019.5050 TFLOPs
  step  140/480  |  3.30 steps/s  |  42.7s elapsed  |  1097.3298 TFLOPs
  step  150/480  |  3.30 steps/s  |  45.7s elapsed  |  1175.1546 TFLOPs
  step  160/480  |  3.30 steps/s  |  48.8s elapsed  |  1252.9794 TFLOPs
  step  170/480  |  3.20 steps/s  |  53.5s elapsed  |  1330.8042 TFLOPs
  step  180/480  |  3.20 steps/s  |  56.5s elapsed  |  1408.6290 TFLOPs
  step  190/480  |  3.21 steps/s  |  59.6s elapsed  |  1486.4538 TFLOPs
  step  200/480  |  3.18 steps/s  |  63.3s elapsed  |  1564.2786 TFLOPs
  step  210/480  |  3.23 steps/s  |  65.4s elapsed  |  1642.1034 TFLOPs
  step  220/480  |  3.20 steps/s  |  69.1s elapsed  |  1719.9282 TFLOPs
  step  230/480  |  3.17 steps/s  |  72.9s elapsed  |  1797.7531 TFLOPs
  step  240/480  |  3.19 steps/s  |  75.6s elapsed  |  1875.5779 TFLOPs
  step  250/480  |  3.19 steps/s  |  78.7s elapsed  |  1953.4027 TFLOPs
  step  260/480  |  3.20 steps/s  |  81.7s elapsed  |  2031.2275 TFLOPs
  step  270/480  |  3.20 steps/s  |  84.8s elapsed  |  2109.0523 TFLOPs
  step  280/480  |  3.16 steps/s  |  88.9s elapsed  |  2186.8771 TFLOPs
  step  290/480  |  3.14 steps/s  |  92.8s elapsed  |  2264.7019 TFLOPs
  step  300/480  |  3.12 steps/s  |  96.5s elapsed  |  2342.5267 TFLOPs
  step  310/480  |  3.16 steps/s  |  98.5s elapsed  |  2420.3515 TFLOPs
  step  320/480  |  3.14 steps/s  |  102.2s elapsed  |  2498.1763 TFLOPs
  step  330/480  |  3.12 steps/s  |  106.1s elapsed  |  2576.0011 TFLOPs
  step  340/480  |  3.10 steps/s  |  110.1s elapsed  |  2653.8259 TFLOPs
  step  350/480  |  3.09 steps/s  |  113.7s elapsed  |  2731.6507 TFLOPs
  step  360/480  |  3.09 steps/s  |  116.8s elapsed  |  2809.4755 TFLOPs
  step  370/480  |  3.10 steps/s  |  119.7s elapsed  |  2887.3004 TFLOPs
  step  380/480  |  3.11 steps/s  |  122.4s elapsed  |  2965.1252 TFLOPs
  step  390/480  |  3.09 steps/s  |  126.7s elapsed  |  3042.9500 TFLOPs
  step  400/480  |  3.07 steps/s  |  130.6s elapsed  |  3120.7748 TFLOPs
  step  410/480  |  3.07 steps/s  |  133.9s elapsed  |  3198.5996 TFLOPs
  step  420/480  |  3.08 steps/s  |  136.5s elapsed  |  3276.4244 TFLOPs
  step  430/480  |  3.08 steps/s  |  140.1s elapsed  |  3354.2492 TFLOPs
  step  440/480  |  3.08 steps/s  |  143.1s elapsed  |  3432.0740 TFLOPs
  step  450/480  |  3.05 steps/s  |  147.8s elapsed  |  3509.8988 TFLOPs
  step  460/480  |  3.06 steps/s  |  150.8s elapsed  |  3587.7236 TFLOPs
  step  470/480  |  3.04 steps/s  |  154.9s elapsed  |  3665.5484 TFLOPs

[redteam] Done. 480 steps in 156.7s (3.06 steps/s)
[redteam] Ground truth total : 3735.5908 TFLOPs
[redteam] Ground truth rate  : 23.8396 TFLOPS avg
[redteam] Compare 'Monitor est.' above to ground truth total.
[redteam] all-reduce probe: OK
  -> GT 3735.59 TFLOPs  | net 16429 J  | 158s  | gpu 98/98%  | NVLink 1223MB/step  | FRONTIER

[4/11] S4_d1024_s256_L6_b64  (fam S4)  fixed steps=240
  Launching: torchrun x2  --steps 240 --batch-size 64 --seq-len 256 --d-model 1024 --num-layers 6 --nhead 8 --dim-feedforward 4096 --precision fp16 --optimizer adamw
W0810 03:06:40.333000 350590 torch/distributed/run.py:766] 
W0810 03:06:40.333000 350590 torch/distributed/run.py:766] *****************************************
W0810 03:06:40.333000 350590 torch/distributed/run.py:766] Setting OMP_NUM_THREADS environment variable for each process to be 1 in default, to avoid your system being overloaded, please further tune the variable for optimal performance in your application as needed. 
W0810 03:06:40.333000 350590 torch/distributed/run.py:766] *****************************************
[redteam] Device : Tesla V100-SXM2-16GB × 2 (DDP)
[redteam] Config : steps=240, batch/gpu=64, global_batch=128, seq=256, d_model=1024, layers=6, nhead=8, ff=4096, precision=fp16, opt=adamw
[redteam] Params : 76626944 (76.6M)
[redteam] FLOPs/step/gpu (fwd+bwd) : 7782.481 GFLOPs
[redteam] Ground truth total    : 3735.5908 TFLOPs  (2 ranks)
[redteam] Starting workload...

  step    0/240  |  3.94 steps/s  |  0.3s elapsed  |  15.5650 TFLOPs
  step   10/240  |  2.35 steps/s  |  4.7s elapsed  |  171.2146 TFLOPs
  step   20/240  |  2.02 steps/s  |  10.4s elapsed  |  326.8642 TFLOPs
  step   30/240  |  1.93 steps/s  |  16.1s elapsed  |  482.5138 TFLOPs
  step   40/240  |  1.86 steps/s  |  22.0s elapsed  |  638.1634 TFLOPs
  step   50/240  |  1.82 steps/s  |  28.1s elapsed  |  793.8130 TFLOPs
  step   60/240  |  1.71 steps/s  |  35.7s elapsed  |  949.4627 TFLOPs
  step   70/240  |  1.69 steps/s  |  42.1s elapsed  |  1105.1123 TFLOPs
  step   80/240  |  1.70 steps/s  |  47.8s elapsed  |  1260.7619 TFLOPs
  step   90/240  |  1.70 steps/s  |  53.6s elapsed  |  1416.4115 TFLOPs
  step  100/240  |  1.68 steps/s  |  60.1s elapsed  |  1572.0611 TFLOPs
  step  110/240  |  1.66 steps/s  |  67.1s elapsed  |  1727.7107 TFLOPs
  step  120/240  |  1.66 steps/s  |  73.0s elapsed  |  1883.3603 TFLOPs
  step  130/240  |  1.68 steps/s  |  78.1s elapsed  |  2039.0100 TFLOPs
  step  140/240  |  1.68 steps/s  |  84.0s elapsed  |  2194.6596 TFLOPs
  step  150/240  |  1.68 steps/s  |  89.9s elapsed  |  2350.3092 TFLOPs
  step  160/240  |  1.67 steps/s  |  96.3s elapsed  |  2505.9588 TFLOPs
  step  170/240  |  1.68 steps/s  |  101.8s elapsed  |  2661.6084 TFLOPs
  step  180/240  |  1.66 steps/s  |  109.0s elapsed  |  2817.2580 TFLOPs
  step  190/240  |  1.66 steps/s  |  115.3s elapsed  |  2972.9076 TFLOPs
  step  200/240  |  1.67 steps/s  |  120.5s elapsed  |  3128.5573 TFLOPs
  step  210/240  |  1.68 steps/s  |  125.3s elapsed  |  3284.2069 TFLOPs
  step  220/240  |  1.67 steps/s  |  132.1s elapsed  |  3439.8565 TFLOPs
  step  230/240  |  1.68 steps/s  |  137.3s elapsed  |  3595.5061 TFLOPs

[redteam] Done. 240 steps in 142.4s (1.69 steps/s)
[redteam] Ground truth total : 3735.5908 TFLOPs
[redteam] Ground truth rate  : 26.2347 TFLOPS avg
[redteam] Compare 'Monitor est.' above to ground truth total.
[redteam] all-reduce probe: OK
  -> GT 3735.59 TFLOPs  | net 14269 J  | 144s  | gpu 99/99%  | NVLink 1224MB/step  | FRONTIER

[5/11] S4_d1024_s256_L6_b128  (fam S4)  fixed steps=120
  Launching: torchrun x2  --steps 120 --batch-size 128 --seq-len 256 --d-model 1024 --num-layers 6 --nhead 8 --dim-feedforward 4096 --precision fp16 --optimizer adamw
W0810 03:09:09.526000 351455 torch/distributed/run.py:766] 
W0810 03:09:09.526000 351455 torch/distributed/run.py:766] *****************************************
W0810 03:09:09.526000 351455 torch/distributed/run.py:766] Setting OMP_NUM_THREADS environment variable for each process to be 1 in default, to avoid your system being overloaded, please further tune the variable for optimal performance in your application as needed. 
W0810 03:09:09.526000 351455 torch/distributed/run.py:766] *****************************************
[redteam] Device : Tesla V100-SXM2-16GB × 2 (DDP)
[redteam] Config : steps=120, batch/gpu=128, global_batch=256, seq=256, d_model=1024, layers=6, nhead=8, ff=4096, precision=fp16, opt=adamw
[redteam] Params : 76626944 (76.6M)
[redteam] FLOPs/step/gpu (fwd+bwd) : 15564.961 GFLOPs
[redteam] Ground truth total    : 3735.5908 TFLOPs  (2 ranks)
[redteam] Starting workload...

  step    0/120  |  1.59 steps/s  |  0.6s elapsed  |  31.1299 TFLOPs
  step   10/120  |  1.00 steps/s  |  11.0s elapsed  |  342.4292 TFLOPs
  step   20/120  |  0.99 steps/s  |  21.2s elapsed  |  653.7284 TFLOPs
  step   30/120  |  0.98 steps/s  |  31.6s elapsed  |  965.0276 TFLOPs
  step   40/120  |  0.97 steps/s  |  42.2s elapsed  |  1276.3268 TFLOPs
  step   50/120  |  0.96 steps/s  |  53.4s elapsed  |  1587.6261 TFLOPs
  step   60/120  |  0.95 steps/s  |  64.2s elapsed  |  1898.9253 TFLOPs
  step   70/120  |  0.94 steps/s  |  75.6s elapsed  |  2210.2245 TFLOPs
  step   80/120  |  0.94 steps/s  |  86.2s elapsed  |  2521.5238 TFLOPs
  step   90/120  |  0.94 steps/s  |  96.9s elapsed  |  2832.8230 TFLOPs
  step  100/120  |  0.94 steps/s  |  107.7s elapsed  |  3144.1222 TFLOPs
  step  110/120  |  0.94 steps/s  |  118.0s elapsed  |  3455.4214 TFLOPs

[redteam] Done. 120 steps in 128.4s (0.93 steps/s)
[redteam] Ground truth total : 3735.5908 TFLOPs
[redteam] Ground truth rate  : 29.0887 TFLOPS avg
[redteam] Compare 'Monitor est.' above to ground truth total.
[redteam] all-reduce probe: OK
  -> GT 3735.59 TFLOPs  | net 13288 J  | 130s  | gpu 99/99%  | NVLink 1228MB/step  | FRONTIER

[6/11] S3_d1024_s512_b16_L12_h1  (fam S3)  fixed steps=120
  Launching: torchrun x2  --steps 120 --batch-size 16 --seq-len 512 --d-model 1024 --num-layers 12 --nhead 1 --dim-feedforward 4096 --precision fp16 --optimizer adamw
W0810 03:11:25.297000 352201 torch/distributed/run.py:766] 
W0810 03:11:25.297000 352201 torch/distributed/run.py:766] *****************************************
W0810 03:11:25.297000 352201 torch/distributed/run.py:766] Setting OMP_NUM_THREADS environment variable for each process to be 1 in default, to avoid your system being overloaded, please further tune the variable for optimal performance in your application as needed. 
W0810 03:11:25.297000 352201 torch/distributed/run.py:766] *****************************************
[redteam] Device : Tesla V100-SXM2-16GB × 2 (DDP)
[redteam] Config : steps=120, batch/gpu=16, global_batch=32, seq=512, d_model=1024, layers=12, nhead=1, ff=4096, precision=fp16, opt=adamw
/home/will/verification-games/.venv/lib/python3.12/site-packages/torch/nn/modules/transformer.py:382: UserWarning: enable_nested_tensor is True, but self.use_nested_tensor is False because encoder_layer.self_attn.num_heads is odd
  warnings.warn(
/home/will/verification-games/.venv/lib/python3.12/site-packages/torch/nn/modules/transformer.py:382: UserWarning: enable_nested_tensor is True, but self.use_nested_tensor is False because encoder_layer.self_attn.num_heads is odd
  warnings.warn(
[redteam] Params : 152204288 (152.2M)
[redteam] FLOPs/step/gpu (fwd+bwd) : 8143.258 GFLOPs
[redteam] Ground truth total    : 1954.3819 TFLOPs  (2 ranks)
[redteam] Starting workload...

  step    0/120  |  3.60 steps/s  |  0.3s elapsed  |  16.2865 TFLOPs
  step   10/120  |  2.18 steps/s  |  5.1s elapsed  |  179.1517 TFLOPs
  step   20/120  |  1.80 steps/s  |  11.7s elapsed  |  342.0168 TFLOPs
  step   30/120  |  1.85 steps/s  |  16.8s elapsed  |  504.8820 TFLOPs
  step   40/120  |  1.75 steps/s  |  23.4s elapsed  |  667.7472 TFLOPs
  step   50/120  |  1.72 steps/s  |  29.7s elapsed  |  830.6123 TFLOPs
  step   60/120  |  1.69 steps/s  |  36.0s elapsed  |  993.4775 TFLOPs
  step   70/120  |  1.65 steps/s  |  43.0s elapsed  |  1156.3426 TFLOPs
  step   80/120  |  1.66 steps/s  |  48.8s elapsed  |  1319.2078 TFLOPs
  step   90/120  |  1.64 steps/s  |  55.5s elapsed  |  1482.0730 TFLOPs
  step  100/120  |  1.63 steps/s  |  61.8s elapsed  |  1644.9381 TFLOPs
  step  110/120  |  1.63 steps/s  |  68.2s elapsed  |  1807.8033 TFLOPs

[redteam] Done. 120 steps in 74.1s (1.62 steps/s)
[redteam] Ground truth total : 1954.3819 TFLOPs
[redteam] Ground truth rate  : 26.3863 TFLOPS avg
[redteam] Compare 'Monitor est.' above to ground truth total.
[redteam] all-reduce probe: OK
  -> GT 1954.38 TFLOPs  | net 8332 J  | 75s  | gpu 98/97%  | NVLink 2439MB/step  | FRONTIER

[7/11] S3_d1024_s512_b16_L12_h2  (fam S3)  fixed steps=120
  Launching: torchrun x2  --steps 120 --batch-size 16 --seq-len 512 --d-model 1024 --num-layers 12 --nhead 2 --dim-feedforward 4096 --precision fp16 --optimizer adamw
W0810 03:12:46.726000 352628 torch/distributed/run.py:766] 
W0810 03:12:46.726000 352628 torch/distributed/run.py:766] *****************************************
W0810 03:12:46.726000 352628 torch/distributed/run.py:766] Setting OMP_NUM_THREADS environment variable for each process to be 1 in default, to avoid your system being overloaded, please further tune the variable for optimal performance in your application as needed. 
W0810 03:12:46.726000 352628 torch/distributed/run.py:766] *****************************************
[redteam] Device : Tesla V100-SXM2-16GB × 2 (DDP)
[redteam] Config : steps=120, batch/gpu=16, global_batch=32, seq=512, d_model=1024, layers=12, nhead=2, ff=4096, precision=fp16, opt=adamw
[redteam] Params : 152204288 (152.2M)
[redteam] FLOPs/step/gpu (fwd+bwd) : 8143.258 GFLOPs
[redteam] Ground truth total    : 1954.3819 TFLOPs  (2 ranks)
[redteam] Starting workload...

  step    0/120  |  3.61 steps/s  |  0.3s elapsed  |  16.2865 TFLOPs
  step   10/120  |  1.74 steps/s  |  6.3s elapsed  |  179.1517 TFLOPs
  step   20/120  |  1.69 steps/s  |  12.4s elapsed  |  342.0168 TFLOPs
  step   30/120  |  1.67 steps/s  |  18.5s elapsed  |  504.8820 TFLOPs
  step   40/120  |  1.70 steps/s  |  24.2s elapsed  |  667.7472 TFLOPs
  step   50/120  |  1.64 steps/s  |  31.1s elapsed  |  830.6123 TFLOPs
  step   60/120  |  1.61 steps/s  |  37.9s elapsed  |  993.4775 TFLOPs
  step   70/120  |  1.60 steps/s  |  44.4s elapsed  |  1156.3426 TFLOPs
  step   80/120  |  1.59 steps/s  |  50.9s elapsed  |  1319.2078 TFLOPs
  step   90/120  |  1.60 steps/s  |  57.0s elapsed  |  1482.0730 TFLOPs
  step  100/120  |  1.57 steps/s  |  64.3s elapsed  |  1644.9381 TFLOPs
  step  110/120  |  1.58 steps/s  |  70.4s elapsed  |  1807.8033 TFLOPs

[redteam] Done. 120 steps in 76.9s (1.56 steps/s)
[redteam] Ground truth total : 1954.3819 TFLOPs
[redteam] Ground truth rate  : 25.4276 TFLOPS avg
[redteam] Compare 'Monitor est.' above to ground truth total.
[redteam] all-reduce probe: OK
  -> GT 1954.38 TFLOPs  | net 8239 J  | 78s  | gpu 98/99%  | NVLink 2439MB/step  | FRONTIER

[8/11] S3_d1024_s512_b16_L12_h8  (fam S3)  fixed steps=120
  Launching: torchrun x2  --steps 120 --batch-size 16 --seq-len 512 --d-model 1024 --num-layers 12 --nhead 8 --dim-feedforward 4096 --precision fp16 --optimizer adamw
W0810 03:14:10.757000 353088 torch/distributed/run.py:766] 
W0810 03:14:10.757000 353088 torch/distributed/run.py:766] *****************************************
W0810 03:14:10.757000 353088 torch/distributed/run.py:766] Setting OMP_NUM_THREADS environment variable for each process to be 1 in default, to avoid your system being overloaded, please further tune the variable for optimal performance in your application as needed. 
W0810 03:14:10.757000 353088 torch/distributed/run.py:766] *****************************************
[redteam] Device : Tesla V100-SXM2-16GB × 2 (DDP)
[redteam] Config : steps=120, batch/gpu=16, global_batch=32, seq=512, d_model=1024, layers=12, nhead=8, ff=4096, precision=fp16, opt=adamw
[redteam] Params : 152204288 (152.2M)
[redteam] FLOPs/step/gpu (fwd+bwd) : 8143.258 GFLOPs
[redteam] Ground truth total    : 1954.3819 TFLOPs  (2 ranks)
[redteam] Starting workload...

  step    0/120  |  3.36 steps/s  |  0.3s elapsed  |  16.2865 TFLOPs
  step   10/120  |  1.80 steps/s  |  6.1s elapsed  |  179.1517 TFLOPs
  step   20/120  |  1.76 steps/s  |  11.9s elapsed  |  342.0168 TFLOPs
  step   30/120  |  1.71 steps/s  |  18.1s elapsed  |  504.8820 TFLOPs
  step   40/120  |  1.68 steps/s  |  24.3s elapsed  |  667.7472 TFLOPs
  step   50/120  |  1.65 steps/s  |  31.0s elapsed  |  830.6123 TFLOPs
  step   60/120  |  1.65 steps/s  |  37.0s elapsed  |  993.4775 TFLOPs
  step   70/120  |  1.62 steps/s  |  43.9s elapsed  |  1156.3426 TFLOPs
  step   80/120  |  1.63 steps/s  |  49.6s elapsed  |  1319.2078 TFLOPs
  step   90/120  |  1.61 steps/s  |  56.4s elapsed  |  1482.0730 TFLOPs
  step  100/120  |  1.60 steps/s  |  63.1s elapsed  |  1644.9381 TFLOPs
  step  110/120  |  1.60 steps/s  |  69.3s elapsed  |  1807.8033 TFLOPs

[redteam] Done. 120 steps in 75.9s (1.58 steps/s)
[redteam] Ground truth total : 1954.3819 TFLOPs
[redteam] Ground truth rate  : 25.7584 TFLOPS avg
[redteam] Compare 'Monitor est.' above to ground truth total.
[redteam] all-reduce probe: OK
  -> GT 1954.38 TFLOPs  | net 7745 J  | 77s  | gpu 97/98%  | NVLink 2523MB/step  | FRONTIER

[9/11] S3_d1024_s512_b16_L12_h32  (fam S3)  fixed steps=120
  Launching: torchrun x2  --steps 120 --batch-size 16 --seq-len 512 --d-model 1024 --num-layers 12 --nhead 32 --dim-feedforward 4096 --precision fp16 --optimizer adamw
W0810 03:15:33.858000 353541 torch/distributed/run.py:766] 
W0810 03:15:33.858000 353541 torch/distributed/run.py:766] *****************************************
W0810 03:15:33.858000 353541 torch/distributed/run.py:766] Setting OMP_NUM_THREADS environment variable for each process to be 1 in default, to avoid your system being overloaded, please further tune the variable for optimal performance in your application as needed. 
W0810 03:15:33.858000 353541 torch/distributed/run.py:766] *****************************************
[redteam] Device : Tesla V100-SXM2-16GB × 2 (DDP)
[redteam] Config : steps=120, batch/gpu=16, global_batch=32, seq=512, d_model=1024, layers=12, nhead=32, ff=4096, precision=fp16, opt=adamw
[redteam] Params : 152204288 (152.2M)
[redteam] FLOPs/step/gpu (fwd+bwd) : 8143.258 GFLOPs
[redteam] Ground truth total    : 1954.3819 TFLOPs  (2 ranks)
[redteam] Starting workload...

  step    0/120  |  2.44 steps/s  |  0.4s elapsed  |  16.2865 TFLOPs
  step   10/120  |  1.74 steps/s  |  6.3s elapsed  |  179.1517 TFLOPs
  step   20/120  |  1.70 steps/s  |  12.4s elapsed  |  342.0168 TFLOPs
  step   30/120  |  1.59 steps/s  |  19.5s elapsed  |  504.8820 TFLOPs
  step   40/120  |  1.56 steps/s  |  26.3s elapsed  |  667.7472 TFLOPs
  step   50/120  |  1.51 steps/s  |  33.7s elapsed  |  830.6123 TFLOPs
  step   60/120  |  1.50 steps/s  |  40.5s elapsed  |  993.4775 TFLOPs
  step   70/120  |  1.49 steps/s  |  47.8s elapsed  |  1156.3426 TFLOPs
  step   80/120  |  1.46 steps/s  |  55.5s elapsed  |  1319.2078 TFLOPs
  step   90/120  |  1.46 steps/s  |  62.1s elapsed  |  1482.0730 TFLOPs
  step  100/120  |  1.47 steps/s  |  68.8s elapsed  |  1644.9381 TFLOPs
  step  110/120  |  1.46 steps/s  |  76.1s elapsed  |  1807.8033 TFLOPs

[redteam] Done. 120 steps in 82.6s (1.45 steps/s)
[redteam] Ground truth total : 1954.3819 TFLOPs
[redteam] Ground truth rate  : 23.6616 TFLOPS avg
[redteam] Compare 'Monitor est.' above to ground truth total.
[redteam] all-reduce probe: OK
  -> GT 1954.38 TFLOPs  | net 8798 J  | 84s  | gpu 98/99%  | NVLink 2439MB/step  | FRONTIER

[10/11] S3_d1024_s512_b16_L12_h64  (fam S3)  fixed steps=120
  Launching: torchrun x2  --steps 120 --batch-size 16 --seq-len 512 --d-model 1024 --num-layers 12 --nhead 64 --dim-feedforward 4096 --precision fp16 --optimizer adamw
W0810 03:17:03.872000 354021 torch/distributed/run.py:766] 
W0810 03:17:03.872000 354021 torch/distributed/run.py:766] *****************************************
W0810 03:17:03.872000 354021 torch/distributed/run.py:766] Setting OMP_NUM_THREADS environment variable for each process to be 1 in default, to avoid your system being overloaded, please further tune the variable for optimal performance in your application as needed. 
W0810 03:17:03.872000 354021 torch/distributed/run.py:766] *****************************************
[redteam] Device : Tesla V100-SXM2-16GB × 2 (DDP)
[redteam] Config : steps=120, batch/gpu=16, global_batch=32, seq=512, d_model=1024, layers=12, nhead=64, ff=4096, precision=fp16, opt=adamw
[redteam] Params : 152204288 (152.2M)
[redteam] FLOPs/step/gpu (fwd+bwd) : 8143.258 GFLOPs
[redteam] Ground truth total    : 1954.3819 TFLOPs  (2 ranks)
[redteam] Starting workload...

  step    0/120  |  1.95 steps/s  |  0.5s elapsed  |  16.2865 TFLOPs
  step   10/120  |  1.18 steps/s  |  9.4s elapsed  |  179.1517 TFLOPs
  step   20/120  |  1.22 steps/s  |  17.2s elapsed  |  342.0168 TFLOPs
  step   30/120  |  1.23 steps/s  |  25.2s elapsed  |  504.8820 TFLOPs
  step   40/120  |  1.22 steps/s  |  33.6s elapsed  |  667.7472 TFLOPs
  step   50/120  |  1.21 steps/s  |  42.2s elapsed  |  830.6123 TFLOPs
  step   60/120  |  1.21 steps/s  |  50.5s elapsed  |  993.4775 TFLOPs
  step   70/120  |  1.22 steps/s  |  58.3s elapsed  |  1156.3426 TFLOPs
  step   80/120  |  1.22 steps/s  |  66.2s elapsed  |  1319.2078 TFLOPs
  step   90/120  |  1.22 steps/s  |  74.4s elapsed  |  1482.0730 TFLOPs
  step  100/120  |  1.21 steps/s  |  83.7s elapsed  |  1644.9381 TFLOPs
  step  110/120  |  1.21 steps/s  |  91.6s elapsed  |  1807.8033 TFLOPs

[redteam] Done. 120 steps in 98.9s (1.21 steps/s)
[redteam] Ground truth total : 1954.3819 TFLOPs
[redteam] Ground truth rate  : 19.7655 TFLOPS avg
[redteam] Compare 'Monitor est.' above to ground truth total.
[redteam] all-reduce probe: OK
  -> GT 1954.38 TFLOPs  | net 10340 J  | 100s  | gpu 99/99%  | NVLink 2444MB/step  | FRONTIER

[11/11] S3_d1024_s512_b16_L12_sgd  (fam S3)  fixed steps=120
  Launching: torchrun x2  --steps 120 --batch-size 16 --seq-len 512 --d-model 1024 --num-layers 12 --nhead 8 --dim-feedforward 4096 --precision fp16 --optimizer sgd
W0810 03:18:50.274000 354571 torch/distributed/run.py:766] 
W0810 03:18:50.274000 354571 torch/distributed/run.py:766] *****************************************
W0810 03:18:50.274000 354571 torch/distributed/run.py:766] Setting OMP_NUM_THREADS environment variable for each process to be 1 in default, to avoid your system being overloaded, please further tune the variable for optimal performance in your application as needed. 
W0810 03:18:50.274000 354571 torch/distributed/run.py:766] *****************************************
[redteam] Device : Tesla V100-SXM2-16GB × 2 (DDP)
[redteam] Config : steps=120, batch/gpu=16, global_batch=32, seq=512, d_model=1024, layers=12, nhead=8, ff=4096, precision=fp16, opt=sgd
[redteam] Params : 152204288 (152.2M)
[redteam] FLOPs/step/gpu (fwd+bwd) : 8143.258 GFLOPs
[redteam] Ground truth total    : 1954.3819 TFLOPs  (2 ranks)
[redteam] Starting workload...

  step    0/120  |  3.08 steps/s  |  0.3s elapsed  |  16.2865 TFLOPs
  step   10/120  |  1.70 steps/s  |  6.5s elapsed  |  179.1517 TFLOPs
  step   20/120  |  1.75 steps/s  |  12.0s elapsed  |  342.0168 TFLOPs
  step   30/120  |  1.63 steps/s  |  19.0s elapsed  |  504.8820 TFLOPs
  step   40/120  |  1.56 steps/s  |  26.3s elapsed  |  667.7472 TFLOPs
  step   50/120  |  1.57 steps/s  |  32.4s elapsed  |  830.6123 TFLOPs
  step   60/120  |  1.58 steps/s  |  38.5s elapsed  |  993.4775 TFLOPs
  step   70/120  |  1.56 steps/s  |  45.6s elapsed  |  1156.3426 TFLOPs
  step   80/120  |  1.54 steps/s  |  52.7s elapsed  |  1319.2078 TFLOPs
  step   90/120  |  1.55 steps/s  |  58.9s elapsed  |  1482.0730 TFLOPs
  step  100/120  |  1.55 steps/s  |  65.0s elapsed  |  1644.9381 TFLOPs
  step  110/120  |  1.55 steps/s  |  71.8s elapsed  |  1807.8033 TFLOPs

[redteam] Done. 120 steps in 78.6s (1.53 steps/s)
[redteam] Ground truth total : 1954.3819 TFLOPs
[redteam] Ground truth rate  : 24.8762 TFLOPS avg
[redteam] Compare 'Monitor est.' above to ground truth total.
[redteam] all-reduce probe: OK
  -> GT 1954.38 TFLOPs  | net 8206 J  | 80s  | gpu 98/98%  | NVLink 2426MB/step  | FRONTIER
Records JSON written to /home/will/verification-games/red_team/red_v3_trial6_records.json
=== RED TRIAL 6: done (2026-08-10 03:20:14) ===

==================================================================
=== RED TRIAL 7/10 -> /home/will/verification-games/red_team/red_v3_trial7_records.json
    (2026-08-10 03:20:14)
==================================================================
nvidia-smi power/util OK (GPUs [0, 1]).
DCGM DRAM-active (field 1005) OK.
DCGM NVLink/PCIe (fields 1009-1012) OK.
Configs: red_team.redteam_configs:RED_CONFIGS — 11 entries

Measuring single idle baseline (90s). Ensure no GPU workloads are running.
  [baseline] sampling idle for 90s ...
  [baseline] 168 samples  |  median 99380.0 mW  stdev 2048.1 mW (both GPUs)
Idle baseline: 99380.0 mW (both GPUs)  (n=168, stdev=2048.1 mW)  — shared by ALL workloads

[1/11] S4_d1024_s256_L6_b8  (fam S4)  fixed steps=1920
  Launching: torchrun x2  --steps 1920 --batch-size 8 --seq-len 256 --d-model 1024 --num-layers 6 --nhead 8 --dim-feedforward 4096 --precision fp16 --optimizer adamw
W0810 03:21:51.338000 355452 torch/distributed/run.py:766] 
W0810 03:21:51.338000 355452 torch/distributed/run.py:766] *****************************************
W0810 03:21:51.338000 355452 torch/distributed/run.py:766] Setting OMP_NUM_THREADS environment variable for each process to be 1 in default, to avoid your system being overloaded, please further tune the variable for optimal performance in your application as needed. 
W0810 03:21:51.338000 355452 torch/distributed/run.py:766] *****************************************
[redteam] Device : Tesla V100-SXM2-16GB × 2 (DDP)
[redteam] Config : steps=1920, batch/gpu=8, global_batch=16, seq=256, d_model=1024, layers=6, nhead=8, ff=4096, precision=fp16, opt=adamw
[redteam] Params : 76626944 (76.6M)
[redteam] FLOPs/step/gpu (fwd+bwd) : 972.810 GFLOPs
[redteam] Ground truth total    : 3735.5908 TFLOPs  (2 ranks)
[redteam] Starting workload...

  step    0/1920  |  24.06 steps/s  |  0.0s elapsed  |  1.9456 TFLOPs
  step   10/1920  |  20.24 steps/s  |  0.5s elapsed  |  21.4018 TFLOPs
  step   20/1920  |  20.90 steps/s  |  1.0s elapsed  |  40.8580 TFLOPs
  step   30/1920  |  21.17 steps/s  |  1.5s elapsed  |  60.3142 TFLOPs
  step   40/1920  |  21.28 steps/s  |  1.9s elapsed  |  79.7704 TFLOPs
  step   50/1920  |  21.37 steps/s  |  2.4s elapsed  |  99.2266 TFLOPs
  step   60/1920  |  21.43 steps/s  |  2.8s elapsed  |  118.6828 TFLOPs
  step   70/1920  |  21.49 steps/s  |  3.3s elapsed  |  138.1390 TFLOPs
  step   80/1920  |  21.52 steps/s  |  3.8s elapsed  |  157.5952 TFLOPs
  step   90/1920  |  21.56 steps/s  |  4.2s elapsed  |  177.0514 TFLOPs
  step  100/1920  |  21.57 steps/s  |  4.7s elapsed  |  196.5076 TFLOPs
  step  110/1920  |  21.58 steps/s  |  5.1s elapsed  |  215.9638 TFLOPs
  step  120/1920  |  21.59 steps/s  |  5.6s elapsed  |  235.4200 TFLOPs
  step  130/1920  |  21.61 steps/s  |  6.1s elapsed  |  254.8762 TFLOPs
  step  140/1920  |  21.62 steps/s  |  6.5s elapsed  |  274.3324 TFLOPs
  step  150/1920  |  21.63 steps/s  |  7.0s elapsed  |  293.7886 TFLOPs
  step  160/1920  |  21.63 steps/s  |  7.4s elapsed  |  313.2448 TFLOPs
  step  170/1920  |  21.63 steps/s  |  7.9s elapsed  |  332.7011 TFLOPs
  step  180/1920  |  21.61 steps/s  |  8.4s elapsed  |  352.1573 TFLOPs
  step  190/1920  |  21.59 steps/s  |  8.8s elapsed  |  371.6135 TFLOPs
  step  200/1920  |  21.49 steps/s  |  9.4s elapsed  |  391.0697 TFLOPs
  step  210/1920  |  21.41 steps/s  |  9.9s elapsed  |  410.5259 TFLOPs
  step  220/1920  |  21.36 steps/s  |  10.3s elapsed  |  429.9821 TFLOPs
  step  230/1920  |  21.30 steps/s  |  10.8s elapsed  |  449.4383 TFLOPs
  step  240/1920  |  21.21 steps/s  |  11.4s elapsed  |  468.8945 TFLOPs
  step  250/1920  |  21.14 steps/s  |  11.9s elapsed  |  488.3507 TFLOPs
  step  260/1920  |  21.08 steps/s  |  12.4s elapsed  |  507.8069 TFLOPs
  step  270/1920  |  21.00 steps/s  |  12.9s elapsed  |  527.2631 TFLOPs
  step  280/1920  |  20.94 steps/s  |  13.4s elapsed  |  546.7193 TFLOPs
  step  290/1920  |  20.89 steps/s  |  13.9s elapsed  |  566.1755 TFLOPs
  step  300/1920  |  20.79 steps/s  |  14.5s elapsed  |  585.6317 TFLOPs
  step  310/1920  |  20.71 steps/s  |  15.0s elapsed  |  605.0879 TFLOPs
  step  320/1920  |  20.65 steps/s  |  15.5s elapsed  |  624.5441 TFLOPs
  step  330/1920  |  20.57 steps/s  |  16.1s elapsed  |  644.0003 TFLOPs
  step  340/1920  |  20.53 steps/s  |  16.6s elapsed  |  663.4565 TFLOPs
  step  350/1920  |  20.48 steps/s  |  17.1s elapsed  |  682.9127 TFLOPs
  step  360/1920  |  20.45 steps/s  |  17.7s elapsed  |  702.3689 TFLOPs
  step  370/1920  |  20.41 steps/s  |  18.2s elapsed  |  721.8251 TFLOPs
  step  380/1920  |  20.37 steps/s  |  18.7s elapsed  |  741.2813 TFLOPs
  step  390/1920  |  20.34 steps/s  |  19.2s elapsed  |  760.7375 TFLOPs
  step  400/1920  |  20.31 steps/s  |  19.7s elapsed  |  780.1937 TFLOPs
  step  410/1920  |  20.28 steps/s  |  20.3s elapsed  |  799.6499 TFLOPs
  step  420/1920  |  20.26 steps/s  |  20.8s elapsed  |  819.1061 TFLOPs
  step  430/1920  |  20.24 steps/s  |  21.3s elapsed  |  838.5623 TFLOPs
  step  440/1920  |  20.21 steps/s  |  21.8s elapsed  |  858.0185 TFLOPs
  step  450/1920  |  20.19 steps/s  |  22.3s elapsed  |  877.4747 TFLOPs
  step  460/1920  |  20.17 steps/s  |  22.9s elapsed  |  896.9309 TFLOPs
  step  470/1920  |  20.15 steps/s  |  23.4s elapsed  |  916.3871 TFLOPs
  step  480/1920  |  20.10 steps/s  |  23.9s elapsed  |  935.8433 TFLOPs
  step  490/1920  |  20.05 steps/s  |  24.5s elapsed  |  955.2995 TFLOPs
  step  500/1920  |  20.00 steps/s  |  25.1s elapsed  |  974.7557 TFLOPs
  step  510/1920  |  19.95 steps/s  |  25.6s elapsed  |  994.2119 TFLOPs
  step  520/1920  |  19.89 steps/s  |  26.2s elapsed  |  1013.6681 TFLOPs
  step  530/1920  |  19.78 steps/s  |  26.8s elapsed  |  1033.1243 TFLOPs
  step  540/1920  |  19.72 steps/s  |  27.4s elapsed  |  1052.5805 TFLOPs
  step  550/1920  |  19.66 steps/s  |  28.0s elapsed  |  1072.0367 TFLOPs
  step  560/1920  |  19.59 steps/s  |  28.6s elapsed  |  1091.4929 TFLOPs
  step  570/1920  |  19.52 steps/s  |  29.3s elapsed  |  1110.9491 TFLOPs
  step  580/1920  |  19.45 steps/s  |  29.9s elapsed  |  1130.4053 TFLOPs
  step  590/1920  |  19.38 steps/s  |  30.5s elapsed  |  1149.8615 TFLOPs
  step  600/1920  |  19.26 steps/s  |  31.2s elapsed  |  1169.3177 TFLOPs
  step  610/1920  |  19.20 steps/s  |  31.8s elapsed  |  1188.7739 TFLOPs
  step  620/1920  |  19.14 steps/s  |  32.5s elapsed  |  1208.2301 TFLOPs
  step  630/1920  |  19.07 steps/s  |  33.1s elapsed  |  1227.6863 TFLOPs
  step  640/1920  |  19.02 steps/s  |  33.7s elapsed  |  1247.1425 TFLOPs
  step  650/1920  |  18.98 steps/s  |  34.3s elapsed  |  1266.5987 TFLOPs
  step  660/1920  |  18.95 steps/s  |  34.9s elapsed  |  1286.0549 TFLOPs
  step  670/1920  |  18.92 steps/s  |  35.5s elapsed  |  1305.5111 TFLOPs
  step  680/1920  |  18.80 steps/s  |  36.2s elapsed  |  1324.9673 TFLOPs
  step  690/1920  |  18.72 steps/s  |  36.9s elapsed  |  1344.4235 TFLOPs
  step  700/1920  |  18.66 steps/s  |  37.6s elapsed  |  1363.8797 TFLOPs
  step  710/1920  |  18.62 steps/s  |  38.2s elapsed  |  1383.3360 TFLOPs
  step  720/1920  |  18.57 steps/s  |  38.8s elapsed  |  1402.7922 TFLOPs
  step  730/1920  |  18.51 steps/s  |  39.5s elapsed  |  1422.2484 TFLOPs
  step  740/1920  |  18.44 steps/s  |  40.2s elapsed  |  1441.7046 TFLOPs
  step  750/1920  |  18.39 steps/s  |  40.8s elapsed  |  1461.1608 TFLOPs
  step  760/1920  |  18.34 steps/s  |  41.5s elapsed  |  1480.6170 TFLOPs
  step  770/1920  |  18.29 steps/s  |  42.1s elapsed  |  1500.0732 TFLOPs
  step  780/1920  |  18.22 steps/s  |  42.9s elapsed  |  1519.5294 TFLOPs
  step  790/1920  |  18.16 steps/s  |  43.6s elapsed  |  1538.9856 TFLOPs
  step  800/1920  |  18.11 steps/s  |  44.2s elapsed  |  1558.4418 TFLOPs
  step  810/1920  |  18.05 steps/s  |  44.9s elapsed  |  1577.8980 TFLOPs
  step  820/1920  |  18.00 steps/s  |  45.6s elapsed  |  1597.3542 TFLOPs
  step  830/1920  |  17.95 steps/s  |  46.3s elapsed  |  1616.8104 TFLOPs
  step  840/1920  |  17.90 steps/s  |  47.0s elapsed  |  1636.2666 TFLOPs
  step  850/1920  |  17.84 steps/s  |  47.7s elapsed  |  1655.7228 TFLOPs
  step  860/1920  |  17.80 steps/s  |  48.4s elapsed  |  1675.1790 TFLOPs
  step  870/1920  |  17.76 steps/s  |  49.1s elapsed  |  1694.6352 TFLOPs
  step  880/1920  |  17.68 steps/s  |  49.8s elapsed  |  1714.0914 TFLOPs
  step  890/1920  |  17.64 steps/s  |  50.5s elapsed  |  1733.5476 TFLOPs
  step  900/1920  |  17.61 steps/s  |  51.2s elapsed  |  1753.0038 TFLOPs
  step  910/1920  |  17.58 steps/s  |  51.8s elapsed  |  1772.4600 TFLOPs
  step  920/1920  |  17.52 steps/s  |  52.6s elapsed  |  1791.9162 TFLOPs
  step  930/1920  |  17.52 steps/s  |  53.1s elapsed  |  1811.3724 TFLOPs
  step  940/1920  |  17.52 steps/s  |  53.7s elapsed  |  1830.8286 TFLOPs
  step  950/1920  |  17.44 steps/s  |  54.5s elapsed  |  1850.2848 TFLOPs
  step  960/1920  |  17.37 steps/s  |  55.3s elapsed  |  1869.7410 TFLOPs
  step  970/1920  |  17.21 steps/s  |  56.4s elapsed  |  1889.1972 TFLOPs
  step  980/1920  |  17.15 steps/s  |  57.2s elapsed  |  1908.6534 TFLOPs
  step  990/1920  |  16.76 steps/s  |  59.1s elapsed  |  1928.1096 TFLOPs
  step 1000/1920  |  16.74 steps/s  |  59.8s elapsed  |  1947.5658 TFLOPs
  step 1010/1920  |  16.74 steps/s  |  60.4s elapsed  |  1967.0220 TFLOPs
  step 1020/1920  |  16.72 steps/s  |  61.1s elapsed  |  1986.4782 TFLOPs
  step 1030/1920  |  16.69 steps/s  |  61.8s elapsed  |  2005.9344 TFLOPs
  step 1040/1920  |  16.52 steps/s  |  63.0s elapsed  |  2025.3906 TFLOPs
  step 1050/1920  |  16.37 steps/s  |  64.2s elapsed  |  2044.8468 TFLOPs
  step 1060/1920  |  16.35 steps/s  |  64.9s elapsed  |  2064.3030 TFLOPs
  step 1070/1920  |  16.33 steps/s  |  65.6s elapsed  |  2083.7592 TFLOPs
  step 1080/1920  |  16.31 steps/s  |  66.3s elapsed  |  2103.2154 TFLOPs
  step 1090/1920  |  16.13 steps/s  |  67.6s elapsed  |  2122.6716 TFLOPs
  step 1100/1920  |  15.97 steps/s  |  68.9s elapsed  |  2142.1278 TFLOPs
  step 1110/1920  |  15.91 steps/s  |  69.8s elapsed  |  2161.5840 TFLOPs
  step 1120/1920  |  15.91 steps/s  |  70.5s elapsed  |  2181.0402 TFLOPs
  step 1130/1920  |  15.90 steps/s  |  71.1s elapsed  |  2200.4964 TFLOPs
  step 1140/1920  |  15.89 steps/s  |  71.8s elapsed  |  2219.9526 TFLOPs
  step 1150/1920  |  15.88 steps/s  |  72.5s elapsed  |  2239.4088 TFLOPs
  step 1160/1920  |  15.87 steps/s  |  73.2s elapsed  |  2258.8650 TFLOPs
  step 1170/1920  |  15.85 steps/s  |  73.9s elapsed  |  2278.3212 TFLOPs
  step 1180/1920  |  15.81 steps/s  |  74.7s elapsed  |  2297.7774 TFLOPs
  step 1190/1920  |  15.79 steps/s  |  75.4s elapsed  |  2317.2336 TFLOPs
  step 1200/1920  |  15.77 steps/s  |  76.1s elapsed  |  2336.6898 TFLOPs
  step 1210/1920  |  15.76 steps/s  |  76.8s elapsed  |  2356.1460 TFLOPs
  step 1220/1920  |  15.75 steps/s  |  77.5s elapsed  |  2375.6022 TFLOPs
  step 1230/1920  |  15.73 steps/s  |  78.3s elapsed  |  2395.0584 TFLOPs
  step 1240/1920  |  15.69 steps/s  |  79.1s elapsed  |  2414.5146 TFLOPs
  step 1250/1920  |  15.66 steps/s  |  79.9s elapsed  |  2433.9709 TFLOPs
  step 1260/1920  |  15.63 steps/s  |  80.7s elapsed  |  2453.4271 TFLOPs
  step 1270/1920  |  15.42 steps/s  |  82.4s elapsed  |  2472.8833 TFLOPs
  step 1280/1920  |  15.37 steps/s  |  83.3s elapsed  |  2492.3395 TFLOPs
  step 1290/1920  |  15.37 steps/s  |  84.0s elapsed  |  2511.7957 TFLOPs
  step 1300/1920  |  15.37 steps/s  |  84.7s elapsed  |  2531.2519 TFLOPs
  step 1310/1920  |  15.33 steps/s  |  85.5s elapsed  |  2550.7081 TFLOPs
  step 1320/1920  |  15.24 steps/s  |  86.7s elapsed  |  2570.1643 TFLOPs
  step 1330/1920  |  15.25 steps/s  |  87.3s elapsed  |  2589.6205 TFLOPs
  step 1340/1920  |  15.13 steps/s  |  88.6s elapsed  |  2609.0767 TFLOPs
  step 1350/1920  |  15.11 steps/s  |  89.4s elapsed  |  2628.5329 TFLOPs
  step 1360/1920  |  15.09 steps/s  |  90.2s elapsed  |  2647.9891 TFLOPs
  step 1370/1920  |  15.07 steps/s  |  91.0s elapsed  |  2667.4453 TFLOPs
  step 1380/1920  |  15.05 steps/s  |  91.8s elapsed  |  2686.9015 TFLOPs
  step 1390/1920  |  15.02 steps/s  |  92.6s elapsed  |  2706.3577 TFLOPs
  step 1400/1920  |  14.87 steps/s  |  94.2s elapsed  |  2725.8139 TFLOPs
  step 1410/1920  |  14.85 steps/s  |  95.0s elapsed  |  2745.2701 TFLOPs
  step 1420/1920  |  14.83 steps/s  |  95.8s elapsed  |  2764.7263 TFLOPs
  step 1430/1920  |  14.81 steps/s  |  96.6s elapsed  |  2784.1825 TFLOPs
  step 1440/1920  |  14.67 steps/s  |  98.2s elapsed  |  2803.6387 TFLOPs
  step 1450/1920  |  14.66 steps/s  |  99.0s elapsed  |  2823.0949 TFLOPs
  step 1460/1920  |  14.57 steps/s  |  100.3s elapsed  |  2842.5511 TFLOPs
  step 1470/1920  |  14.58 steps/s  |  100.9s elapsed  |  2862.0073 TFLOPs
  step 1480/1920  |  14.58 steps/s  |  101.6s elapsed  |  2881.4635 TFLOPs
  step 1490/1920  |  14.45 steps/s  |  103.2s elapsed  |  2900.9197 TFLOPs
  step 1500/1920  |  14.36 steps/s  |  104.5s elapsed  |  2920.3759 TFLOPs
  step 1510/1920  |  14.34 steps/s  |  105.4s elapsed  |  2939.8321 TFLOPs
  step 1520/1920  |  14.33 steps/s  |  106.2s elapsed  |  2959.2883 TFLOPs
  step 1530/1920  |  14.33 steps/s  |  106.9s elapsed  |  2978.7445 TFLOPs
  step 1540/1920  |  14.33 steps/s  |  107.6s elapsed  |  2998.2007 TFLOPs
  step 1550/1920  |  14.33 steps/s  |  108.3s elapsed  |  3017.6569 TFLOPs
  step 1560/1920  |  14.33 steps/s  |  108.9s elapsed  |  3037.1131 TFLOPs
  step 1570/1920  |  14.33 steps/s  |  109.6s elapsed  |  3056.5693 TFLOPs
  step 1580/1920  |  14.23 steps/s  |  111.1s elapsed  |  3076.0255 TFLOPs
  step 1590/1920  |  14.16 steps/s  |  112.4s elapsed  |  3095.4817 TFLOPs
  step 1600/1920  |  14.17 steps/s  |  113.0s elapsed  |  3114.9379 TFLOPs
  step 1610/1920  |  14.17 steps/s  |  113.7s elapsed  |  3134.3941 TFLOPs
  step 1620/1920  |  14.17 steps/s  |  114.4s elapsed  |  3153.8503 TFLOPs
  step 1630/1920  |  14.17 steps/s  |  115.1s elapsed  |  3173.3065 TFLOPs
  step 1640/1920  |  14.17 steps/s  |  115.8s elapsed  |  3192.7627 TFLOPs
  step 1650/1920  |  14.18 steps/s  |  116.5s elapsed  |  3212.2189 TFLOPs
  step 1660/1920  |  14.18 steps/s  |  117.1s elapsed  |  3231.6751 TFLOPs
  step 1670/1920  |  14.18 steps/s  |  117.8s elapsed  |  3251.1313 TFLOPs
  step 1680/1920  |  14.12 steps/s  |  119.0s elapsed  |  3270.5875 TFLOPs
  step 1690/1920  |  14.04 steps/s  |  120.4s elapsed  |  3290.0437 TFLOPs
  step 1700/1920  |  13.97 steps/s  |  121.8s elapsed  |  3309.4999 TFLOPs
  step 1710/1920  |  13.98 steps/s  |  122.4s elapsed  |  3328.9561 TFLOPs
  step 1720/1920  |  13.94 steps/s  |  123.4s elapsed  |  3348.4123 TFLOPs
  step 1730/1920  |  13.91 steps/s  |  124.4s elapsed  |  3367.8685 TFLOPs
  step 1740/1920  |  13.92 steps/s  |  125.1s elapsed  |  3387.3247 TFLOPs
  step 1750/1920  |  13.91 steps/s  |  125.9s elapsed  |  3406.7809 TFLOPs
  step 1760/1920  |  13.86 steps/s  |  127.1s elapsed  |  3426.2371 TFLOPs
  step 1770/1920  |  13.88 steps/s  |  127.6s elapsed  |  3445.6933 TFLOPs
  step 1780/1920  |  13.86 steps/s  |  128.5s elapsed  |  3465.1495 TFLOPs
  step 1790/1920  |  13.81 steps/s  |  129.7s elapsed  |  3484.6058 TFLOPs
  step 1800/1920  |  13.81 steps/s  |  130.4s elapsed  |  3504.0620 TFLOPs
  step 1810/1920  |  13.81 steps/s  |  131.1s elapsed  |  3523.5182 TFLOPs
  step 1820/1920  |  13.71 steps/s  |  132.8s elapsed  |  3542.9744 TFLOPs
  step 1830/1920  |  13.68 steps/s  |  133.8s elapsed  |  3562.4306 TFLOPs
  step 1840/1920  |  13.68 steps/s  |  134.5s elapsed  |  3581.8868 TFLOPs
  step 1850/1920  |  13.69 steps/s  |  135.2s elapsed  |  3601.3430 TFLOPs
  step 1860/1920  |  13.69 steps/s  |  135.9s elapsed  |  3620.7992 TFLOPs
  step 1870/1920  |  13.70 steps/s  |  136.6s elapsed  |  3640.2554 TFLOPs
  step 1880/1920  |  13.71 steps/s  |  137.2s elapsed  |  3659.7116 TFLOPs
  step 1890/1920  |  13.71 steps/s  |  137.9s elapsed  |  3679.1678 TFLOPs
  step 1900/1920  |  13.71 steps/s  |  138.7s elapsed  |  3698.6240 TFLOPs
  step 1910/1920  |  13.71 steps/s  |  139.4s elapsed  |  3718.0802 TFLOPs

[redteam] Done. 1920 steps in 140.0s (13.72 steps/s)
[redteam] Ground truth total : 3735.5908 TFLOPs
[redteam] Ground truth rate  : 26.6899 TFLOPS avg
[redteam] Compare 'Monitor est.' above to ground truth total.
[redteam] all-reduce probe: OK
  -> GT 3735.59 TFLOPs  | net 17969 J  | 141s  | gpu 97/97%  | NVLink 1225MB/step  | FRONTIER

[2/11] S4_d1024_s256_L6_b16  (fam S4)  fixed steps=960
  Launching: torchrun x2  --steps 960 --batch-size 16 --seq-len 256 --d-model 1024 --num-layers 6 --nhead 8 --dim-feedforward 4096 --precision fp16 --optimizer adamw
W0810 03:24:17.851000 356229 torch/distributed/run.py:766] 
W0810 03:24:17.851000 356229 torch/distributed/run.py:766] *****************************************
W0810 03:24:17.851000 356229 torch/distributed/run.py:766] Setting OMP_NUM_THREADS environment variable for each process to be 1 in default, to avoid your system being overloaded, please further tune the variable for optimal performance in your application as needed. 
W0810 03:24:17.851000 356229 torch/distributed/run.py:766] *****************************************
[redteam] Device : Tesla V100-SXM2-16GB × 2 (DDP)
[redteam] Config : steps=960, batch/gpu=16, global_batch=32, seq=256, d_model=1024, layers=6, nhead=8, ff=4096, precision=fp16, opt=adamw
[redteam] Params : 76626944 (76.6M)
[redteam] FLOPs/step/gpu (fwd+bwd) : 1945.620 GFLOPs
[redteam] Ground truth total    : 3735.5908 TFLOPs  (2 ranks)
[redteam] Starting workload...

  step    0/960  |  13.75 steps/s  |  0.1s elapsed  |  3.8912 TFLOPs
  step   10/960  |  9.75 steps/s  |  1.1s elapsed  |  42.8036 TFLOPs
  step   20/960  |  6.52 steps/s  |  3.2s elapsed  |  81.7160 TFLOPs
  step   30/960  |  6.58 steps/s  |  4.7s elapsed  |  120.6285 TFLOPs
  step   40/960  |  7.12 steps/s  |  5.8s elapsed  |  159.5409 TFLOPs
  step   50/960  |  6.51 steps/s  |  7.8s elapsed  |  198.4533 TFLOPs
  step   60/960  |  6.39 steps/s  |  9.5s elapsed  |  237.3657 TFLOPs
  step   70/960  |  6.41 steps/s  |  11.1s elapsed  |  276.2781 TFLOPs
  step   80/960  |  6.30 steps/s  |  12.8s elapsed  |  315.1905 TFLOPs
  step   90/960  |  5.94 steps/s  |  15.3s elapsed  |  354.1029 TFLOPs
  step  100/960  |  6.14 steps/s  |  16.5s elapsed  |  393.0153 TFLOPs
  step  110/960  |  5.88 steps/s  |  18.9s elapsed  |  431.9277 TFLOPs
  step  120/960  |  5.66 steps/s  |  21.4s elapsed  |  470.8401 TFLOPs
  step  130/960  |  5.58 steps/s  |  23.5s elapsed  |  509.7525 TFLOPs
  step  140/960  |  5.72 steps/s  |  24.7s elapsed  |  548.6649 TFLOPs
  step  150/960  |  5.88 steps/s  |  25.7s elapsed  |  587.5773 TFLOPs
  step  160/960  |  5.90 steps/s  |  27.3s elapsed  |  626.4897 TFLOPs
  step  170/960  |  5.59 steps/s  |  30.6s elapsed  |  665.4021 TFLOPs
  step  180/960  |  5.44 steps/s  |  33.3s elapsed  |  704.3145 TFLOPs
  step  190/960  |  5.56 steps/s  |  34.3s elapsed  |  743.2269 TFLOPs
  step  200/960  |  5.68 steps/s  |  35.4s elapsed  |  782.1393 TFLOPs
  step  210/960  |  5.62 steps/s  |  37.5s elapsed  |  821.0517 TFLOPs
  step  220/960  |  5.66 steps/s  |  39.1s elapsed  |  859.9641 TFLOPs
  step  230/960  |  5.60 steps/s  |  41.2s elapsed  |  898.8765 TFLOPs
  step  240/960  |  5.61 steps/s  |  43.0s elapsed  |  937.7889 TFLOPs
  step  250/960  |  5.60 steps/s  |  44.8s elapsed  |  976.7013 TFLOPs
  step  260/960  |  5.57 steps/s  |  46.8s elapsed  |  1015.6137 TFLOPs
  step  270/960  |  5.64 steps/s  |  48.0s elapsed  |  1054.5261 TFLOPs
  step  280/960  |  5.52 steps/s  |  50.9s elapsed  |  1093.4385 TFLOPs
  step  290/960  |  5.47 steps/s  |  53.2s elapsed  |  1132.3509 TFLOPs
  step  300/960  |  5.54 steps/s  |  54.3s elapsed  |  1171.2634 TFLOPs
  step  310/960  |  5.62 steps/s  |  55.3s elapsed  |  1210.1758 TFLOPs
  step  320/960  |  5.55 steps/s  |  57.9s elapsed  |  1249.0882 TFLOPs
  step  330/960  |  5.61 steps/s  |  59.0s elapsed  |  1288.0006 TFLOPs
  step  340/960  |  5.62 steps/s  |  60.7s elapsed  |  1326.9130 TFLOPs
  step  350/960  |  5.63 steps/s  |  62.4s elapsed  |  1365.8254 TFLOPs
  step  360/960  |  5.62 steps/s  |  64.2s elapsed  |  1404.7378 TFLOPs
  step  370/960  |  5.66 steps/s  |  65.5s elapsed  |  1443.6502 TFLOPs
  step  380/960  |  5.72 steps/s  |  66.6s elapsed  |  1482.5626 TFLOPs
  step  390/960  |  5.62 steps/s  |  69.6s elapsed  |  1521.4750 TFLOPs
  step  400/960  |  5.60 steps/s  |  71.6s elapsed  |  1560.3874 TFLOPs
  step  410/960  |  5.56 steps/s  |  73.9s elapsed  |  1599.2998 TFLOPs
  step  420/960  |  5.61 steps/s  |  75.0s elapsed  |  1638.2122 TFLOPs
  step  430/960  |  5.53 steps/s  |  77.9s elapsed  |  1677.1246 TFLOPs
  step  440/960  |  5.58 steps/s  |  79.0s elapsed  |  1716.0370 TFLOPs
  step  450/960  |  5.56 steps/s  |  81.1s elapsed  |  1754.9494 TFLOPs
  step  460/960  |  5.57 steps/s  |  82.8s elapsed  |  1793.8618 TFLOPs
  step  470/960  |  5.61 steps/s  |  84.0s elapsed  |  1832.7742 TFLOPs
  step  480/960  |  5.64 steps/s  |  85.2s elapsed  |  1871.6866 TFLOPs
  step  490/960  |  5.67 steps/s  |  86.6s elapsed  |  1910.5990 TFLOPs
  step  500/960  |  5.70 steps/s  |  87.9s elapsed  |  1949.5114 TFLOPs
  step  510/960  |  5.73 steps/s  |  89.2s elapsed  |  1988.4238 TFLOPs
  step  520/960  |  5.73 steps/s  |  91.0s elapsed  |  2027.3362 TFLOPs
  step  530/960  |  5.72 steps/s  |  92.9s elapsed  |  2066.2486 TFLOPs
  step  540/960  |  5.67 steps/s  |  95.5s elapsed  |  2105.1610 TFLOPs
  step  550/960  |  5.70 steps/s  |  96.7s elapsed  |  2144.0734 TFLOPs
  step  560/960  |  5.70 steps/s  |  98.4s elapsed  |  2182.9858 TFLOPs
  step  570/960  |  5.65 steps/s  |  101.1s elapsed  |  2221.8983 TFLOPs
  step  580/960  |  5.65 steps/s  |  102.8s elapsed  |  2260.8107 TFLOPs
  step  590/960  |  5.66 steps/s  |  104.4s elapsed  |  2299.7231 TFLOPs
  step  600/960  |  5.66 steps/s  |  106.2s elapsed  |  2338.6355 TFLOPs
  step  610/960  |  5.62 steps/s  |  108.8s elapsed  |  2377.5479 TFLOPs
  step  620/960  |  5.64 steps/s  |  110.0s elapsed  |  2416.4603 TFLOPs
  step  630/960  |  5.67 steps/s  |  111.3s elapsed  |  2455.3727 TFLOPs
  step  640/960  |  5.65 steps/s  |  113.5s elapsed  |  2494.2851 TFLOPs
  step  650/960  |  5.65 steps/s  |  115.2s elapsed  |  2533.1975 TFLOPs
  step  660/960  |  5.61 steps/s  |  117.8s elapsed  |  2572.1099 TFLOPs
  step  670/960  |  5.64 steps/s  |  118.9s elapsed  |  2611.0223 TFLOPs
  step  680/960  |  5.60 steps/s  |  121.6s elapsed  |  2649.9347 TFLOPs
  step  690/960  |  5.63 steps/s  |  122.8s elapsed  |  2688.8471 TFLOPs
  step  700/960  |  5.60 steps/s  |  125.1s elapsed  |  2727.7595 TFLOPs
  step  710/960  |  5.57 steps/s  |  127.7s elapsed  |  2766.6719 TFLOPs
  step  720/960  |  5.56 steps/s  |  129.7s elapsed  |  2805.5843 TFLOPs
  step  730/960  |  5.59 steps/s  |  130.7s elapsed  |  2844.4967 TFLOPs
  step  740/960  |  5.58 steps/s  |  132.8s elapsed  |  2883.4091 TFLOPs
  step  750/960  |  5.55 steps/s  |  135.2s elapsed  |  2922.3215 TFLOPs
  step  760/960  |  5.58 steps/s  |  136.4s elapsed  |  2961.2339 TFLOPs
  step  770/960  |  5.54 steps/s  |  139.1s elapsed  |  3000.1463 TFLOPs
  step  780/960  |  5.56 steps/s  |  140.3s elapsed  |  3039.0587 TFLOPs
  step  790/960  |  5.56 steps/s  |  142.3s elapsed  |  3077.9711 TFLOPs
  step  800/960  |  5.54 steps/s  |  144.7s elapsed  |  3116.8835 TFLOPs
  step  810/960  |  5.55 steps/s  |  146.1s elapsed  |  3155.7959 TFLOPs
  step  820/960  |  5.52 steps/s  |  148.8s elapsed  |  3194.7083 TFLOPs
  step  830/960  |  5.51 steps/s  |  150.7s elapsed  |  3233.6207 TFLOPs
  step  840/960  |  5.47 steps/s  |  153.7s elapsed  |  3272.5332 TFLOPs
  step  850/960  |  5.45 steps/s  |  156.0s elapsed  |  3311.4456 TFLOPs
  step  860/960  |  5.48 steps/s  |  157.0s elapsed  |  3350.3580 TFLOPs
  step  870/960  |  5.51 steps/s  |  158.1s elapsed  |  3389.2704 TFLOPs
  step  880/960  |  5.52 steps/s  |  159.7s elapsed  |  3428.1828 TFLOPs
  step  890/960  |  5.49 steps/s  |  162.4s elapsed  |  3467.0952 TFLOPs
  step  900/960  |  5.48 steps/s  |  164.4s elapsed  |  3506.0076 TFLOPs
  step  910/960  |  5.48 steps/s  |  166.2s elapsed  |  3544.9200 TFLOPs
  step  920/960  |  5.51 steps/s  |  167.2s elapsed  |  3583.8324 TFLOPs
  step  930/960  |  5.53 steps/s  |  168.3s elapsed  |  3622.7448 TFLOPs
  step  940/960  |  5.55 steps/s  |  169.6s elapsed  |  3661.6572 TFLOPs
  step  950/960  |  5.53 steps/s  |  172.0s elapsed  |  3700.5696 TFLOPs

[redteam] Done. 960 steps in 173.4s (5.54 steps/s)
[redteam] Ground truth total : 3735.5908 TFLOPs
[redteam] Ground truth rate  : 21.5455 TFLOPS avg
[redteam] Compare 'Monitor est.' above to ground truth total.
[redteam] all-reduce probe: OK
  -> GT 3735.59 TFLOPs  | net 18425 J  | 175s  | gpu 98/98%  | NVLink 1223MB/step  | FRONTIER

[3/11] S4_d1024_s256_L6_b32  (fam S4)  fixed steps=480
  Launching: torchrun x2  --steps 480 --batch-size 32 --seq-len 256 --d-model 1024 --num-layers 6 --nhead 8 --dim-feedforward 4096 --precision fp16 --optimizer adamw
W0810 03:27:17.818000 357259 torch/distributed/run.py:766] 
W0810 03:27:17.818000 357259 torch/distributed/run.py:766] *****************************************
W0810 03:27:17.818000 357259 torch/distributed/run.py:766] Setting OMP_NUM_THREADS environment variable for each process to be 1 in default, to avoid your system being overloaded, please further tune the variable for optimal performance in your application as needed. 
W0810 03:27:17.818000 357259 torch/distributed/run.py:766] *****************************************
[redteam] Device : Tesla V100-SXM2-16GB × 2 (DDP)
[redteam] Config : steps=480, batch/gpu=32, global_batch=64, seq=256, d_model=1024, layers=6, nhead=8, ff=4096, precision=fp16, opt=adamw
[redteam] Params : 76626944 (76.6M)
[redteam] FLOPs/step/gpu (fwd+bwd) : 3891.240 GFLOPs
[redteam] Ground truth total    : 3735.5908 TFLOPs  (2 ranks)
[redteam] Starting workload...

  step    0/480  |  8.13 steps/s  |  0.1s elapsed  |  7.7825 TFLOPs
  step   10/480  |  5.05 steps/s  |  2.2s elapsed  |  85.6073 TFLOPs
  step   20/480  |  4.17 steps/s  |  5.0s elapsed  |  163.4321 TFLOPs
  step   30/480  |  3.80 steps/s  |  8.2s elapsed  |  241.2569 TFLOPs
  step   40/480  |  3.81 steps/s  |  10.8s elapsed  |  319.0817 TFLOPs
  step   50/480  |  3.35 steps/s  |  15.2s elapsed  |  396.9065 TFLOPs
  step   60/480  |  3.47 steps/s  |  17.6s elapsed  |  474.7313 TFLOPs
  step   70/480  |  3.35 steps/s  |  21.2s elapsed  |  552.5561 TFLOPs
  step   80/480  |  3.21 steps/s  |  25.2s elapsed  |  630.3809 TFLOPs
  step   90/480  |  3.30 steps/s  |  27.5s elapsed  |  708.2057 TFLOPs
  step  100/480  |  3.31 steps/s  |  30.5s elapsed  |  786.0306 TFLOPs
  step  110/480  |  3.26 steps/s  |  34.0s elapsed  |  863.8554 TFLOPs
  step  120/480  |  3.35 steps/s  |  36.2s elapsed  |  941.6802 TFLOPs
  step  130/480  |  3.28 steps/s  |  40.0s elapsed  |  1019.5050 TFLOPs
  step  140/480  |  3.27 steps/s  |  43.2s elapsed  |  1097.3298 TFLOPs
  step  150/480  |  3.26 steps/s  |  46.3s elapsed  |  1175.1546 TFLOPs
  step  160/480  |  3.15 steps/s  |  51.1s elapsed  |  1252.9794 TFLOPs
  step  170/480  |  3.17 steps/s  |  54.0s elapsed  |  1330.8042 TFLOPs
  step  180/480  |  3.16 steps/s  |  57.3s elapsed  |  1408.6290 TFLOPs
  step  190/480  |  3.15 steps/s  |  60.7s elapsed  |  1486.4538 TFLOPs
  step  200/480  |  3.14 steps/s  |  64.1s elapsed  |  1564.2786 TFLOPs
  step  210/480  |  3.13 steps/s  |  67.4s elapsed  |  1642.1034 TFLOPs
  step  220/480  |  3.12 steps/s  |  70.8s elapsed  |  1719.9282 TFLOPs
  step  230/480  |  3.12 steps/s  |  74.0s elapsed  |  1797.7531 TFLOPs
  step  240/480  |  3.17 steps/s  |  76.0s elapsed  |  1875.5779 TFLOPs
  step  250/480  |  3.14 steps/s  |  80.1s elapsed  |  1953.4027 TFLOPs
  step  260/480  |  3.07 steps/s  |  84.9s elapsed  |  2031.2275 TFLOPs
  step  270/480  |  3.08 steps/s  |  88.0s elapsed  |  2109.0523 TFLOPs
  step  280/480  |  3.06 steps/s  |  91.8s elapsed  |  2186.8771 TFLOPs
  step  290/480  |  3.07 steps/s  |  94.8s elapsed  |  2264.7019 TFLOPs
  step  300/480  |  3.10 steps/s  |  97.0s elapsed  |  2342.5267 TFLOPs
  step  310/480  |  3.11 steps/s  |  100.1s elapsed  |  2420.3515 TFLOPs
  step  320/480  |  3.10 steps/s  |  103.7s elapsed  |  2498.1763 TFLOPs
  step  330/480  |  3.10 steps/s  |  106.9s elapsed  |  2576.0011 TFLOPs
  step  340/480  |  3.08 steps/s  |  110.6s elapsed  |  2653.8259 TFLOPs
  step  350/480  |  3.07 steps/s  |  114.5s elapsed  |  2731.6507 TFLOPs
  step  360/480  |  3.08 steps/s  |  117.3s elapsed  |  2809.4755 TFLOPs
  step  370/480  |  3.07 steps/s  |  121.0s elapsed  |  2887.3004 TFLOPs
  step  380/480  |  3.07 steps/s  |  124.0s elapsed  |  2965.1252 TFLOPs
  step  390/480  |  3.08 steps/s  |  126.8s elapsed  |  3042.9500 TFLOPs
  step  400/480  |  3.09 steps/s  |  129.6s elapsed  |  3120.7748 TFLOPs
  step  410/480  |  3.09 steps/s  |  132.9s elapsed  |  3198.5996 TFLOPs
  step  420/480  |  3.10 steps/s  |  135.9s elapsed  |  3276.4244 TFLOPs
  step  430/480  |  3.13 steps/s  |  137.9s elapsed  |  3354.2492 TFLOPs
  step  440/480  |  3.11 steps/s  |  141.8s elapsed  |  3432.0740 TFLOPs
  step  450/480  |  3.11 steps/s  |  145.2s elapsed  |  3509.8988 TFLOPs
  step  460/480  |  3.09 steps/s  |  149.1s elapsed  |  3587.7236 TFLOPs
  step  470/480  |  3.10 steps/s  |  151.8s elapsed  |  3665.5484 TFLOPs

[redteam] Done. 480 steps in 154.8s (3.10 steps/s)
[redteam] Ground truth total : 3735.5908 TFLOPs
[redteam] Ground truth rate  : 24.1363 TFLOPS avg
[redteam] Compare 'Monitor est.' above to ground truth total.
[redteam] all-reduce probe: OK
  -> GT 3735.59 TFLOPs  | net 15652 J  | 156s  | gpu 98/99%  | NVLink 1234MB/step  | FRONTIER

[4/11] S4_d1024_s256_L6_b64  (fam S4)  fixed steps=240
  Launching: torchrun x2  --steps 240 --batch-size 64 --seq-len 256 --d-model 1024 --num-layers 6 --nhead 8 --dim-feedforward 4096 --precision fp16 --optimizer adamw
W0810 03:29:59.476000 358123 torch/distributed/run.py:766] 
W0810 03:29:59.476000 358123 torch/distributed/run.py:766] *****************************************
W0810 03:29:59.476000 358123 torch/distributed/run.py:766] Setting OMP_NUM_THREADS environment variable for each process to be 1 in default, to avoid your system being overloaded, please further tune the variable for optimal performance in your application as needed. 
W0810 03:29:59.476000 358123 torch/distributed/run.py:766] *****************************************
[redteam] Device : Tesla V100-SXM2-16GB × 2 (DDP)
[redteam] Config : steps=240, batch/gpu=64, global_batch=128, seq=256, d_model=1024, layers=6, nhead=8, ff=4096, precision=fp16, opt=adamw
[redteam] Params : 76626944 (76.6M)
[redteam] FLOPs/step/gpu (fwd+bwd) : 7782.481 GFLOPs
[redteam] Ground truth total    : 3735.5908 TFLOPs  (2 ranks)
[redteam] Starting workload...

  step    0/240  |  3.05 steps/s  |  0.3s elapsed  |  15.5650 TFLOPs
  step   10/240  |  2.29 steps/s  |  4.8s elapsed  |  171.2146 TFLOPs
  step   20/240  |  2.34 steps/s  |  9.0s elapsed  |  326.8642 TFLOPs
  step   30/240  |  1.95 steps/s  |  15.9s elapsed  |  482.5138 TFLOPs
  step   40/240  |  1.89 steps/s  |  21.7s elapsed  |  638.1634 TFLOPs
  step   50/240  |  1.84 steps/s  |  27.7s elapsed  |  793.8130 TFLOPs
  step   60/240  |  1.77 steps/s  |  34.4s elapsed  |  949.4627 TFLOPs
  step   70/240  |  1.78 steps/s  |  39.9s elapsed  |  1105.1123 TFLOPs
  step   80/240  |  1.76 steps/s  |  45.9s elapsed  |  1260.7619 TFLOPs
  step   90/240  |  1.75 steps/s  |  51.9s elapsed  |  1416.4115 TFLOPs
  step  100/240  |  1.75 steps/s  |  57.8s elapsed  |  1572.0611 TFLOPs
  step  110/240  |  1.75 steps/s  |  63.5s elapsed  |  1727.7107 TFLOPs
  step  120/240  |  1.74 steps/s  |  69.6s elapsed  |  1883.3603 TFLOPs
  step  130/240  |  1.75 steps/s  |  74.9s elapsed  |  2039.0100 TFLOPs
  step  140/240  |  1.75 steps/s  |  80.6s elapsed  |  2194.6596 TFLOPs
  step  150/240  |  1.76 steps/s  |  85.8s elapsed  |  2350.3092 TFLOPs
  step  160/240  |  1.75 steps/s  |  91.9s elapsed  |  2505.9588 TFLOPs
  step  170/240  |  1.75 steps/s  |  97.8s elapsed  |  2661.6084 TFLOPs
  step  180/240  |  1.73 steps/s  |  104.6s elapsed  |  2817.2580 TFLOPs
  step  190/240  |  1.75 steps/s  |  109.4s elapsed  |  2972.9076 TFLOPs
  step  200/240  |  1.74 steps/s  |  115.4s elapsed  |  3128.5573 TFLOPs
  step  210/240  |  1.75 steps/s  |  120.5s elapsed  |  3284.2069 TFLOPs
  step  220/240  |  1.76 steps/s  |  125.6s elapsed  |  3439.8565 TFLOPs
  step  230/240  |  1.74 steps/s  |  132.8s elapsed  |  3595.5061 TFLOPs

[redteam] Done. 240 steps in 138.1s (1.74 steps/s)
[redteam] Ground truth total : 3735.5908 TFLOPs
[redteam] Ground truth rate  : 27.0548 TFLOPS avg
[redteam] Compare 'Monitor est.' above to ground truth total.
[redteam] all-reduce probe: OK
  -> GT 3735.59 TFLOPs  | net 14411 J  | 139s  | gpu 99/99%  | NVLink 1224MB/step  | FRONTIER

[5/11] S4_d1024_s256_L6_b128  (fam S4)  fixed steps=120
  Launching: torchrun x2  --steps 120 --batch-size 128 --seq-len 256 --d-model 1024 --num-layers 6 --nhead 8 --dim-feedforward 4096 --precision fp16 --optimizer adamw
W0810 03:32:24.277000 358901 torch/distributed/run.py:766] 
W0810 03:32:24.277000 358901 torch/distributed/run.py:766] *****************************************
W0810 03:32:24.277000 358901 torch/distributed/run.py:766] Setting OMP_NUM_THREADS environment variable for each process to be 1 in default, to avoid your system being overloaded, please further tune the variable for optimal performance in your application as needed. 
W0810 03:32:24.277000 358901 torch/distributed/run.py:766] *****************************************
[redteam] Device : Tesla V100-SXM2-16GB × 2 (DDP)
[redteam] Config : steps=120, batch/gpu=128, global_batch=256, seq=256, d_model=1024, layers=6, nhead=8, ff=4096, precision=fp16, opt=adamw
[redteam] Params : 76626944 (76.6M)
[redteam] FLOPs/step/gpu (fwd+bwd) : 15564.961 GFLOPs
[redteam] Ground truth total    : 3735.5908 TFLOPs  (2 ranks)
[redteam] Starting workload...

  step    0/120  |  0.75 steps/s  |  1.3s elapsed  |  31.1299 TFLOPs
  step   10/120  |  0.97 steps/s  |  11.3s elapsed  |  342.4292 TFLOPs
  step   20/120  |  0.98 steps/s  |  21.3s elapsed  |  653.7284 TFLOPs
  step   30/120  |  0.98 steps/s  |  31.5s elapsed  |  965.0276 TFLOPs
  step   40/120  |  0.96 steps/s  |  42.5s elapsed  |  1276.3268 TFLOPs
  step   50/120  |  0.96 steps/s  |  53.2s elapsed  |  1587.6261 TFLOPs
  step   60/120  |  0.95 steps/s  |  64.2s elapsed  |  1898.9253 TFLOPs
  step   70/120  |  0.94 steps/s  |  75.5s elapsed  |  2210.2245 TFLOPs
  step   80/120  |  0.95 steps/s  |  85.7s elapsed  |  2521.5238 TFLOPs
  step   90/120  |  0.94 steps/s  |  96.6s elapsed  |  2832.8230 TFLOPs
  step  100/120  |  0.94 steps/s  |  107.1s elapsed  |  3144.1222 TFLOPs
  step  110/120  |  0.94 steps/s  |  117.6s elapsed  |  3455.4214 TFLOPs

[redteam] Done. 120 steps in 126.9s (0.95 steps/s)
[redteam] Ground truth total : 3735.5908 TFLOPs
[redteam] Ground truth rate  : 29.4266 TFLOPS avg
[redteam] Compare 'Monitor est.' above to ground truth total.
[redteam] all-reduce probe: OK
  -> GT 3735.59 TFLOPs  | net 13409 J  | 128s  | gpu 99/99%  | NVLink 1225MB/step  | FRONTIER

[6/11] S3_d1024_s512_b16_L12_h1  (fam S3)  fixed steps=120
  Launching: torchrun x2  --steps 120 --batch-size 16 --seq-len 512 --d-model 1024 --num-layers 12 --nhead 1 --dim-feedforward 4096 --precision fp16 --optimizer adamw
W0810 03:34:39.122000 359623 torch/distributed/run.py:766] 
W0810 03:34:39.122000 359623 torch/distributed/run.py:766] *****************************************
W0810 03:34:39.122000 359623 torch/distributed/run.py:766] Setting OMP_NUM_THREADS environment variable for each process to be 1 in default, to avoid your system being overloaded, please further tune the variable for optimal performance in your application as needed. 
W0810 03:34:39.122000 359623 torch/distributed/run.py:766] *****************************************
[redteam] Device : Tesla V100-SXM2-16GB × 2 (DDP)
[redteam] Config : steps=120, batch/gpu=16, global_batch=32, seq=512, d_model=1024, layers=12, nhead=1, ff=4096, precision=fp16, opt=adamw
/home/will/verification-games/.venv/lib/python3.12/site-packages/torch/nn/modules/transformer.py:382: UserWarning: enable_nested_tensor is True, but self.use_nested_tensor is False because encoder_layer.self_attn.num_heads is odd
  warnings.warn(
/home/will/verification-games/.venv/lib/python3.12/site-packages/torch/nn/modules/transformer.py:382: UserWarning: enable_nested_tensor is True, but self.use_nested_tensor is False because encoder_layer.self_attn.num_heads is odd
  warnings.warn(
[redteam] Params : 152204288 (152.2M)
[redteam] FLOPs/step/gpu (fwd+bwd) : 8143.258 GFLOPs
[redteam] Ground truth total    : 1954.3819 TFLOPs  (2 ranks)
[redteam] Starting workload...

  step    0/120  |  3.37 steps/s  |  0.3s elapsed  |  16.2865 TFLOPs
  step   10/120  |  1.61 steps/s  |  6.8s elapsed  |  179.1517 TFLOPs
  step   20/120  |  1.58 steps/s  |  13.3s elapsed  |  342.0168 TFLOPs
  step   30/120  |  1.65 steps/s  |  18.8s elapsed  |  504.8820 TFLOPs
  step   40/120  |  1.66 steps/s  |  24.7s elapsed  |  667.7472 TFLOPs
  step   50/120  |  1.68 steps/s  |  30.3s elapsed  |  830.6123 TFLOPs
  step   60/120  |  1.66 steps/s  |  36.7s elapsed  |  993.4775 TFLOPs
  step   70/120  |  1.66 steps/s  |  42.7s elapsed  |  1156.3426 TFLOPs
  step   80/120  |  1.65 steps/s  |  49.1s elapsed  |  1319.2078 TFLOPs
  step   90/120  |  1.65 steps/s  |  55.0s elapsed  |  1482.0730 TFLOPs
  step  100/120  |  1.65 steps/s  |  61.2s elapsed  |  1644.9381 TFLOPs
  step  110/120  |  1.66 steps/s  |  66.8s elapsed  |  1807.8033 TFLOPs

[redteam] Done. 120 steps in 73.0s (1.64 steps/s)
[redteam] Ground truth total : 1954.3819 TFLOPs
[redteam] Ground truth rate  : 26.7630 TFLOPS avg
[redteam] Compare 'Monitor est.' above to ground truth total.
[redteam] all-reduce probe: OK
  -> GT 1954.38 TFLOPs  | net 7913 J  | 75s  | gpu 97/97%  | NVLink 2448MB/step  | FRONTIER

[7/11] S3_d1024_s512_b16_L12_h2  (fam S3)  fixed steps=120
  Launching: torchrun x2  --steps 120 --batch-size 16 --seq-len 512 --d-model 1024 --num-layers 12 --nhead 2 --dim-feedforward 4096 --precision fp16 --optimizer adamw
W0810 03:35:59.636000 360069 torch/distributed/run.py:766] 
W0810 03:35:59.636000 360069 torch/distributed/run.py:766] *****************************************
W0810 03:35:59.636000 360069 torch/distributed/run.py:766] Setting OMP_NUM_THREADS environment variable for each process to be 1 in default, to avoid your system being overloaded, please further tune the variable for optimal performance in your application as needed. 
W0810 03:35:59.636000 360069 torch/distributed/run.py:766] *****************************************
[redteam] Device : Tesla V100-SXM2-16GB × 2 (DDP)
[redteam] Config : steps=120, batch/gpu=16, global_batch=32, seq=512, d_model=1024, layers=12, nhead=2, ff=4096, precision=fp16, opt=adamw
[redteam] Params : 152204288 (152.2M)
[redteam] FLOPs/step/gpu (fwd+bwd) : 8143.258 GFLOPs
[redteam] Ground truth total    : 1954.3819 TFLOPs  (2 ranks)
[redteam] Starting workload...

  step    0/120  |  3.42 steps/s  |  0.3s elapsed  |  16.2865 TFLOPs
  step   10/120  |  1.87 steps/s  |  5.9s elapsed  |  179.1517 TFLOPs
  step   20/120  |  1.70 steps/s  |  12.3s elapsed  |  342.0168 TFLOPs
  step   30/120  |  1.68 steps/s  |  18.5s elapsed  |  504.8820 TFLOPs
  step   40/120  |  1.65 steps/s  |  24.9s elapsed  |  667.7472 TFLOPs
  step   50/120  |  1.63 steps/s  |  31.2s elapsed  |  830.6123 TFLOPs
  step   60/120  |  1.61 steps/s  |  38.0s elapsed  |  993.4775 TFLOPs
  step   70/120  |  1.61 steps/s  |  44.1s elapsed  |  1156.3426 TFLOPs
  step   80/120  |  1.61 steps/s  |  50.3s elapsed  |  1319.2078 TFLOPs
  step   90/120  |  1.59 steps/s  |  57.4s elapsed  |  1482.0730 TFLOPs
  step  100/120  |  1.58 steps/s  |  63.9s elapsed  |  1644.9381 TFLOPs
  step  110/120  |  1.59 steps/s  |  69.8s elapsed  |  1807.8033 TFLOPs

[redteam] Done. 120 steps in 76.4s (1.57 steps/s)
[redteam] Ground truth total : 1954.3819 TFLOPs
[redteam] Ground truth rate  : 25.5848 TFLOPS avg
[redteam] Compare 'Monitor est.' above to ground truth total.
[redteam] all-reduce probe: OK
  -> GT 1954.38 TFLOPs  | net 7976 J  | 78s  | gpu 98/98%  | NVLink 2434MB/step  | FRONTIER

[8/11] S3_d1024_s512_b16_L12_h8  (fam S3)  fixed steps=120
  Launching: torchrun x2  --steps 120 --batch-size 16 --seq-len 512 --d-model 1024 --num-layers 12 --nhead 8 --dim-feedforward 4096 --precision fp16 --optimizer adamw
W0810 03:37:23.446000 360526 torch/distributed/run.py:766] 
W0810 03:37:23.446000 360526 torch/distributed/run.py:766] *****************************************
W0810 03:37:23.446000 360526 torch/distributed/run.py:766] Setting OMP_NUM_THREADS environment variable for each process to be 1 in default, to avoid your system being overloaded, please further tune the variable for optimal performance in your application as needed. 
W0810 03:37:23.446000 360526 torch/distributed/run.py:766] *****************************************
[redteam] Device : Tesla V100-SXM2-16GB × 2 (DDP)
[redteam] Config : steps=120, batch/gpu=16, global_batch=32, seq=512, d_model=1024, layers=12, nhead=8, ff=4096, precision=fp16, opt=adamw
[redteam] Params : 152204288 (152.2M)
[redteam] FLOPs/step/gpu (fwd+bwd) : 8143.258 GFLOPs
[redteam] Ground truth total    : 1954.3819 TFLOPs  (2 ranks)
[redteam] Starting workload...

  step    0/120  |  2.55 steps/s  |  0.4s elapsed  |  16.2865 TFLOPs
  step   10/120  |  1.54 steps/s  |  7.2s elapsed  |  179.1517 TFLOPs
  step   20/120  |  1.65 steps/s  |  12.7s elapsed  |  342.0168 TFLOPs
  step   30/120  |  1.66 steps/s  |  18.7s elapsed  |  504.8820 TFLOPs
  step   40/120  |  1.69 steps/s  |  24.3s elapsed  |  667.7472 TFLOPs
  step   50/120  |  1.68 steps/s  |  30.4s elapsed  |  830.6123 TFLOPs
  step   60/120  |  1.63 steps/s  |  37.4s elapsed  |  993.4775 TFLOPs
  step   70/120  |  1.63 steps/s  |  43.5s elapsed  |  1156.3426 TFLOPs
  step   80/120  |  1.61 steps/s  |  50.3s elapsed  |  1319.2078 TFLOPs
  step   90/120  |  1.61 steps/s  |  56.6s elapsed  |  1482.0730 TFLOPs
  step  100/120  |  1.58 steps/s  |  63.9s elapsed  |  1644.9381 TFLOPs
  step  110/120  |  1.59 steps/s  |  69.9s elapsed  |  1807.8033 TFLOPs

[redteam] Done. 120 steps in 77.1s (1.56 steps/s)
[redteam] Ground truth total : 1954.3819 TFLOPs
[redteam] Ground truth rate  : 25.3349 TFLOPS avg
[redteam] Compare 'Monitor est.' above to ground truth total.
[redteam] all-reduce probe: OK
  -> GT 1954.38 TFLOPs  | net 7787 J  | 79s  | gpu 98/98%  | NVLink 2441MB/step  | FRONTIER

[9/11] S3_d1024_s512_b16_L12_h32  (fam S3)  fixed steps=120
  Launching: torchrun x2  --steps 120 --batch-size 16 --seq-len 512 --d-model 1024 --num-layers 12 --nhead 32 --dim-feedforward 4096 --precision fp16 --optimizer adamw
W0810 03:38:47.752000 360960 torch/distributed/run.py:766] 
W0810 03:38:47.752000 360960 torch/distributed/run.py:766] *****************************************
W0810 03:38:47.752000 360960 torch/distributed/run.py:766] Setting OMP_NUM_THREADS environment variable for each process to be 1 in default, to avoid your system being overloaded, please further tune the variable for optimal performance in your application as needed. 
W0810 03:38:47.752000 360960 torch/distributed/run.py:766] *****************************************
[redteam] Device : Tesla V100-SXM2-16GB × 2 (DDP)
[redteam] Config : steps=120, batch/gpu=16, global_batch=32, seq=512, d_model=1024, layers=12, nhead=32, ff=4096, precision=fp16, opt=adamw
[redteam] Params : 152204288 (152.2M)
[redteam] FLOPs/step/gpu (fwd+bwd) : 8143.258 GFLOPs
[redteam] Ground truth total    : 1954.3819 TFLOPs  (2 ranks)
[redteam] Starting workload...

  step    0/120  |  2.43 steps/s  |  0.4s elapsed  |  16.2865 TFLOPs
  step   10/120  |  1.53 steps/s  |  7.2s elapsed  |  179.1517 TFLOPs
  step   20/120  |  1.44 steps/s  |  14.6s elapsed  |  342.0168 TFLOPs
  step   30/120  |  1.46 steps/s  |  21.2s elapsed  |  504.8820 TFLOPs
  step   40/120  |  1.51 steps/s  |  27.2s elapsed  |  667.7472 TFLOPs
  step   50/120  |  1.53 steps/s  |  33.2s elapsed  |  830.6123 TFLOPs
  step   60/120  |  1.52 steps/s  |  40.2s elapsed  |  993.4775 TFLOPs
  step   70/120  |  1.47 steps/s  |  48.3s elapsed  |  1156.3426 TFLOPs
  step   80/120  |  1.47 steps/s  |  55.0s elapsed  |  1319.2078 TFLOPs
  step   90/120  |  1.46 steps/s  |  62.4s elapsed  |  1482.0730 TFLOPs
  step  100/120  |  1.45 steps/s  |  69.7s elapsed  |  1644.9381 TFLOPs
  step  110/120  |  1.45 steps/s  |  76.7s elapsed  |  1807.8033 TFLOPs

[redteam] Done. 120 steps in 82.8s (1.45 steps/s)
[redteam] Ground truth total : 1954.3819 TFLOPs
[redteam] Ground truth rate  : 23.5933 TFLOPS avg
[redteam] Compare 'Monitor est.' above to ground truth total.
[redteam] all-reduce probe: OK
  -> GT 1954.38 TFLOPs  | net 8843 J  | 85s  | gpu 98/98%  | NVLink 2460MB/step  | FRONTIER

[10/11] S3_d1024_s512_b16_L12_h64  (fam S3)  fixed steps=120
  Launching: torchrun x2  --steps 120 --batch-size 16 --seq-len 512 --d-model 1024 --num-layers 12 --nhead 64 --dim-feedforward 4096 --precision fp16 --optimizer adamw
W0810 03:40:18.239000 361401 torch/distributed/run.py:766] 
W0810 03:40:18.239000 361401 torch/distributed/run.py:766] *****************************************
W0810 03:40:18.239000 361401 torch/distributed/run.py:766] Setting OMP_NUM_THREADS environment variable for each process to be 1 in default, to avoid your system being overloaded, please further tune the variable for optimal performance in your application as needed. 
W0810 03:40:18.239000 361401 torch/distributed/run.py:766] *****************************************
[redteam] Device : Tesla V100-SXM2-16GB × 2 (DDP)
[redteam] Config : steps=120, batch/gpu=16, global_batch=32, seq=512, d_model=1024, layers=12, nhead=64, ff=4096, precision=fp16, opt=adamw
[redteam] Params : 152204288 (152.2M)
[redteam] FLOPs/step/gpu (fwd+bwd) : 8143.258 GFLOPs
[redteam] Ground truth total    : 1954.3819 TFLOPs  (2 ranks)
[redteam] Starting workload...

  step    0/120  |  1.73 steps/s  |  0.6s elapsed  |  16.2865 TFLOPs
  step   10/120  |  1.24 steps/s  |  8.9s elapsed  |  179.1517 TFLOPs
  step   20/120  |  1.27 steps/s  |  16.6s elapsed  |  342.0168 TFLOPs
  step   30/120  |  1.28 steps/s  |  24.2s elapsed  |  504.8820 TFLOPs
  step   40/120  |  1.28 steps/s  |  32.1s elapsed  |  667.7472 TFLOPs
  step   50/120  |  1.26 steps/s  |  40.4s elapsed  |  830.6123 TFLOPs
  step   60/120  |  1.26 steps/s  |  48.3s elapsed  |  993.4775 TFLOPs
  step   70/120  |  1.26 steps/s  |  56.3s elapsed  |  1156.3426 TFLOPs
  step   80/120  |  1.26 steps/s  |  64.4s elapsed  |  1319.2078 TFLOPs
  step   90/120  |  1.24 steps/s  |  73.1s elapsed  |  1482.0730 TFLOPs
  step  100/120  |  1.25 steps/s  |  80.8s elapsed  |  1644.9381 TFLOPs
  step  110/120  |  1.24 steps/s  |  89.3s elapsed  |  1807.8033 TFLOPs

[redteam] Done. 120 steps in 96.2s (1.25 steps/s)
[redteam] Ground truth total : 1954.3819 TFLOPs
[redteam] Ground truth rate  : 20.3223 TFLOPS avg
[redteam] Compare 'Monitor est.' above to ground truth total.
[redteam] all-reduce probe: OK
  -> GT 1954.38 TFLOPs  | net 10209 J  | 98s  | gpu 98/99%  | NVLink 2464MB/step  | FRONTIER

[11/11] S3_d1024_s512_b16_L12_sgd  (fam S3)  fixed steps=120
  Launching: torchrun x2  --steps 120 --batch-size 16 --seq-len 512 --d-model 1024 --num-layers 12 --nhead 8 --dim-feedforward 4096 --precision fp16 --optimizer sgd
W0810 03:42:02.149000 361924 torch/distributed/run.py:766] 
W0810 03:42:02.149000 361924 torch/distributed/run.py:766] *****************************************
W0810 03:42:02.149000 361924 torch/distributed/run.py:766] Setting OMP_NUM_THREADS environment variable for each process to be 1 in default, to avoid your system being overloaded, please further tune the variable for optimal performance in your application as needed. 
W0810 03:42:02.149000 361924 torch/distributed/run.py:766] *****************************************
[redteam] Device : Tesla V100-SXM2-16GB × 2 (DDP)
[redteam] Config : steps=120, batch/gpu=16, global_batch=32, seq=512, d_model=1024, layers=12, nhead=8, ff=4096, precision=fp16, opt=sgd
[redteam] Params : 152204288 (152.2M)
[redteam] FLOPs/step/gpu (fwd+bwd) : 8143.258 GFLOPs
[redteam] Ground truth total    : 1954.3819 TFLOPs  (2 ranks)
[redteam] Starting workload...

  step    0/120  |  3.89 steps/s  |  0.3s elapsed  |  16.2865 TFLOPs
  step   10/120  |  1.83 steps/s  |  6.0s elapsed  |  179.1517 TFLOPs
  step   20/120  |  1.67 steps/s  |  12.6s elapsed  |  342.0168 TFLOPs
  step   30/120  |  1.70 steps/s  |  18.3s elapsed  |  504.8820 TFLOPs
  step   40/120  |  1.66 steps/s  |  24.7s elapsed  |  667.7472 TFLOPs
  step   50/120  |  1.62 steps/s  |  31.4s elapsed  |  830.6123 TFLOPs
  step   60/120  |  1.63 steps/s  |  37.5s elapsed  |  993.4775 TFLOPs
  step   70/120  |  1.58 steps/s  |  45.0s elapsed  |  1156.3426 TFLOPs
  step   80/120  |  1.59 steps/s  |  50.8s elapsed  |  1319.2078 TFLOPs
  step   90/120  |  1.59 steps/s  |  57.2s elapsed  |  1482.0730 TFLOPs
  step  100/120  |  1.57 steps/s  |  64.1s elapsed  |  1644.9381 TFLOPs
  step  110/120  |  1.58 steps/s  |  70.5s elapsed  |  1807.8033 TFLOPs

[redteam] Done. 120 steps in 76.5s (1.57 steps/s)
[redteam] Ground truth total : 1954.3819 TFLOPs
[redteam] Ground truth rate  : 25.5468 TFLOPS avg
[redteam] Compare 'Monitor est.' above to ground truth total.
[redteam] all-reduce probe: OK
  -> GT 1954.38 TFLOPs  | net 7566 J  | 78s  | gpu 98/98%  | NVLink 2415MB/step  | FRONTIER
Records JSON written to /home/will/verification-games/red_team/red_v3_trial7_records.json
=== RED TRIAL 7: done (2026-08-10 03:43:24) ===

==================================================================
=== RED TRIAL 8/10 -> /home/will/verification-games/red_team/red_v3_trial8_records.json
    (2026-08-10 03:43:24)
==================================================================
nvidia-smi power/util OK (GPUs [0, 1]).
DCGM DRAM-active (field 1005) OK.
DCGM NVLink/PCIe (fields 1009-1012) OK.
Configs: red_team.redteam_configs:RED_CONFIGS — 11 entries

Measuring single idle baseline (90s). Ensure no GPU workloads are running.
  [baseline] sampling idle for 90s ...
  [baseline] 168 samples  |  median 99380.0 mW  stdev 2077.6 mW (both GPUs)
Idle baseline: 99380.0 mW (both GPUs)  (n=168, stdev=2077.6 mW)  — shared by ALL workloads

[1/11] S4_d1024_s256_L6_b8  (fam S4)  fixed steps=1920
  Launching: torchrun x2  --steps 1920 --batch-size 8 --seq-len 256 --d-model 1024 --num-layers 6 --nhead 8 --dim-feedforward 4096 --precision fp16 --optimizer adamw
W0810 03:45:01.097000 362837 torch/distributed/run.py:766] 
W0810 03:45:01.097000 362837 torch/distributed/run.py:766] *****************************************
W0810 03:45:01.097000 362837 torch/distributed/run.py:766] Setting OMP_NUM_THREADS environment variable for each process to be 1 in default, to avoid your system being overloaded, please further tune the variable for optimal performance in your application as needed. 
W0810 03:45:01.097000 362837 torch/distributed/run.py:766] *****************************************
[redteam] Device : Tesla V100-SXM2-16GB × 2 (DDP)
[redteam] Config : steps=1920, batch/gpu=8, global_batch=16, seq=256, d_model=1024, layers=6, nhead=8, ff=4096, precision=fp16, opt=adamw
[redteam] Params : 76626944 (76.6M)
[redteam] FLOPs/step/gpu (fwd+bwd) : 972.810 GFLOPs
[redteam] Ground truth total    : 3735.5908 TFLOPs  (2 ranks)
[redteam] Starting workload...

  step    0/1920  |  25.21 steps/s  |  0.0s elapsed  |  1.9456 TFLOPs
  step   10/1920  |  19.99 steps/s  |  0.6s elapsed  |  21.4018 TFLOPs
  step   20/1920  |  20.79 steps/s  |  1.0s elapsed  |  40.8580 TFLOPs
  step   30/1920  |  21.08 steps/s  |  1.5s elapsed  |  60.3142 TFLOPs
  step   40/1920  |  21.20 steps/s  |  1.9s elapsed  |  79.7704 TFLOPs
  step   50/1920  |  21.29 steps/s  |  2.4s elapsed  |  99.2266 TFLOPs
  step   60/1920  |  21.38 steps/s  |  2.9s elapsed  |  118.6828 TFLOPs
  step   70/1920  |  21.41 steps/s  |  3.3s elapsed  |  138.1390 TFLOPs
  step   80/1920  |  21.43 steps/s  |  3.8s elapsed  |  157.5952 TFLOPs
  step   90/1920  |  21.45 steps/s  |  4.2s elapsed  |  177.0514 TFLOPs
  step  100/1920  |  21.46 steps/s  |  4.7s elapsed  |  196.5076 TFLOPs
  step  110/1920  |  21.48 steps/s  |  5.2s elapsed  |  215.9638 TFLOPs
  step  120/1920  |  21.50 steps/s  |  5.6s elapsed  |  235.4200 TFLOPs
  step  130/1920  |  21.51 steps/s  |  6.1s elapsed  |  254.8762 TFLOPs
  step  140/1920  |  21.52 steps/s  |  6.6s elapsed  |  274.3324 TFLOPs
  step  150/1920  |  21.52 steps/s  |  7.0s elapsed  |  293.7886 TFLOPs
  step  160/1920  |  21.53 steps/s  |  7.5s elapsed  |  313.2448 TFLOPs
  step  170/1920  |  21.53 steps/s  |  7.9s elapsed  |  332.7011 TFLOPs
  step  180/1920  |  21.53 steps/s  |  8.4s elapsed  |  352.1573 TFLOPs
  step  190/1920  |  21.54 steps/s  |  8.9s elapsed  |  371.6135 TFLOPs
  step  200/1920  |  21.54 steps/s  |  9.3s elapsed  |  391.0697 TFLOPs
  step  210/1920  |  21.54 steps/s  |  9.8s elapsed  |  410.5259 TFLOPs
  step  220/1920  |  21.49 steps/s  |  10.3s elapsed  |  429.9821 TFLOPs
  step  230/1920  |  21.39 steps/s  |  10.8s elapsed  |  449.4383 TFLOPs
  step  240/1920  |  21.31 steps/s  |  11.3s elapsed  |  468.8945 TFLOPs
  step  250/1920  |  21.23 steps/s  |  11.8s elapsed  |  488.3507 TFLOPs
  step  260/1920  |  21.13 steps/s  |  12.4s elapsed  |  507.8069 TFLOPs
  step  270/1920  |  21.06 steps/s  |  12.9s elapsed  |  527.2631 TFLOPs
  step  280/1920  |  20.96 steps/s  |  13.4s elapsed  |  546.7193 TFLOPs
  step  290/1920  |  20.89 steps/s  |  13.9s elapsed  |  566.1755 TFLOPs
  step  300/1920  |  20.88 steps/s  |  14.4s elapsed  |  585.6317 TFLOPs
  step  310/1920  |  20.87 steps/s  |  14.9s elapsed  |  605.0879 TFLOPs
  step  320/1920  |  20.82 steps/s  |  15.4s elapsed  |  624.5441 TFLOPs
  step  330/1920  |  20.73 steps/s  |  16.0s elapsed  |  644.0003 TFLOPs
  step  340/1920  |  20.66 steps/s  |  16.5s elapsed  |  663.4565 TFLOPs
  step  350/1920  |  20.60 steps/s  |  17.0s elapsed  |  682.9127 TFLOPs
  step  360/1920  |  20.49 steps/s  |  17.6s elapsed  |  702.3689 TFLOPs
  step  370/1920  |  20.43 steps/s  |  18.2s elapsed  |  721.8251 TFLOPs
  step  380/1920  |  20.37 steps/s  |  18.7s elapsed  |  741.2813 TFLOPs
  step  390/1920  |  20.31 steps/s  |  19.3s elapsed  |  760.7375 TFLOPs
  step  400/1920  |  20.26 steps/s  |  19.8s elapsed  |  780.1937 TFLOPs
  step  410/1920  |  20.22 steps/s  |  20.3s elapsed  |  799.6499 TFLOPs
  step  420/1920  |  20.17 steps/s  |  20.9s elapsed  |  819.1061 TFLOPs
  step  430/1920  |  20.11 steps/s  |  21.4s elapsed  |  838.5623 TFLOPs
  step  440/1920  |  20.04 steps/s  |  22.0s elapsed  |  858.0185 TFLOPs
  step  450/1920  |  19.98 steps/s  |  22.6s elapsed  |  877.4747 TFLOPs
  step  460/1920  |  19.92 steps/s  |  23.1s elapsed  |  896.9309 TFLOPs
  step  470/1920  |  19.86 steps/s  |  23.7s elapsed  |  916.3871 TFLOPs
  step  480/1920  |  19.81 steps/s  |  24.3s elapsed  |  935.8433 TFLOPs
  step  490/1920  |  19.76 steps/s  |  24.8s elapsed  |  955.2995 TFLOPs
  step  500/1920  |  19.71 steps/s  |  25.4s elapsed  |  974.7557 TFLOPs
  step  510/1920  |  19.63 steps/s  |  26.0s elapsed  |  994.2119 TFLOPs
  step  520/1920  |  19.53 steps/s  |  26.7s elapsed  |  1013.6681 TFLOPs
  step  530/1920  |  19.49 steps/s  |  27.2s elapsed  |  1033.1243 TFLOPs
  step  540/1920  |  19.46 steps/s  |  27.8s elapsed  |  1052.5805 TFLOPs
  step  550/1920  |  19.35 steps/s  |  28.5s elapsed  |  1072.0367 TFLOPs
  step  560/1920  |  19.28 steps/s  |  29.1s elapsed  |  1091.4929 TFLOPs
  step  570/1920  |  19.23 steps/s  |  29.7s elapsed  |  1110.9491 TFLOPs
  step  580/1920  |  19.20 steps/s  |  30.3s elapsed  |  1130.4053 TFLOPs
  step  590/1920  |  19.17 steps/s  |  30.8s elapsed  |  1149.8615 TFLOPs
  step  600/1920  |  19.14 steps/s  |  31.4s elapsed  |  1169.3177 TFLOPs
  step  610/1920  |  19.11 steps/s  |  32.0s elapsed  |  1188.7739 TFLOPs
  step  620/1920  |  19.08 steps/s  |  32.5s elapsed  |  1208.2301 TFLOPs
  step  630/1920  |  19.06 steps/s  |  33.1s elapsed  |  1227.6863 TFLOPs
  step  640/1920  |  19.03 steps/s  |  33.7s elapsed  |  1247.1425 TFLOPs
  step  650/1920  |  19.00 steps/s  |  34.3s elapsed  |  1266.5987 TFLOPs
  step  660/1920  |  18.94 steps/s  |  34.9s elapsed  |  1286.0549 TFLOPs
  step  670/1920  |  18.86 steps/s  |  35.6s elapsed  |  1305.5111 TFLOPs
  step  680/1920  |  18.79 steps/s  |  36.2s elapsed  |  1324.9673 TFLOPs
  step  690/1920  |  18.73 steps/s  |  36.9s elapsed  |  1344.4235 TFLOPs
  step  700/1920  |  18.66 steps/s  |  37.6s elapsed  |  1363.8797 TFLOPs
  step  710/1920  |  18.60 steps/s  |  38.2s elapsed  |  1383.3360 TFLOPs
  step  720/1920  |  18.53 steps/s  |  38.9s elapsed  |  1402.7922 TFLOPs
  step  730/1920  |  18.47 steps/s  |  39.6s elapsed  |  1422.2484 TFLOPs
  step  740/1920  |  18.41 steps/s  |  40.2s elapsed  |  1441.7046 TFLOPs
  step  750/1920  |  18.36 steps/s  |  40.9s elapsed  |  1461.1608 TFLOPs
  step  760/1920  |  18.31 steps/s  |  41.6s elapsed  |  1480.6170 TFLOPs
  step  770/1920  |  18.25 steps/s  |  42.2s elapsed  |  1500.0732 TFLOPs
  step  780/1920  |  18.20 steps/s  |  42.9s elapsed  |  1519.5294 TFLOPs
  step  790/1920  |  18.15 steps/s  |  43.6s elapsed  |  1538.9856 TFLOPs
  step  800/1920  |  18.11 steps/s  |  44.2s elapsed  |  1558.4418 TFLOPs
  step  810/1920  |  18.06 steps/s  |  44.9s elapsed  |  1577.8980 TFLOPs
  step  820/1920  |  18.02 steps/s  |  45.6s elapsed  |  1597.3542 TFLOPs
  step  830/1920  |  17.95 steps/s  |  46.3s elapsed  |  1616.8104 TFLOPs
  step  840/1920  |  17.88 steps/s  |  47.0s elapsed  |  1636.2666 TFLOPs
  step  850/1920  |  17.81 steps/s  |  47.8s elapsed  |  1655.7228 TFLOPs
  step  860/1920  |  17.76 steps/s  |  48.5s elapsed  |  1675.1790 TFLOPs
  step  870/1920  |  17.72 steps/s  |  49.1s elapsed  |  1694.6352 TFLOPs
  step  880/1920  |  17.69 steps/s  |  49.8s elapsed  |  1714.0914 TFLOPs
  step  890/1920  |  17.65 steps/s  |  50.5s elapsed  |  1733.5476 TFLOPs
  step  900/1920  |  17.39 steps/s  |  51.8s elapsed  |  1753.0038 TFLOPs
  step  910/1920  |  17.21 steps/s  |  52.9s elapsed  |  1772.4600 TFLOPs
  step  920/1920  |  17.18 steps/s  |  53.6s elapsed  |  1791.9162 TFLOPs
  step  930/1920  |  17.15 steps/s  |  54.3s elapsed  |  1811.3724 TFLOPs
  step  940/1920  |  17.12 steps/s  |  55.0s elapsed  |  1830.8286 TFLOPs
  step  950/1920  |  17.09 steps/s  |  55.6s elapsed  |  1850.2848 TFLOPs
  step  960/1920  |  17.06 steps/s  |  56.3s elapsed  |  1869.7410 TFLOPs
  step  970/1920  |  17.00 steps/s  |  57.1s elapsed  |  1889.1972 TFLOPs
  step  980/1920  |  16.98 steps/s  |  57.8s elapsed  |  1908.6534 TFLOPs
  step  990/1920  |  16.95 steps/s  |  58.5s elapsed  |  1928.1096 TFLOPs
  step 1000/1920  |  16.87 steps/s  |  59.3s elapsed  |  1947.5658 TFLOPs
  step 1010/1920  |  16.66 steps/s  |  60.7s elapsed  |  1967.0220 TFLOPs
  step 1020/1920  |  16.64 steps/s  |  61.3s elapsed  |  1986.4782 TFLOPs
  step 1030/1920  |  16.46 steps/s  |  62.7s elapsed  |  2005.9344 TFLOPs
  step 1040/1920  |  16.44 steps/s  |  63.3s elapsed  |  2025.3906 TFLOPs
  step 1050/1920  |  16.42 steps/s  |  64.0s elapsed  |  2044.8468 TFLOPs
  step 1060/1920  |  16.40 steps/s  |  64.7s elapsed  |  2064.3030 TFLOPs
  step 1070/1920  |  16.38 steps/s  |  65.4s elapsed  |  2083.7592 TFLOPs
  step 1080/1920  |  16.36 steps/s  |  66.1s elapsed  |  2103.2154 TFLOPs
  step 1090/1920  |  16.32 steps/s  |  66.9s elapsed  |  2122.6716 TFLOPs
  step 1100/1920  |  16.28 steps/s  |  67.6s elapsed  |  2142.1278 TFLOPs
  step 1110/1920  |  16.26 steps/s  |  68.3s elapsed  |  2161.5840 TFLOPs
  step 1120/1920  |  16.23 steps/s  |  69.1s elapsed  |  2181.0402 TFLOPs
  step 1130/1920  |  16.20 steps/s  |  69.8s elapsed  |  2200.4964 TFLOPs
  step 1140/1920  |  16.17 steps/s  |  70.5s elapsed  |  2219.9526 TFLOPs
  step 1150/1920  |  16.14 steps/s  |  71.3s elapsed  |  2239.4088 TFLOPs
  step 1160/1920  |  16.12 steps/s  |  72.0s elapsed  |  2258.8650 TFLOPs
  step 1170/1920  |  16.11 steps/s  |  72.7s elapsed  |  2278.3212 TFLOPs
  step 1180/1920  |  16.09 steps/s  |  73.4s elapsed  |  2297.7774 TFLOPs
  step 1190/1920  |  16.06 steps/s  |  74.2s elapsed  |  2317.2336 TFLOPs
  step 1200/1920  |  16.05 steps/s  |  74.9s elapsed  |  2336.6898 TFLOPs
  step 1210/1920  |  16.01 steps/s  |  75.6s elapsed  |  2356.1460 TFLOPs
  step 1220/1920  |  15.99 steps/s  |  76.4s elapsed  |  2375.6022 TFLOPs
  step 1230/1920  |  15.88 steps/s  |  77.5s elapsed  |  2395.0584 TFLOPs
  step 1240/1920  |  15.85 steps/s  |  78.3s elapsed  |  2414.5146 TFLOPs
  step 1250/1920  |  15.76 steps/s  |  79.4s elapsed  |  2433.9709 TFLOPs
  step 1260/1920  |  15.75 steps/s  |  80.1s elapsed  |  2453.4271 TFLOPs
  step 1270/1920  |  15.74 steps/s  |  80.7s elapsed  |  2472.8833 TFLOPs
  step 1280/1920  |  15.72 steps/s  |  81.5s elapsed  |  2492.3395 TFLOPs
  step 1290/1920  |  15.70 steps/s  |  82.2s elapsed  |  2511.7957 TFLOPs
  step 1300/1920  |  15.69 steps/s  |  82.9s elapsed  |  2531.2519 TFLOPs
  step 1310/1920  |  15.65 steps/s  |  83.7s elapsed  |  2550.7081 TFLOPs
  step 1320/1920  |  15.64 steps/s  |  84.5s elapsed  |  2570.1643 TFLOPs
  step 1330/1920  |  15.45 steps/s  |  86.2s elapsed  |  2589.6205 TFLOPs
  step 1340/1920  |  15.32 steps/s  |  87.5s elapsed  |  2609.0767 TFLOPs
  step 1350/1920  |  15.31 steps/s  |  88.3s elapsed  |  2628.5329 TFLOPs
  step 1360/1920  |  15.31 steps/s  |  88.9s elapsed  |  2647.9891 TFLOPs
  step 1370/1920  |  15.31 steps/s  |  89.5s elapsed  |  2667.4453 TFLOPs
  step 1380/1920  |  15.31 steps/s  |  90.2s elapsed  |  2686.9015 TFLOPs
  step 1390/1920  |  15.29 steps/s  |  91.0s elapsed  |  2706.3577 TFLOPs
  step 1400/1920  |  15.17 steps/s  |  92.4s elapsed  |  2725.8139 TFLOPs
  step 1410/1920  |  15.16 steps/s  |  93.1s elapsed  |  2745.2701 TFLOPs
  step 1420/1920  |  15.17 steps/s  |  93.7s elapsed  |  2764.7263 TFLOPs
  step 1430/1920  |  15.16 steps/s  |  94.4s elapsed  |  2784.1825 TFLOPs
  step 1440/1920  |  15.11 steps/s  |  95.4s elapsed  |  2803.6387 TFLOPs
  step 1450/1920  |  15.03 steps/s  |  96.5s elapsed  |  2823.0949 TFLOPs
  step 1460/1920  |  14.90 steps/s  |  98.0s elapsed  |  2842.5511 TFLOPs
  step 1470/1920  |  14.82 steps/s  |  99.3s elapsed  |  2862.0073 TFLOPs
  step 1480/1920  |  14.82 steps/s  |  100.0s elapsed  |  2881.4635 TFLOPs
  step 1490/1920  |  14.80 steps/s  |  100.7s elapsed  |  2900.9197 TFLOPs
  step 1500/1920  |  14.66 steps/s  |  102.4s elapsed  |  2920.3759 TFLOPs
  step 1510/1920  |  14.66 steps/s  |  103.0s elapsed  |  2939.8321 TFLOPs
  step 1520/1920  |  14.69 steps/s  |  103.6s elapsed  |  2959.2883 TFLOPs
  step 1530/1920  |  14.70 steps/s  |  104.2s elapsed  |  2978.7445 TFLOPs
  step 1540/1920  |  14.69 steps/s  |  104.9s elapsed  |  2998.2007 TFLOPs
  step 1550/1920  |  14.60 steps/s  |  106.2s elapsed  |  3017.6569 TFLOPs
  step 1560/1920  |  14.58 steps/s  |  107.0s elapsed  |  3037.1131 TFLOPs
  step 1570/1920  |  14.60 steps/s  |  107.6s elapsed  |  3056.5693 TFLOPs
  step 1580/1920  |  14.59 steps/s  |  108.3s elapsed  |  3076.0255 TFLOPs
  step 1590/1920  |  14.58 steps/s  |  109.1s elapsed  |  3095.4817 TFLOPs
  step 1600/1920  |  14.57 steps/s  |  109.9s elapsed  |  3114.9379 TFLOPs
  step 1610/1920  |  14.56 steps/s  |  110.7s elapsed  |  3134.3941 TFLOPs
  step 1620/1920  |  14.55 steps/s  |  111.4s elapsed  |  3153.8503 TFLOPs
  step 1630/1920  |  14.40 steps/s  |  113.3s elapsed  |  3173.3065 TFLOPs
  step 1640/1920  |  14.30 steps/s  |  114.7s elapsed  |  3192.7627 TFLOPs
  step 1650/1920  |  14.25 steps/s  |  115.9s elapsed  |  3212.2189 TFLOPs
  step 1660/1920  |  14.19 steps/s  |  117.1s elapsed  |  3231.6751 TFLOPs
  step 1670/1920  |  14.13 steps/s  |  118.3s elapsed  |  3251.1313 TFLOPs
  step 1680/1920  |  14.14 steps/s  |  118.9s elapsed  |  3270.5875 TFLOPs
  step 1690/1920  |  14.15 steps/s  |  119.5s elapsed  |  3290.0437 TFLOPs
  step 1700/1920  |  14.15 steps/s  |  120.2s elapsed  |  3309.4999 TFLOPs
  step 1710/1920  |  14.03 steps/s  |  122.0s elapsed  |  3328.9561 TFLOPs
  step 1720/1920  |  13.93 steps/s  |  123.5s elapsed  |  3348.4123 TFLOPs
  step 1730/1920  |  13.91 steps/s  |  124.4s elapsed  |  3367.8685 TFLOPs
  step 1740/1920  |  13.93 steps/s  |  125.0s elapsed  |  3387.3247 TFLOPs
  step 1750/1920  |  13.93 steps/s  |  125.7s elapsed  |  3406.7809 TFLOPs
  step 1760/1920  |  13.94 steps/s  |  126.4s elapsed  |  3426.2371 TFLOPs
  step 1770/1920  |  13.94 steps/s  |  127.0s elapsed  |  3445.6933 TFLOPs
  step 1780/1920  |  13.94 steps/s  |  127.7s elapsed  |  3465.1495 TFLOPs
  step 1790/1920  |  13.88 steps/s  |  129.0s elapsed  |  3484.6058 TFLOPs
  step 1800/1920  |  13.82 steps/s  |  130.4s elapsed  |  3504.0620 TFLOPs
  step 1810/1920  |  13.82 steps/s  |  131.0s elapsed  |  3523.5182 TFLOPs
  step 1820/1920  |  13.83 steps/s  |  131.7s elapsed  |  3542.9744 TFLOPs
  step 1830/1920  |  13.83 steps/s  |  132.4s elapsed  |  3562.4306 TFLOPs
  step 1840/1920  |  13.84 steps/s  |  133.1s elapsed  |  3581.8868 TFLOPs
  step 1850/1920  |  13.84 steps/s  |  133.7s elapsed  |  3601.3430 TFLOPs
  step 1860/1920  |  13.84 steps/s  |  134.4s elapsed  |  3620.7992 TFLOPs
  step 1870/1920  |  13.84 steps/s  |  135.2s elapsed  |  3640.2554 TFLOPs
  step 1880/1920  |  13.85 steps/s  |  135.8s elapsed  |  3659.7116 TFLOPs
  step 1890/1920  |  13.85 steps/s  |  136.6s elapsed  |  3679.1678 TFLOPs
  step 1900/1920  |  13.84 steps/s  |  137.3s elapsed  |  3698.6240 TFLOPs
  step 1910/1920  |  13.84 steps/s  |  138.1s elapsed  |  3718.0802 TFLOPs

[redteam] Done. 1920 steps in 138.7s (13.84 steps/s)
[redteam] Ground truth total : 3735.5908 TFLOPs
[redteam] Ground truth rate  : 26.9343 TFLOPS avg
[redteam] Compare 'Monitor est.' above to ground truth total.
[redteam] all-reduce probe: OK
  -> GT 3735.59 TFLOPs  | net 18243 J  | 140s  | gpu 97/96%  | NVLink 1228MB/step  | FRONTIER

[2/11] S4_d1024_s256_L6_b16  (fam S4)  fixed steps=960
  Launching: torchrun x2  --steps 960 --batch-size 16 --seq-len 256 --d-model 1024 --num-layers 6 --nhead 8 --dim-feedforward 4096 --precision fp16 --optimizer adamw
W0810 03:47:26.535000 363639 torch/distributed/run.py:766] 
W0810 03:47:26.535000 363639 torch/distributed/run.py:766] *****************************************
W0810 03:47:26.535000 363639 torch/distributed/run.py:766] Setting OMP_NUM_THREADS environment variable for each process to be 1 in default, to avoid your system being overloaded, please further tune the variable for optimal performance in your application as needed. 
W0810 03:47:26.535000 363639 torch/distributed/run.py:766] *****************************************
[redteam] Device : Tesla V100-SXM2-16GB × 2 (DDP)
[redteam] Config : steps=960, batch/gpu=16, global_batch=32, seq=256, d_model=1024, layers=6, nhead=8, ff=4096, precision=fp16, opt=adamw
[redteam] Params : 76626944 (76.6M)
[redteam] FLOPs/step/gpu (fwd+bwd) : 1945.620 GFLOPs
[redteam] Ground truth total    : 3735.5908 TFLOPs  (2 ranks)
[redteam] Starting workload...

  step    0/960  |  15.04 steps/s  |  0.1s elapsed  |  3.8912 TFLOPs
  step   10/960  |  11.44 steps/s  |  1.0s elapsed  |  42.8036 TFLOPs
  step   20/960  |  8.07 steps/s  |  2.6s elapsed  |  81.7160 TFLOPs
  step   30/960  |  7.77 steps/s  |  4.0s elapsed  |  120.6285 TFLOPs
  step   40/960  |  7.15 steps/s  |  5.7s elapsed  |  159.5409 TFLOPs
  step   50/960  |  5.91 steps/s  |  8.6s elapsed  |  198.4533 TFLOPs
  step   60/960  |  6.22 steps/s  |  9.8s elapsed  |  237.3657 TFLOPs
  step   70/960  |  6.43 steps/s  |  11.0s elapsed  |  276.2781 TFLOPs
  step   80/960  |  6.06 steps/s  |  13.4s elapsed  |  315.1905 TFLOPs
  step   90/960  |  6.09 steps/s  |  14.9s elapsed  |  354.1029 TFLOPs
  step  100/960  |  5.83 steps/s  |  17.3s elapsed  |  393.0153 TFLOPs
  step  110/960  |  5.51 steps/s  |  20.2s elapsed  |  431.9277 TFLOPs
  step  120/960  |  5.53 steps/s  |  21.9s elapsed  |  470.8401 TFLOPs
  step  130/960  |  5.36 steps/s  |  24.4s elapsed  |  509.7525 TFLOPs
  step  140/960  |  5.53 steps/s  |  25.5s elapsed  |  548.6649 TFLOPs
  step  150/960  |  5.60 steps/s  |  27.0s elapsed  |  587.5773 TFLOPs
  step  160/960  |  5.44 steps/s  |  29.6s elapsed  |  626.4897 TFLOPs
  step  170/960  |  5.43 steps/s  |  31.5s elapsed  |  665.4021 TFLOPs
  step  180/960  |  5.35 steps/s  |  33.8s elapsed  |  704.3145 TFLOPs
  step  190/960  |  5.31 steps/s  |  36.0s elapsed  |  743.2269 TFLOPs
  step  200/960  |  5.42 steps/s  |  37.1s elapsed  |  782.1393 TFLOPs
  step  210/960  |  5.44 steps/s  |  38.8s elapsed  |  821.0517 TFLOPs
  step  220/960  |  5.53 steps/s  |  40.0s elapsed  |  859.9641 TFLOPs
  step  230/960  |  5.63 steps/s  |  41.0s elapsed  |  898.8765 TFLOPs
  step  240/960  |  5.73 steps/s  |  42.1s elapsed  |  937.7889 TFLOPs
  step  250/960  |  5.60 steps/s  |  44.8s elapsed  |  976.7013 TFLOPs
  step  260/960  |  5.68 steps/s  |  45.9s elapsed  |  1015.6137 TFLOPs
  step  270/960  |  5.63 steps/s  |  48.1s elapsed  |  1054.5261 TFLOPs
  step  280/960  |  5.47 steps/s  |  51.4s elapsed  |  1093.4385 TFLOPs
  step  290/960  |  5.46 steps/s  |  53.3s elapsed  |  1132.3509 TFLOPs
  step  300/960  |  5.48 steps/s  |  54.9s elapsed  |  1171.2634 TFLOPs
  step  310/960  |  5.47 steps/s  |  56.8s elapsed  |  1210.1758 TFLOPs
  step  320/960  |  5.50 steps/s  |  58.4s elapsed  |  1249.0882 TFLOPs
  step  330/960  |  5.38 steps/s  |  61.5s elapsed  |  1288.0006 TFLOPs
  step  340/960  |  5.34 steps/s  |  63.9s elapsed  |  1326.9130 TFLOPs
  step  350/960  |  5.29 steps/s  |  66.4s elapsed  |  1365.8254 TFLOPs
  step  360/960  |  5.25 steps/s  |  68.8s elapsed  |  1404.7378 TFLOPs
  step  370/960  |  5.31 steps/s  |  69.8s elapsed  |  1443.6502 TFLOPs
  step  380/960  |  5.28 steps/s  |  72.2s elapsed  |  1482.5626 TFLOPs
  step  390/960  |  5.29 steps/s  |  73.9s elapsed  |  1521.4750 TFLOPs
  step  400/960  |  5.29 steps/s  |  75.8s elapsed  |  1560.3874 TFLOPs
  step  410/960  |  5.34 steps/s  |  76.9s elapsed  |  1599.2998 TFLOPs
  step  420/960  |  5.31 steps/s  |  79.2s elapsed  |  1638.2122 TFLOPs
  step  430/960  |  5.37 steps/s  |  80.3s elapsed  |  1677.1246 TFLOPs
  step  440/960  |  5.34 steps/s  |  82.5s elapsed  |  1716.0370 TFLOPs
  step  450/960  |  5.35 steps/s  |  84.3s elapsed  |  1754.9494 TFLOPs
  step  460/960  |  5.32 steps/s  |  86.7s elapsed  |  1793.8618 TFLOPs
  step  470/960  |  5.36 steps/s  |  87.9s elapsed  |  1832.7742 TFLOPs
  step  480/960  |  5.40 steps/s  |  89.1s elapsed  |  1871.6866 TFLOPs
  step  490/960  |  5.43 steps/s  |  90.4s elapsed  |  1910.5990 TFLOPs
  step  500/960  |  5.47 steps/s  |  91.6s elapsed  |  1949.5114 TFLOPs
  step  510/960  |  5.51 steps/s  |  92.8s elapsed  |  1988.4238 TFLOPs
  step  520/960  |  5.52 steps/s  |  94.4s elapsed  |  2027.3362 TFLOPs
  step  530/960  |  5.55 steps/s  |  95.7s elapsed  |  2066.2486 TFLOPs
  step  540/960  |  5.55 steps/s  |  97.6s elapsed  |  2105.1610 TFLOPs
  step  550/960  |  5.54 steps/s  |  99.5s elapsed  |  2144.0734 TFLOPs
  step  560/960  |  5.48 steps/s  |  102.4s elapsed  |  2182.9858 TFLOPs
  step  570/960  |  5.38 steps/s  |  106.0s elapsed  |  2221.8983 TFLOPs
  step  580/960  |  5.35 steps/s  |  108.6s elapsed  |  2260.8107 TFLOPs
  step  590/960  |  5.35 steps/s  |  110.6s elapsed  |  2299.7231 TFLOPs
  step  600/960  |  5.32 steps/s  |  112.9s elapsed  |  2338.6355 TFLOPs
  step  610/960  |  5.36 steps/s  |  113.9s elapsed  |  2377.5479 TFLOPs
  step  620/960  |  5.35 steps/s  |  116.1s elapsed  |  2416.4603 TFLOPs
  step  630/960  |  5.37 steps/s  |  117.6s elapsed  |  2455.3727 TFLOPs
  step  640/960  |  5.37 steps/s  |  119.4s elapsed  |  2494.2851 TFLOPs
  step  650/960  |  5.32 steps/s  |  122.3s elapsed  |  2533.1975 TFLOPs
  step  660/960  |  5.31 steps/s  |  124.4s elapsed  |  2572.1099 TFLOPs
  step  670/960  |  5.34 steps/s  |  125.7s elapsed  |  2611.0223 TFLOPs
  step  680/960  |  5.31 steps/s  |  128.2s elapsed  |  2649.9347 TFLOPs
  step  690/960  |  5.31 steps/s  |  130.2s elapsed  |  2688.8471 TFLOPs
  step  700/960  |  5.31 steps/s  |  132.0s elapsed  |  2727.7595 TFLOPs
  step  710/960  |  5.34 steps/s  |  133.0s elapsed  |  2766.6719 TFLOPs
  step  720/960  |  5.33 steps/s  |  135.4s elapsed  |  2805.5843 TFLOPs
  step  730/960  |  5.31 steps/s  |  137.7s elapsed  |  2844.4967 TFLOPs
  step  740/960  |  5.32 steps/s  |  139.3s elapsed  |  2883.4091 TFLOPs
  step  750/960  |  5.35 steps/s  |  140.4s elapsed  |  2922.3215 TFLOPs
  step  760/960  |  5.30 steps/s  |  143.6s elapsed  |  2961.2339 TFLOPs
  step  770/960  |  5.29 steps/s  |  145.8s elapsed  |  3000.1463 TFLOPs
  step  780/960  |  5.29 steps/s  |  147.5s elapsed  |  3039.0587 TFLOPs
  step  790/960  |  5.29 steps/s  |  149.4s elapsed  |  3077.9711 TFLOPs
  step  800/960  |  5.31 steps/s  |  150.9s elapsed  |  3116.8835 TFLOPs
  step  810/960  |  5.34 steps/s  |  152.0s elapsed  |  3155.7959 TFLOPs
  step  820/960  |  5.34 steps/s  |  153.7s elapsed  |  3194.7083 TFLOPs
  step  830/960  |  5.27 steps/s  |  157.6s elapsed  |  3233.6207 TFLOPs
  step  840/960  |  5.28 steps/s  |  159.3s elapsed  |  3272.5332 TFLOPs
  step  850/960  |  5.31 steps/s  |  160.3s elapsed  |  3311.4456 TFLOPs
  step  860/960  |  5.34 steps/s  |  161.4s elapsed  |  3350.3580 TFLOPs
  step  870/960  |  5.31 steps/s  |  164.1s elapsed  |  3389.2704 TFLOPs
  step  880/960  |  5.28 steps/s  |  166.9s elapsed  |  3428.1828 TFLOPs
  step  890/960  |  5.28 steps/s  |  168.7s elapsed  |  3467.0952 TFLOPs
  step  900/960  |  5.29 steps/s  |  170.4s elapsed  |  3506.0076 TFLOPs
  step  910/960  |  5.30 steps/s  |  172.0s elapsed  |  3544.9200 TFLOPs
  step  920/960  |  5.28 steps/s  |  174.3s elapsed  |  3583.8324 TFLOPs
  step  930/960  |  5.31 steps/s  |  175.3s elapsed  |  3622.7448 TFLOPs
  step  940/960  |  5.28 steps/s  |  178.1s elapsed  |  3661.6572 TFLOPs
  step  950/960  |  5.30 steps/s  |  179.5s elapsed  |  3700.5696 TFLOPs

[redteam] Done. 960 steps in 180.9s (5.31 steps/s)
[redteam] Ground truth total : 3735.5908 TFLOPs
[redteam] Ground truth rate  : 20.6556 TFLOPS avg
[redteam] Compare 'Monitor est.' above to ground truth total.
[redteam] all-reduce probe: OK
  -> GT 3735.59 TFLOPs  | net 19023 J  | 182s  | gpu 98/98%  | NVLink 1241MB/step  | FRONTIER

[3/11] S4_d1024_s256_L6_b32  (fam S4)  fixed steps=480
  Launching: torchrun x2  --steps 480 --batch-size 32 --seq-len 256 --d-model 1024 --num-layers 6 --nhead 8 --dim-feedforward 4096 --precision fp16 --optimizer adamw
W0810 03:50:33.892000 364695 torch/distributed/run.py:766] 
W0810 03:50:33.892000 364695 torch/distributed/run.py:766] *****************************************
W0810 03:50:33.892000 364695 torch/distributed/run.py:766] Setting OMP_NUM_THREADS environment variable for each process to be 1 in default, to avoid your system being overloaded, please further tune the variable for optimal performance in your application as needed. 
W0810 03:50:33.892000 364695 torch/distributed/run.py:766] *****************************************
[redteam] Device : Tesla V100-SXM2-16GB × 2 (DDP)
[redteam] Config : steps=480, batch/gpu=32, global_batch=64, seq=256, d_model=1024, layers=6, nhead=8, ff=4096, precision=fp16, opt=adamw
[redteam] Params : 76626944 (76.6M)
[redteam] FLOPs/step/gpu (fwd+bwd) : 3891.240 GFLOPs
[redteam] Ground truth total    : 3735.5908 TFLOPs  (2 ranks)
[redteam] Starting workload...

  step    0/480  |  7.51 steps/s  |  0.1s elapsed  |  7.7825 TFLOPs
  step   10/480  |  4.43 steps/s  |  2.5s elapsed  |  85.6073 TFLOPs
  step   20/480  |  3.84 steps/s  |  5.5s elapsed  |  163.4321 TFLOPs
  step   30/480  |  4.18 steps/s  |  7.4s elapsed  |  241.2569 TFLOPs
  step   40/480  |  3.70 steps/s  |  11.1s elapsed  |  319.0817 TFLOPs
  step   50/480  |  3.58 steps/s  |  14.2s elapsed  |  396.9065 TFLOPs
  step   60/480  |  3.74 steps/s  |  16.3s elapsed  |  474.7313 TFLOPs
  step   70/480  |  3.87 steps/s  |  18.3s elapsed  |  552.5561 TFLOPs
  step   80/480  |  3.70 steps/s  |  21.9s elapsed  |  630.3809 TFLOPs
  step   90/480  |  3.43 steps/s  |  26.6s elapsed  |  708.2057 TFLOPs
  step  100/480  |  3.42 steps/s  |  29.5s elapsed  |  786.0306 TFLOPs
  step  110/480  |  3.44 steps/s  |  32.2s elapsed  |  863.8554 TFLOPs
  step  120/480  |  3.43 steps/s  |  35.3s elapsed  |  941.6802 TFLOPs
  step  130/480  |  3.34 steps/s  |  39.3s elapsed  |  1019.5050 TFLOPs
  step  140/480  |  3.35 steps/s  |  42.1s elapsed  |  1097.3298 TFLOPs
  step  150/480  |  3.39 steps/s  |  44.5s elapsed  |  1175.1546 TFLOPs
  step  160/480  |  3.31 steps/s  |  48.6s elapsed  |  1252.9794 TFLOPs
  step  170/480  |  3.26 steps/s  |  52.5s elapsed  |  1330.8042 TFLOPs
  step  180/480  |  3.31 steps/s  |  54.6s elapsed  |  1408.6290 TFLOPs
  step  190/480  |  3.28 steps/s  |  58.3s elapsed  |  1486.4538 TFLOPs
  step  200/480  |  3.27 steps/s  |  61.5s elapsed  |  1564.2786 TFLOPs
  step  210/480  |  3.28 steps/s  |  64.3s elapsed  |  1642.1034 TFLOPs
  step  220/480  |  3.31 steps/s  |  66.8s elapsed  |  1719.9282 TFLOPs
  step  230/480  |  3.25 steps/s  |  71.1s elapsed  |  1797.7531 TFLOPs
  step  240/480  |  3.23 steps/s  |  74.6s elapsed  |  1875.5779 TFLOPs
  step  250/480  |  3.16 steps/s  |  79.4s elapsed  |  1953.4027 TFLOPs
  step  260/480  |  3.15 steps/s  |  82.8s elapsed  |  2031.2275 TFLOPs
  step  270/480  |  3.15 steps/s  |  85.9s elapsed  |  2109.0523 TFLOPs
  step  280/480  |  3.19 steps/s  |  88.0s elapsed  |  2186.8771 TFLOPs
  step  290/480  |  3.19 steps/s  |  91.2s elapsed  |  2264.7019 TFLOPs
  step  300/480  |  3.19 steps/s  |  94.3s elapsed  |  2342.5267 TFLOPs
  step  310/480  |  3.21 steps/s  |  96.8s elapsed  |  2420.3515 TFLOPs
  step  320/480  |  3.15 steps/s  |  102.0s elapsed  |  2498.1763 TFLOPs
  step  330/480  |  3.16 steps/s  |  104.8s elapsed  |  2576.0011 TFLOPs
  step  340/480  |  3.15 steps/s  |  108.1s elapsed  |  2653.8259 TFLOPs
  step  350/480  |  3.12 steps/s  |  112.4s elapsed  |  2731.6507 TFLOPs
  step  360/480  |  3.09 steps/s  |  117.0s elapsed  |  2809.4755 TFLOPs
  step  370/480  |  3.09 steps/s  |  119.9s elapsed  |  2887.3004 TFLOPs
  step  380/480  |  3.12 steps/s  |  122.1s elapsed  |  2965.1252 TFLOPs
  step  390/480  |  3.09 steps/s  |  126.6s elapsed  |  3042.9500 TFLOPs
  step  400/480  |  3.09 steps/s  |  129.9s elapsed  |  3120.7748 TFLOPs
  step  410/480  |  3.09 steps/s  |  133.1s elapsed  |  3198.5996 TFLOPs
  step  420/480  |  3.10 steps/s  |  135.7s elapsed  |  3276.4244 TFLOPs
  step  430/480  |  3.10 steps/s  |  138.9s elapsed  |  3354.2492 TFLOPs
  step  440/480  |  3.10 steps/s  |  142.1s elapsed  |  3432.0740 TFLOPs
  step  450/480  |  3.11 steps/s  |  145.0s elapsed  |  3509.8988 TFLOPs
  step  460/480  |  3.11 steps/s  |  148.0s elapsed  |  3587.7236 TFLOPs
  step  470/480  |  3.09 steps/s  |  152.2s elapsed  |  3665.5484 TFLOPs

[redteam] Done. 480 steps in 155.9s (3.08 steps/s)
[redteam] Ground truth total : 3735.5908 TFLOPs
[redteam] Ground truth rate  : 23.9668 TFLOPS avg
[redteam] Compare 'Monitor est.' above to ground truth total.
[redteam] all-reduce probe: OK
  -> GT 3735.59 TFLOPs  | net 15093 J  | 157s  | gpu 98/99%  | NVLink 1221MB/step  | FRONTIER

[4/11] S4_d1024_s256_L6_b64  (fam S4)  fixed steps=240
  Launching: torchrun x2  --steps 240 --batch-size 64 --seq-len 256 --d-model 1024 --num-layers 6 --nhead 8 --dim-feedforward 4096 --precision fp16 --optimizer adamw
W0810 03:53:16.438000 365658 torch/distributed/run.py:766] 
W0810 03:53:16.438000 365658 torch/distributed/run.py:766] *****************************************
W0810 03:53:16.438000 365658 torch/distributed/run.py:766] Setting OMP_NUM_THREADS environment variable for each process to be 1 in default, to avoid your system being overloaded, please further tune the variable for optimal performance in your application as needed. 
W0810 03:53:16.438000 365658 torch/distributed/run.py:766] *****************************************
[redteam] Device : Tesla V100-SXM2-16GB × 2 (DDP)
[redteam] Config : steps=240, batch/gpu=64, global_batch=128, seq=256, d_model=1024, layers=6, nhead=8, ff=4096, precision=fp16, opt=adamw
[redteam] Params : 76626944 (76.6M)
[redteam] FLOPs/step/gpu (fwd+bwd) : 7782.481 GFLOPs
[redteam] Ground truth total    : 3735.5908 TFLOPs  (2 ranks)
[redteam] Starting workload...

  step    0/240  |  3.56 steps/s  |  0.3s elapsed  |  15.5650 TFLOPs
  step   10/240  |  1.79 steps/s  |  6.1s elapsed  |  171.2146 TFLOPs
  step   20/240  |  1.78 steps/s  |  11.8s elapsed  |  326.8642 TFLOPs
  step   30/240  |  1.73 steps/s  |  17.9s elapsed  |  482.5138 TFLOPs
  step   40/240  |  1.74 steps/s  |  23.6s elapsed  |  638.1634 TFLOPs
  step   50/240  |  1.75 steps/s  |  29.1s elapsed  |  793.8130 TFLOPs
  step   60/240  |  1.78 steps/s  |  34.3s elapsed  |  949.4627 TFLOPs
  step   70/240  |  1.75 steps/s  |  40.5s elapsed  |  1105.1123 TFLOPs
  step   80/240  |  1.72 steps/s  |  47.2s elapsed  |  1260.7619 TFLOPs
  step   90/240  |  1.71 steps/s  |  53.2s elapsed  |  1416.4115 TFLOPs
  step  100/240  |  1.75 steps/s  |  57.7s elapsed  |  1572.0611 TFLOPs
  step  110/240  |  1.77 steps/s  |  62.6s elapsed  |  1727.7107 TFLOPs
  step  120/240  |  1.79 steps/s  |  67.4s elapsed  |  1883.3603 TFLOPs
  step  130/240  |  1.78 steps/s  |  73.7s elapsed  |  2039.0100 TFLOPs
  step  140/240  |  1.76 steps/s  |  80.1s elapsed  |  2194.6596 TFLOPs
  step  150/240  |  1.75 steps/s  |  86.5s elapsed  |  2350.3092 TFLOPs
  step  160/240  |  1.75 steps/s  |  92.2s elapsed  |  2505.9588 TFLOPs
  step  170/240  |  1.73 steps/s  |  98.7s elapsed  |  2661.6084 TFLOPs
  step  180/240  |  1.72 steps/s  |  105.3s elapsed  |  2817.2580 TFLOPs
  step  190/240  |  1.72 steps/s  |  111.2s elapsed  |  2972.9076 TFLOPs
  step  200/240  |  1.72 steps/s  |  116.6s elapsed  |  3128.5573 TFLOPs
  step  210/240  |  1.72 steps/s  |  122.5s elapsed  |  3284.2069 TFLOPs
  step  220/240  |  1.73 steps/s  |  128.0s elapsed  |  3439.8565 TFLOPs
  step  230/240  |  1.71 steps/s  |  134.8s elapsed  |  3595.5061 TFLOPs

[redteam] Done. 240 steps in 141.2s (1.70 steps/s)
[redteam] Ground truth total : 3735.5908 TFLOPs
[redteam] Ground truth rate  : 26.4499 TFLOPS avg
[redteam] Compare 'Monitor est.' above to ground truth total.
[redteam] all-reduce probe: OK
  -> GT 3735.59 TFLOPs  | net 14676 J  | 143s  | gpu 99/99%  | NVLink 1222MB/step  | FRONTIER

[5/11] S4_d1024_s256_L6_b128  (fam S4)  fixed steps=120
  Launching: torchrun x2  --steps 120 --batch-size 128 --seq-len 256 --d-model 1024 --num-layers 6 --nhead 8 --dim-feedforward 4096 --precision fp16 --optimizer adamw
W0810 03:55:44.644000 366448 torch/distributed/run.py:766] 
W0810 03:55:44.644000 366448 torch/distributed/run.py:766] *****************************************
W0810 03:55:44.644000 366448 torch/distributed/run.py:766] Setting OMP_NUM_THREADS environment variable for each process to be 1 in default, to avoid your system being overloaded, please further tune the variable for optimal performance in your application as needed. 
W0810 03:55:44.644000 366448 torch/distributed/run.py:766] *****************************************
[redteam] Device : Tesla V100-SXM2-16GB × 2 (DDP)
[redteam] Config : steps=120, batch/gpu=128, global_batch=256, seq=256, d_model=1024, layers=6, nhead=8, ff=4096, precision=fp16, opt=adamw
[redteam] Params : 76626944 (76.6M)
[redteam] FLOPs/step/gpu (fwd+bwd) : 15564.961 GFLOPs
[redteam] Ground truth total    : 3735.5908 TFLOPs  (2 ranks)
[redteam] Starting workload...

  step    0/120  |  1.67 steps/s  |  0.6s elapsed  |  31.1299 TFLOPs
  step   10/120  |  1.09 steps/s  |  10.1s elapsed  |  342.4292 TFLOPs
  step   20/120  |  1.06 steps/s  |  19.8s elapsed  |  653.7284 TFLOPs
  step   30/120  |  1.03 steps/s  |  30.0s elapsed  |  965.0276 TFLOPs
  step   40/120  |  1.02 steps/s  |  40.0s elapsed  |  1276.3268 TFLOPs
  step   50/120  |  1.00 steps/s  |  51.3s elapsed  |  1587.6261 TFLOPs
  step   60/120  |  0.99 steps/s  |  61.7s elapsed  |  1898.9253 TFLOPs
  step   70/120  |  0.98 steps/s  |  72.4s elapsed  |  2210.2245 TFLOPs
  step   80/120  |  0.97 steps/s  |  83.3s elapsed  |  2521.5238 TFLOPs
  step   90/120  |  0.96 steps/s  |  94.5s elapsed  |  2832.8230 TFLOPs
  step  100/120  |  0.95 steps/s  |  105.9s elapsed  |  3144.1222 TFLOPs
  step  110/120  |  0.95 steps/s  |  117.0s elapsed  |  3455.4214 TFLOPs

[redteam] Done. 120 steps in 125.9s (0.95 steps/s)
[redteam] Ground truth total : 3735.5908 TFLOPs
[redteam] Ground truth rate  : 29.6757 TFLOPS avg
[redteam] Compare 'Monitor est.' above to ground truth total.
[redteam] all-reduce probe: OK
  -> GT 3735.59 TFLOPs  | net 13245 J  | 127s  | gpu 99/99%  | NVLink 1292MB/step  | FRONTIER

[6/11] S3_d1024_s512_b16_L12_h1  (fam S3)  fixed steps=120
  Launching: torchrun x2  --steps 120 --batch-size 16 --seq-len 512 --d-model 1024 --num-layers 12 --nhead 1 --dim-feedforward 4096 --precision fp16 --optimizer adamw
W0810 03:57:57.686000 367100 torch/distributed/run.py:766] 
W0810 03:57:57.686000 367100 torch/distributed/run.py:766] *****************************************
W0810 03:57:57.686000 367100 torch/distributed/run.py:766] Setting OMP_NUM_THREADS environment variable for each process to be 1 in default, to avoid your system being overloaded, please further tune the variable for optimal performance in your application as needed. 
W0810 03:57:57.686000 367100 torch/distributed/run.py:766] *****************************************
[redteam] Device : Tesla V100-SXM2-16GB × 2 (DDP)
[redteam] Config : steps=120, batch/gpu=16, global_batch=32, seq=512, d_model=1024, layers=12, nhead=1, ff=4096, precision=fp16, opt=adamw
/home/will/verification-games/.venv/lib/python3.12/site-packages/torch/nn/modules/transformer.py:382: UserWarning: enable_nested_tensor is True, but self.use_nested_tensor is False because encoder_layer.self_attn.num_heads is odd
  warnings.warn(
/home/will/verification-games/.venv/lib/python3.12/site-packages/torch/nn/modules/transformer.py:382: UserWarning: enable_nested_tensor is True, but self.use_nested_tensor is False because encoder_layer.self_attn.num_heads is odd
  warnings.warn(
[redteam] Params : 152204288 (152.2M)
[redteam] FLOPs/step/gpu (fwd+bwd) : 8143.258 GFLOPs
[redteam] Ground truth total    : 1954.3819 TFLOPs  (2 ranks)
[redteam] Starting workload...

  step    0/120  |  2.68 steps/s  |  0.4s elapsed  |  16.2865 TFLOPs
  step   10/120  |  1.64 steps/s  |  6.7s elapsed  |  179.1517 TFLOPs
  step   20/120  |  1.55 steps/s  |  13.5s elapsed  |  342.0168 TFLOPs
  step   30/120  |  1.66 steps/s  |  18.6s elapsed  |  504.8820 TFLOPs
  step   40/120  |  1.62 steps/s  |  25.2s elapsed  |  667.7472 TFLOPs
  step   50/120  |  1.63 steps/s  |  31.4s elapsed  |  830.6123 TFLOPs
  step   60/120  |  1.61 steps/s  |  37.8s elapsed  |  993.4775 TFLOPs
  step   70/120  |  1.64 steps/s  |  43.2s elapsed  |  1156.3426 TFLOPs
  step   80/120  |  1.63 steps/s  |  49.6s elapsed  |  1319.2078 TFLOPs
  step   90/120  |  1.62 steps/s  |  56.2s elapsed  |  1482.0730 TFLOPs
  step  100/120  |  1.63 steps/s  |  61.9s elapsed  |  1644.9381 TFLOPs
  step  110/120  |  1.62 steps/s  |  68.4s elapsed  |  1807.8033 TFLOPs

[redteam] Done. 120 steps in 73.8s (1.63 steps/s)
[redteam] Ground truth total : 1954.3819 TFLOPs
[redteam] Ground truth rate  : 26.4998 TFLOPS avg
[redteam] Compare 'Monitor est.' above to ground truth total.
[redteam] all-reduce probe: OK
  -> GT 1954.38 TFLOPs  | net 8152 J  | 75s  | gpu 99/99%  | NVLink 2456MB/step  | FRONTIER

[7/11] S3_d1024_s512_b16_L12_h2  (fam S3)  fixed steps=120
  Launching: torchrun x2  --steps 120 --batch-size 16 --seq-len 512 --d-model 1024 --num-layers 12 --nhead 2 --dim-feedforward 4096 --precision fp16 --optimizer adamw
W0810 03:59:18.597000 367549 torch/distributed/run.py:766] 
W0810 03:59:18.597000 367549 torch/distributed/run.py:766] *****************************************
W0810 03:59:18.597000 367549 torch/distributed/run.py:766] Setting OMP_NUM_THREADS environment variable for each process to be 1 in default, to avoid your system being overloaded, please further tune the variable for optimal performance in your application as needed. 
W0810 03:59:18.597000 367549 torch/distributed/run.py:766] *****************************************
[redteam] Device : Tesla V100-SXM2-16GB × 2 (DDP)
[redteam] Config : steps=120, batch/gpu=16, global_batch=32, seq=512, d_model=1024, layers=12, nhead=2, ff=4096, precision=fp16, opt=adamw
[redteam] Params : 152204288 (152.2M)
[redteam] FLOPs/step/gpu (fwd+bwd) : 8143.258 GFLOPs
[redteam] Ground truth total    : 1954.3819 TFLOPs  (2 ranks)
[redteam] Starting workload...

  step    0/120  |  3.65 steps/s  |  0.3s elapsed  |  16.2865 TFLOPs
  step   10/120  |  1.81 steps/s  |  6.1s elapsed  |  179.1517 TFLOPs
  step   20/120  |  1.72 steps/s  |  12.2s elapsed  |  342.0168 TFLOPs
  step   30/120  |  1.68 steps/s  |  18.4s elapsed  |  504.8820 TFLOPs
  step   40/120  |  1.67 steps/s  |  24.6s elapsed  |  667.7472 TFLOPs
  step   50/120  |  1.65 steps/s  |  30.9s elapsed  |  830.6123 TFLOPs
  step   60/120  |  1.64 steps/s  |  37.3s elapsed  |  993.4775 TFLOPs
  step   70/120  |  1.65 steps/s  |  43.0s elapsed  |  1156.3426 TFLOPs
  step   80/120  |  1.64 steps/s  |  49.4s elapsed  |  1319.2078 TFLOPs
  step   90/120  |  1.62 steps/s  |  56.3s elapsed  |  1482.0730 TFLOPs
  step  100/120  |  1.61 steps/s  |  62.8s elapsed  |  1644.9381 TFLOPs
  step  110/120  |  1.61 steps/s  |  68.9s elapsed  |  1807.8033 TFLOPs

[redteam] Done. 120 steps in 75.0s (1.60 steps/s)
[redteam] Ground truth total : 1954.3819 TFLOPs
[redteam] Ground truth rate  : 26.0494 TFLOPS avg
[redteam] Compare 'Monitor est.' above to ground truth total.
[redteam] all-reduce probe: OK
  -> GT 1954.38 TFLOPs  | net 7796 J  | 77s  | gpu 98/98%  | NVLink 2498MB/step  | FRONTIER

[8/11] S3_d1024_s512_b16_L12_h8  (fam S3)  fixed steps=120
  Launching: torchrun x2  --steps 120 --batch-size 16 --seq-len 512 --d-model 1024 --num-layers 12 --nhead 8 --dim-feedforward 4096 --precision fp16 --optimizer adamw
W0810 04:00:40.969000 367932 torch/distributed/run.py:766] 
W0810 04:00:40.969000 367932 torch/distributed/run.py:766] *****************************************
W0810 04:00:40.969000 367932 torch/distributed/run.py:766] Setting OMP_NUM_THREADS environment variable for each process to be 1 in default, to avoid your system being overloaded, please further tune the variable for optimal performance in your application as needed. 
W0810 04:00:40.969000 367932 torch/distributed/run.py:766] *****************************************
[redteam] Device : Tesla V100-SXM2-16GB × 2 (DDP)
[redteam] Config : steps=120, batch/gpu=16, global_batch=32, seq=512, d_model=1024, layers=12, nhead=8, ff=4096, precision=fp16, opt=adamw
[redteam] Params : 152204288 (152.2M)
[redteam] FLOPs/step/gpu (fwd+bwd) : 8143.258 GFLOPs
[redteam] Ground truth total    : 1954.3819 TFLOPs  (2 ranks)
[redteam] Starting workload...

  step    0/120  |  2.56 steps/s  |  0.4s elapsed  |  16.2865 TFLOPs
  step   10/120  |  1.71 steps/s  |  6.4s elapsed  |  179.1517 TFLOPs
  step   20/120  |  1.64 steps/s  |  12.8s elapsed  |  342.0168 TFLOPs
  step   30/120  |  1.65 steps/s  |  18.8s elapsed  |  504.8820 TFLOPs
  step   40/120  |  1.60 steps/s  |  25.6s elapsed  |  667.7472 TFLOPs
  step   50/120  |  1.61 steps/s  |  31.6s elapsed  |  830.6123 TFLOPs
  step   60/120  |  1.62 steps/s  |  37.7s elapsed  |  993.4775 TFLOPs
  step   70/120  |  1.62 steps/s  |  43.9s elapsed  |  1156.3426 TFLOPs
  step   80/120  |  1.60 steps/s  |  50.6s elapsed  |  1319.2078 TFLOPs
  step   90/120  |  1.62 steps/s  |  56.3s elapsed  |  1482.0730 TFLOPs
  step  100/120  |  1.62 steps/s  |  62.4s elapsed  |  1644.9381 TFLOPs
  step  110/120  |  1.62 steps/s  |  68.7s elapsed  |  1807.8033 TFLOPs

[redteam] Done. 120 steps in 73.3s (1.64 steps/s)
[redteam] Ground truth total : 1954.3819 TFLOPs
[redteam] Ground truth rate  : 26.6774 TFLOPS avg
[redteam] Compare 'Monitor est.' above to ground truth total.
[redteam] all-reduce probe: OK
  -> GT 1954.38 TFLOPs  | net 7571 J  | 75s  | gpu 99/98%  | NVLink 2427MB/step  | FRONTIER

[9/11] S3_d1024_s512_b16_L12_h32  (fam S3)  fixed steps=120
  Launching: torchrun x2  --steps 120 --batch-size 16 --seq-len 512 --d-model 1024 --num-layers 12 --nhead 32 --dim-feedforward 4096 --precision fp16 --optimizer adamw
W0810 04:02:01.278000 368342 torch/distributed/run.py:766] 
W0810 04:02:01.278000 368342 torch/distributed/run.py:766] *****************************************
W0810 04:02:01.278000 368342 torch/distributed/run.py:766] Setting OMP_NUM_THREADS environment variable for each process to be 1 in default, to avoid your system being overloaded, please further tune the variable for optimal performance in your application as needed. 
W0810 04:02:01.278000 368342 torch/distributed/run.py:766] *****************************************
[redteam] Device : Tesla V100-SXM2-16GB × 2 (DDP)
[redteam] Config : steps=120, batch/gpu=16, global_batch=32, seq=512, d_model=1024, layers=12, nhead=32, ff=4096, precision=fp16, opt=adamw
[redteam] Params : 152204288 (152.2M)
[redteam] FLOPs/step/gpu (fwd+bwd) : 8143.258 GFLOPs
[redteam] Ground truth total    : 1954.3819 TFLOPs  (2 ranks)
[redteam] Starting workload...

  step    0/120  |  2.82 steps/s  |  0.4s elapsed  |  16.2865 TFLOPs
  step   10/120  |  1.51 steps/s  |  7.3s elapsed  |  179.1517 TFLOPs
  step   20/120  |  1.42 steps/s  |  14.8s elapsed  |  342.0168 TFLOPs
  step   30/120  |  1.39 steps/s  |  22.3s elapsed  |  504.8820 TFLOPs
  step   40/120  |  1.43 steps/s  |  28.7s elapsed  |  667.7472 TFLOPs
  step   50/120  |  1.40 steps/s  |  36.5s elapsed  |  830.6123 TFLOPs
  step   60/120  |  1.41 steps/s  |  43.1s elapsed  |  993.4775 TFLOPs
  step   70/120  |  1.43 steps/s  |  49.5s elapsed  |  1156.3426 TFLOPs
  step   80/120  |  1.40 steps/s  |  57.9s elapsed  |  1319.2078 TFLOPs
  step   90/120  |  1.38 steps/s  |  65.8s elapsed  |  1482.0730 TFLOPs
  step  100/120  |  1.39 steps/s  |  72.6s elapsed  |  1644.9381 TFLOPs
  step  110/120  |  1.41 steps/s  |  79.0s elapsed  |  1807.8033 TFLOPs

[redteam] Done. 120 steps in 85.2s (1.41 steps/s)
[redteam] Ground truth total : 1954.3819 TFLOPs
[redteam] Ground truth rate  : 22.9437 TFLOPS avg
[redteam] Compare 'Monitor est.' above to ground truth total.
[redteam] all-reduce probe: OK
  -> GT 1954.38 TFLOPs  | net 8791 J  | 86s  | gpu 98/99%  | NVLink 2455MB/step  | FRONTIER

[10/11] S3_d1024_s512_b16_L12_h64  (fam S3)  fixed steps=120
  Launching: torchrun x2  --steps 120 --batch-size 16 --seq-len 512 --d-model 1024 --num-layers 12 --nhead 64 --dim-feedforward 4096 --precision fp16 --optimizer adamw
W0810 04:03:33.586000 368826 torch/distributed/run.py:766] 
W0810 04:03:33.586000 368826 torch/distributed/run.py:766] *****************************************
W0810 04:03:33.586000 368826 torch/distributed/run.py:766] Setting OMP_NUM_THREADS environment variable for each process to be 1 in default, to avoid your system being overloaded, please further tune the variable for optimal performance in your application as needed. 
W0810 04:03:33.586000 368826 torch/distributed/run.py:766] *****************************************
[redteam] Device : Tesla V100-SXM2-16GB × 2 (DDP)
[redteam] Config : steps=120, batch/gpu=16, global_batch=32, seq=512, d_model=1024, layers=12, nhead=64, ff=4096, precision=fp16, opt=adamw
[redteam] Params : 152204288 (152.2M)
[redteam] FLOPs/step/gpu (fwd+bwd) : 8143.258 GFLOPs
[redteam] Ground truth total    : 1954.3819 TFLOPs  (2 ranks)
[redteam] Starting workload...

  step    0/120  |  1.56 steps/s  |  0.6s elapsed  |  16.2865 TFLOPs
  step   10/120  |  1.25 steps/s  |  8.8s elapsed  |  179.1517 TFLOPs
  step   20/120  |  1.28 steps/s  |  16.5s elapsed  |  342.0168 TFLOPs
  step   30/120  |  1.25 steps/s  |  24.8s elapsed  |  504.8820 TFLOPs
  step   40/120  |  1.22 steps/s  |  33.5s elapsed  |  667.7472 TFLOPs
  step   50/120  |  1.25 steps/s  |  40.8s elapsed  |  830.6123 TFLOPs
  step   60/120  |  1.25 steps/s  |  48.6s elapsed  |  993.4775 TFLOPs
  step   70/120  |  1.25 steps/s  |  56.9s elapsed  |  1156.3426 TFLOPs
  step   80/120  |  1.23 steps/s  |  65.9s elapsed  |  1319.2078 TFLOPs
  step   90/120  |  1.22 steps/s  |  74.6s elapsed  |  1482.0730 TFLOPs
  step  100/120  |  1.22 steps/s  |  82.5s elapsed  |  1644.9381 TFLOPs
  step  110/120  |  1.21 steps/s  |  91.5s elapsed  |  1807.8033 TFLOPs

[redteam] Done. 120 steps in 99.1s (1.21 steps/s)
[redteam] Ground truth total : 1954.3819 TFLOPs
[redteam] Ground truth rate  : 19.7261 TFLOPS avg
[redteam] Compare 'Monitor est.' above to ground truth total.
[redteam] all-reduce probe: OK
  -> GT 1954.38 TFLOPs  | net 10224 J  | 101s  | gpu 98/98%  | NVLink 2454MB/step  | FRONTIER

[11/11] S3_d1024_s512_b16_L12_sgd  (fam S3)  fixed steps=120
  Launching: torchrun x2  --steps 120 --batch-size 16 --seq-len 512 --d-model 1024 --num-layers 12 --nhead 8 --dim-feedforward 4096 --precision fp16 --optimizer sgd
W0810 04:05:20.403000 369431 torch/distributed/run.py:766] 
W0810 04:05:20.403000 369431 torch/distributed/run.py:766] *****************************************
W0810 04:05:20.403000 369431 torch/distributed/run.py:766] Setting OMP_NUM_THREADS environment variable for each process to be 1 in default, to avoid your system being overloaded, please further tune the variable for optimal performance in your application as needed. 
W0810 04:05:20.403000 369431 torch/distributed/run.py:766] *****************************************
[redteam] Device : Tesla V100-SXM2-16GB × 2 (DDP)
[redteam] Config : steps=120, batch/gpu=16, global_batch=32, seq=512, d_model=1024, layers=12, nhead=8, ff=4096, precision=fp16, opt=sgd
[redteam] Params : 152204288 (152.2M)
[redteam] FLOPs/step/gpu (fwd+bwd) : 8143.258 GFLOPs
[redteam] Ground truth total    : 1954.3819 TFLOPs  (2 ranks)
[redteam] Starting workload...

  step    0/120  |  3.59 steps/s  |  0.3s elapsed  |  16.2865 TFLOPs
  step   10/120  |  1.83 steps/s  |  6.0s elapsed  |  179.1517 TFLOPs
  step   20/120  |  1.76 steps/s  |  11.9s elapsed  |  342.0168 TFLOPs
  step   30/120  |  1.76 steps/s  |  17.6s elapsed  |  504.8820 TFLOPs
  step   40/120  |  1.73 steps/s  |  23.7s elapsed  |  667.7472 TFLOPs
  step   50/120  |  1.71 steps/s  |  29.9s elapsed  |  830.6123 TFLOPs
  step   60/120  |  1.66 steps/s  |  36.8s elapsed  |  993.4775 TFLOPs
  step   70/120  |  1.65 steps/s  |  43.0s elapsed  |  1156.3426 TFLOPs
  step   80/120  |  1.64 steps/s  |  49.4s elapsed  |  1319.2078 TFLOPs
  step   90/120  |  1.62 steps/s  |  56.0s elapsed  |  1482.0730 TFLOPs
  step  100/120  |  1.62 steps/s  |  62.5s elapsed  |  1644.9381 TFLOPs
  step  110/120  |  1.61 steps/s  |  68.9s elapsed  |  1807.8033 TFLOPs

[redteam] Done. 120 steps in 75.0s (1.60 steps/s)
[redteam] Ground truth total : 1954.3819 TFLOPs
[redteam] Ground truth rate  : 26.0745 TFLOPS avg
[redteam] Compare 'Monitor est.' above to ground truth total.
[redteam] all-reduce probe: OK
  -> GT 1954.38 TFLOPs  | net 8143 J  | 77s  | gpu 98/98%  | NVLink 2473MB/step  | FRONTIER
Records JSON written to /home/will/verification-games/red_team/red_v3_trial8_records.json
=== RED TRIAL 8: done (2026-08-10 04:06:41) ===

==================================================================
=== RED TRIAL 9/10 -> /home/will/verification-games/red_team/red_v3_trial9_records.json
    (2026-08-10 04:06:41)
==================================================================
nvidia-smi power/util OK (GPUs [0, 1]).
DCGM DRAM-active (field 1005) OK.
DCGM NVLink/PCIe (fields 1009-1012) OK.
Configs: red_team.redteam_configs:RED_CONFIGS — 11 entries

Measuring single idle baseline (90s). Ensure no GPU workloads are running.
  [baseline] sampling idle for 90s ...
  [baseline] 168 samples  |  median 99380.0 mW  stdev 2052.1 mW (both GPUs)
Idle baseline: 99380.0 mW (both GPUs)  (n=168, stdev=2052.1 mW)  — shared by ALL workloads

[1/11] S4_d1024_s256_L6_b8  (fam S4)  fixed steps=1920
  Launching: torchrun x2  --steps 1920 --batch-size 8 --seq-len 256 --d-model 1024 --num-layers 6 --nhead 8 --dim-feedforward 4096 --precision fp16 --optimizer adamw
W0810 04:08:18.103000 370303 torch/distributed/run.py:766] 
W0810 04:08:18.103000 370303 torch/distributed/run.py:766] *****************************************
W0810 04:08:18.103000 370303 torch/distributed/run.py:766] Setting OMP_NUM_THREADS environment variable for each process to be 1 in default, to avoid your system being overloaded, please further tune the variable for optimal performance in your application as needed. 
W0810 04:08:18.103000 370303 torch/distributed/run.py:766] *****************************************
[redteam] Device : Tesla V100-SXM2-16GB × 2 (DDP)
[redteam] Config : steps=1920, batch/gpu=8, global_batch=16, seq=256, d_model=1024, layers=6, nhead=8, ff=4096, precision=fp16, opt=adamw
[redteam] Params : 76626944 (76.6M)
[redteam] FLOPs/step/gpu (fwd+bwd) : 972.810 GFLOPs
[redteam] Ground truth total    : 3735.5908 TFLOPs  (2 ranks)
[redteam] Starting workload...

  step    0/1920  |  24.36 steps/s  |  0.0s elapsed  |  1.9456 TFLOPs
  step   10/1920  |  20.18 steps/s  |  0.5s elapsed  |  21.4018 TFLOPs
  step   20/1920  |  20.91 steps/s  |  1.0s elapsed  |  40.8580 TFLOPs
  step   30/1920  |  21.21 steps/s  |  1.5s elapsed  |  60.3142 TFLOPs
  step   40/1920  |  21.29 steps/s  |  1.9s elapsed  |  79.7704 TFLOPs
  step   50/1920  |  21.38 steps/s  |  2.4s elapsed  |  99.2266 TFLOPs
  step   60/1920  |  21.43 steps/s  |  2.8s elapsed  |  118.6828 TFLOPs
  step   70/1920  |  21.47 steps/s  |  3.3s elapsed  |  138.1390 TFLOPs
  step   80/1920  |  21.48 steps/s  |  3.8s elapsed  |  157.5952 TFLOPs
  step   90/1920  |  21.49 steps/s  |  4.2s elapsed  |  177.0514 TFLOPs
  step  100/1920  |  21.53 steps/s  |  4.7s elapsed  |  196.5076 TFLOPs
  step  110/1920  |  21.55 steps/s  |  5.2s elapsed  |  215.9638 TFLOPs
  step  120/1920  |  21.57 steps/s  |  5.6s elapsed  |  235.4200 TFLOPs
  step  130/1920  |  21.59 steps/s  |  6.1s elapsed  |  254.8762 TFLOPs
  step  140/1920  |  21.60 steps/s  |  6.5s elapsed  |  274.3324 TFLOPs
  step  150/1920  |  21.60 steps/s  |  7.0s elapsed  |  293.7886 TFLOPs
  step  160/1920  |  21.61 steps/s  |  7.5s elapsed  |  313.2448 TFLOPs
  step  170/1920  |  21.61 steps/s  |  7.9s elapsed  |  332.7011 TFLOPs
  step  180/1920  |  21.46 steps/s  |  8.4s elapsed  |  352.1573 TFLOPs
  step  190/1920  |  21.37 steps/s  |  8.9s elapsed  |  371.6135 TFLOPs
  step  200/1920  |  21.26 steps/s  |  9.5s elapsed  |  391.0697 TFLOPs
  step  210/1920  |  21.15 steps/s  |  10.0s elapsed  |  410.5259 TFLOPs
  step  220/1920  |  21.12 steps/s  |  10.5s elapsed  |  429.9821 TFLOPs
  step  230/1920  |  21.03 steps/s  |  11.0s elapsed  |  449.4383 TFLOPs
  step  240/1920  |  20.94 steps/s  |  11.5s elapsed  |  468.8945 TFLOPs
  step  250/1920  |  20.87 steps/s  |  12.0s elapsed  |  488.3507 TFLOPs
  step  260/1920  |  20.86 steps/s  |  12.5s elapsed  |  507.8069 TFLOPs
  step  270/1920  |  20.78 steps/s  |  13.0s elapsed  |  527.2631 TFLOPs
  step  280/1920  |  20.74 steps/s  |  13.6s elapsed  |  546.7193 TFLOPs
  step  290/1920  |  20.70 steps/s  |  14.1s elapsed  |  566.1755 TFLOPs
  step  300/1920  |  20.66 steps/s  |  14.6s elapsed  |  585.6317 TFLOPs
  step  310/1920  |  20.54 steps/s  |  15.1s elapsed  |  605.0879 TFLOPs
  step  320/1920  |  20.43 steps/s  |  15.7s elapsed  |  624.5441 TFLOPs
  step  330/1920  |  20.40 steps/s  |  16.2s elapsed  |  644.0003 TFLOPs
  step  340/1920  |  20.36 steps/s  |  16.7s elapsed  |  663.4565 TFLOPs
  step  350/1920  |  20.33 steps/s  |  17.3s elapsed  |  682.9127 TFLOPs
  step  360/1920  |  20.30 steps/s  |  17.8s elapsed  |  702.3689 TFLOPs
  step  370/1920  |  20.27 steps/s  |  18.3s elapsed  |  721.8251 TFLOPs
  step  380/1920  |  20.23 steps/s  |  18.8s elapsed  |  741.2813 TFLOPs
  step  390/1920  |  20.18 steps/s  |  19.4s elapsed  |  760.7375 TFLOPs
  step  400/1920  |  20.13 steps/s  |  19.9s elapsed  |  780.1937 TFLOPs
  step  410/1920  |  20.09 steps/s  |  20.5s elapsed  |  799.6499 TFLOPs
  step  420/1920  |  20.05 steps/s  |  21.0s elapsed  |  819.1061 TFLOPs
  step  430/1920  |  20.01 steps/s  |  21.5s elapsed  |  838.5623 TFLOPs
  step  440/1920  |  19.97 steps/s  |  22.1s elapsed  |  858.0185 TFLOPs
  step  450/1920  |  19.93 steps/s  |  22.6s elapsed  |  877.4747 TFLOPs
  step  460/1920  |  19.86 steps/s  |  23.2s elapsed  |  896.9309 TFLOPs
  step  470/1920  |  19.76 steps/s  |  23.8s elapsed  |  916.3871 TFLOPs
  step  480/1920  |  19.68 steps/s  |  24.4s elapsed  |  935.8433 TFLOPs
  step  490/1920  |  19.63 steps/s  |  25.0s elapsed  |  955.2995 TFLOPs
  step  500/1920  |  19.59 steps/s  |  25.6s elapsed  |  974.7557 TFLOPs
  step  510/1920  |  19.54 steps/s  |  26.2s elapsed  |  994.2119 TFLOPs
  step  520/1920  |  19.50 steps/s  |  26.7s elapsed  |  1013.6681 TFLOPs
  step  530/1920  |  19.45 steps/s  |  27.3s elapsed  |  1033.1243 TFLOPs
  step  540/1920  |  19.38 steps/s  |  27.9s elapsed  |  1052.5805 TFLOPs
  step  550/1920  |  19.30 steps/s  |  28.5s elapsed  |  1072.0367 TFLOPs
  step  560/1920  |  19.24 steps/s  |  29.2s elapsed  |  1091.4929 TFLOPs
  step  570/1920  |  19.18 steps/s  |  29.8s elapsed  |  1110.9491 TFLOPs
  step  580/1920  |  19.12 steps/s  |  30.4s elapsed  |  1130.4053 TFLOPs
  step  590/1920  |  19.06 steps/s  |  31.0s elapsed  |  1149.8615 TFLOPs
  step  600/1920  |  18.99 steps/s  |  31.6s elapsed  |  1169.3177 TFLOPs
  step  610/1920  |  18.93 steps/s  |  32.3s elapsed  |  1188.7739 TFLOPs
  step  620/1920  |  18.85 steps/s  |  32.9s elapsed  |  1208.2301 TFLOPs
  step  630/1920  |  18.80 steps/s  |  33.6s elapsed  |  1227.6863 TFLOPs
  step  640/1920  |  18.75 steps/s  |  34.2s elapsed  |  1247.1425 TFLOPs
  step  650/1920  |  18.69 steps/s  |  34.8s elapsed  |  1266.5987 TFLOPs
  step  660/1920  |  18.64 steps/s  |  35.5s elapsed  |  1286.0549 TFLOPs
  step  670/1920  |  18.59 steps/s  |  36.1s elapsed  |  1305.5111 TFLOPs
  step  680/1920  |  18.49 steps/s  |  36.8s elapsed  |  1324.9673 TFLOPs
  step  690/1920  |  18.41 steps/s  |  37.5s elapsed  |  1344.4235 TFLOPs
  step  700/1920  |  18.35 steps/s  |  38.2s elapsed  |  1363.8797 TFLOPs
  step  710/1920  |  18.31 steps/s  |  38.8s elapsed  |  1383.3360 TFLOPs
  step  720/1920  |  18.22 steps/s  |  39.6s elapsed  |  1402.7922 TFLOPs
  step  730/1920  |  18.16 steps/s  |  40.2s elapsed  |  1422.2484 TFLOPs
  step  740/1920  |  18.09 steps/s  |  41.0s elapsed  |  1441.7046 TFLOPs
  step  750/1920  |  18.04 steps/s  |  41.6s elapsed  |  1461.1608 TFLOPs
  step  760/1920  |  17.99 steps/s  |  42.3s elapsed  |  1480.6170 TFLOPs
  step  770/1920  |  17.94 steps/s  |  43.0s elapsed  |  1500.0732 TFLOPs
  step  780/1920  |  17.89 steps/s  |  43.7s elapsed  |  1519.5294 TFLOPs
  step  790/1920  |  17.84 steps/s  |  44.3s elapsed  |  1538.9856 TFLOPs
  step  800/1920  |  17.79 steps/s  |  45.0s elapsed  |  1558.4418 TFLOPs
  step  810/1920  |  17.75 steps/s  |  45.7s elapsed  |  1577.8980 TFLOPs
  step  820/1920  |  17.70 steps/s  |  46.4s elapsed  |  1597.3542 TFLOPs
  step  830/1920  |  17.66 steps/s  |  47.1s elapsed  |  1616.8104 TFLOPs
  step  840/1920  |  17.62 steps/s  |  47.7s elapsed  |  1636.2666 TFLOPs
  step  850/1920  |  17.58 steps/s  |  48.4s elapsed  |  1655.7228 TFLOPs
  step  860/1920  |  17.52 steps/s  |  49.1s elapsed  |  1675.1790 TFLOPs
  step  870/1920  |  17.33 steps/s  |  50.3s elapsed  |  1694.6352 TFLOPs
  step  880/1920  |  17.30 steps/s  |  50.9s elapsed  |  1714.0914 TFLOPs
  step  890/1920  |  17.27 steps/s  |  51.6s elapsed  |  1733.5476 TFLOPs
  step  900/1920  |  17.21 steps/s  |  52.4s elapsed  |  1753.0038 TFLOPs
  step  910/1920  |  17.16 steps/s  |  53.1s elapsed  |  1772.4600 TFLOPs
  step  920/1920  |  16.98 steps/s  |  54.2s elapsed  |  1791.9162 TFLOPs
  step  930/1920  |  16.97 steps/s  |  54.9s elapsed  |  1811.3724 TFLOPs
  step  940/1920  |  16.95 steps/s  |  55.5s elapsed  |  1830.8286 TFLOPs
  step  950/1920  |  16.92 steps/s  |  56.2s elapsed  |  1850.2848 TFLOPs
  step  960/1920  |  16.87 steps/s  |  57.0s elapsed  |  1869.7410 TFLOPs
  step  970/1920  |  16.83 steps/s  |  57.7s elapsed  |  1889.1972 TFLOPs
  step  980/1920  |  16.78 steps/s  |  58.5s elapsed  |  1908.6534 TFLOPs
  step  990/1920  |  16.63 steps/s  |  59.6s elapsed  |  1928.1096 TFLOPs
  step 1000/1920  |  16.53 steps/s  |  60.6s elapsed  |  1947.5658 TFLOPs
  step 1010/1920  |  16.40 steps/s  |  61.6s elapsed  |  1967.0220 TFLOPs
  step 1020/1920  |  16.35 steps/s  |  62.5s elapsed  |  1986.4782 TFLOPs
  step 1030/1920  |  16.37 steps/s  |  63.0s elapsed  |  2005.9344 TFLOPs
  step 1040/1920  |  16.40 steps/s  |  63.5s elapsed  |  2025.3906 TFLOPs
  step 1050/1920  |  16.34 steps/s  |  64.3s elapsed  |  2044.8468 TFLOPs
  step 1060/1920  |  16.22 steps/s  |  65.4s elapsed  |  2064.3030 TFLOPs
  step 1070/1920  |  16.19 steps/s  |  66.1s elapsed  |  2083.7592 TFLOPs
  step 1080/1920  |  16.21 steps/s  |  66.7s elapsed  |  2103.2154 TFLOPs
  step 1090/1920  |  16.18 steps/s  |  67.4s elapsed  |  2122.6716 TFLOPs
  step 1100/1920  |  16.07 steps/s  |  68.5s elapsed  |  2142.1278 TFLOPs
  step 1110/1920  |  16.01 steps/s  |  69.4s elapsed  |  2161.5840 TFLOPs
  step 1120/1920  |  16.02 steps/s  |  70.0s elapsed  |  2181.0402 TFLOPs
  step 1130/1920  |  15.99 steps/s  |  70.7s elapsed  |  2200.4964 TFLOPs
  step 1140/1920  |  15.97 steps/s  |  71.4s elapsed  |  2219.9526 TFLOPs
  step 1150/1920  |  15.91 steps/s  |  72.3s elapsed  |  2239.4088 TFLOPs
  step 1160/1920  |  15.84 steps/s  |  73.3s elapsed  |  2258.8650 TFLOPs
  step 1170/1920  |  15.86 steps/s  |  73.9s elapsed  |  2278.3212 TFLOPs
  step 1180/1920  |  15.82 steps/s  |  74.7s elapsed  |  2297.7774 TFLOPs
  step 1190/1920  |  15.68 steps/s  |  75.9s elapsed  |  2317.2336 TFLOPs
  step 1200/1920  |  15.57 steps/s  |  77.2s elapsed  |  2336.6898 TFLOPs
  step 1210/1920  |  15.55 steps/s  |  77.9s elapsed  |  2356.1460 TFLOPs
  step 1220/1920  |  15.54 steps/s  |  78.6s elapsed  |  2375.6022 TFLOPs
  step 1230/1920  |  15.53 steps/s  |  79.3s elapsed  |  2395.0584 TFLOPs
  step 1240/1920  |  15.52 steps/s  |  80.0s elapsed  |  2414.5146 TFLOPs
  step 1250/1920  |  15.51 steps/s  |  80.7s elapsed  |  2433.9709 TFLOPs
  step 1260/1920  |  15.50 steps/s  |  81.4s elapsed  |  2453.4271 TFLOPs
  step 1270/1920  |  15.47 steps/s  |  82.2s elapsed  |  2472.8833 TFLOPs
  step 1280/1920  |  15.36 steps/s  |  83.4s elapsed  |  2492.3395 TFLOPs
  step 1290/1920  |  15.14 steps/s  |  85.3s elapsed  |  2511.7957 TFLOPs
  step 1300/1920  |  15.07 steps/s  |  86.3s elapsed  |  2531.2519 TFLOPs
  step 1310/1920  |  15.09 steps/s  |  86.9s elapsed  |  2550.7081 TFLOPs
  step 1320/1920  |  15.11 steps/s  |  87.5s elapsed  |  2570.1643 TFLOPs
  step 1330/1920  |  15.11 steps/s  |  88.1s elapsed  |  2589.6205 TFLOPs
  step 1340/1920  |  15.11 steps/s  |  88.7s elapsed  |  2609.0767 TFLOPs
  step 1350/1920  |  15.03 steps/s  |  89.9s elapsed  |  2628.5329 TFLOPs
  step 1360/1920  |  15.03 steps/s  |  90.5s elapsed  |  2647.9891 TFLOPs
  step 1370/1920  |  15.04 steps/s  |  91.2s elapsed  |  2667.4453 TFLOPs
  step 1380/1920  |  15.04 steps/s  |  91.8s elapsed  |  2686.9015 TFLOPs
  step 1390/1920  |  15.05 steps/s  |  92.5s elapsed  |  2706.3577 TFLOPs
  step 1400/1920  |  15.04 steps/s  |  93.1s elapsed  |  2725.8139 TFLOPs
  step 1410/1920  |  15.04 steps/s  |  93.8s elapsed  |  2745.2701 TFLOPs
  step 1420/1920  |  15.04 steps/s  |  94.5s elapsed  |  2764.7263 TFLOPs
  step 1430/1920  |  15.04 steps/s  |  95.1s elapsed  |  2784.1825 TFLOPs
  step 1440/1920  |  15.04 steps/s  |  95.8s elapsed  |  2803.6387 TFLOPs
  step 1450/1920  |  15.02 steps/s  |  96.6s elapsed  |  2823.0949 TFLOPs
  step 1460/1920  |  15.00 steps/s  |  97.4s elapsed  |  2842.5511 TFLOPs
  step 1470/1920  |  14.93 steps/s  |  98.5s elapsed  |  2862.0073 TFLOPs
  step 1480/1920  |  14.85 steps/s  |  99.7s elapsed  |  2881.4635 TFLOPs
  step 1490/1920  |  14.83 steps/s  |  100.5s elapsed  |  2900.9197 TFLOPs
  step 1500/1920  |  14.83 steps/s  |  101.2s elapsed  |  2920.3759 TFLOPs
  step 1510/1920  |  14.83 steps/s  |  101.9s elapsed  |  2939.8321 TFLOPs
  step 1520/1920  |  14.83 steps/s  |  102.6s elapsed  |  2959.2883 TFLOPs
  step 1530/1920  |  14.81 steps/s  |  103.4s elapsed  |  2978.7445 TFLOPs
  step 1540/1920  |  14.76 steps/s  |  104.4s elapsed  |  2998.2007 TFLOPs
  step 1550/1920  |  14.69 steps/s  |  105.6s elapsed  |  3017.6569 TFLOPs
  step 1560/1920  |  14.69 steps/s  |  106.2s elapsed  |  3037.1131 TFLOPs
  step 1570/1920  |  14.66 steps/s  |  107.1s elapsed  |  3056.5693 TFLOPs
  step 1580/1920  |  14.56 steps/s  |  108.6s elapsed  |  3076.0255 TFLOPs
  step 1590/1920  |  14.55 steps/s  |  109.4s elapsed  |  3095.4817 TFLOPs
  step 1600/1920  |  14.53 steps/s  |  110.2s elapsed  |  3114.9379 TFLOPs
  step 1610/1920  |  14.51 steps/s  |  111.0s elapsed  |  3134.3941 TFLOPs
  step 1620/1920  |  14.35 steps/s  |  113.0s elapsed  |  3153.8503 TFLOPs
  step 1630/1920  |  14.25 steps/s  |  114.4s elapsed  |  3173.3065 TFLOPs
  step 1640/1920  |  14.21 steps/s  |  115.5s elapsed  |  3192.7627 TFLOPs
  step 1650/1920  |  14.22 steps/s  |  116.1s elapsed  |  3212.2189 TFLOPs
  step 1660/1920  |  14.23 steps/s  |  116.7s elapsed  |  3231.6751 TFLOPs
  step 1670/1920  |  14.23 steps/s  |  117.4s elapsed  |  3251.1313 TFLOPs
  step 1680/1920  |  14.23 steps/s  |  118.1s elapsed  |  3270.5875 TFLOPs
  step 1690/1920  |  14.21 steps/s  |  119.0s elapsed  |  3290.0437 TFLOPs
  step 1700/1920  |  14.15 steps/s  |  120.2s elapsed  |  3309.4999 TFLOPs
  step 1710/1920  |  14.11 steps/s  |  121.2s elapsed  |  3328.9561 TFLOPs
  step 1720/1920  |  14.06 steps/s  |  122.4s elapsed  |  3348.4123 TFLOPs
  step 1730/1920  |  14.01 steps/s  |  123.6s elapsed  |  3367.8685 TFLOPs
  step 1740/1920  |  14.02 steps/s  |  124.2s elapsed  |  3387.3247 TFLOPs
  step 1750/1920  |  14.02 steps/s  |  124.9s elapsed  |  3406.7809 TFLOPs
  step 1760/1920  |  14.03 steps/s  |  125.5s elapsed  |  3426.2371 TFLOPs
  step 1770/1920  |  14.02 steps/s  |  126.3s elapsed  |  3445.6933 TFLOPs
  step 1780/1920  |  14.02 steps/s  |  127.0s elapsed  |  3465.1495 TFLOPs
  step 1790/1920  |  14.02 steps/s  |  127.7s elapsed  |  3484.6058 TFLOPs
  step 1800/1920  |  14.02 steps/s  |  128.4s elapsed  |  3504.0620 TFLOPs
  step 1810/1920  |  14.02 steps/s  |  129.1s elapsed  |  3523.5182 TFLOPs
  step 1820/1920  |  14.02 steps/s  |  129.9s elapsed  |  3542.9744 TFLOPs
  step 1830/1920  |  14.02 steps/s  |  130.6s elapsed  |  3562.4306 TFLOPs
  step 1840/1920  |  14.02 steps/s  |  131.3s elapsed  |  3581.8868 TFLOPs
  step 1850/1920  |  14.02 steps/s  |  132.0s elapsed  |  3601.3430 TFLOPs
  step 1860/1920  |  14.02 steps/s  |  132.7s elapsed  |  3620.7992 TFLOPs
  step 1870/1920  |  14.02 steps/s  |  133.4s elapsed  |  3640.2554 TFLOPs
  step 1880/1920  |  13.96 steps/s  |  134.8s elapsed  |  3659.7116 TFLOPs
  step 1890/1920  |  13.90 steps/s  |  136.0s elapsed  |  3679.1678 TFLOPs
  step 1900/1920  |  13.92 steps/s  |  136.6s elapsed  |  3698.6240 TFLOPs
  step 1910/1920  |  13.84 steps/s  |  138.0s elapsed  |  3718.0802 TFLOPs

[redteam] Done. 1920 steps in 138.8s (13.83 steps/s)
[redteam] Ground truth total : 3735.5908 TFLOPs
[redteam] Ground truth rate  : 26.9142 TFLOPS avg
[redteam] Compare 'Monitor est.' above to ground truth total.
[redteam] all-reduce probe: OK
  -> GT 3735.59 TFLOPs  | net 17843 J  | 140s  | gpu 97/97%  | NVLink 1230MB/step  | FRONTIER

[2/11] S4_d1024_s256_L6_b16  (fam S4)  fixed steps=960
  Launching: torchrun x2  --steps 960 --batch-size 16 --seq-len 256 --d-model 1024 --num-layers 6 --nhead 8 --dim-feedforward 4096 --precision fp16 --optimizer adamw
W0810 04:10:43.656000 371140 torch/distributed/run.py:766] 
W0810 04:10:43.656000 371140 torch/distributed/run.py:766] *****************************************
W0810 04:10:43.656000 371140 torch/distributed/run.py:766] Setting OMP_NUM_THREADS environment variable for each process to be 1 in default, to avoid your system being overloaded, please further tune the variable for optimal performance in your application as needed. 
W0810 04:10:43.656000 371140 torch/distributed/run.py:766] *****************************************
[redteam] Device : Tesla V100-SXM2-16GB × 2 (DDP)
[redteam] Config : steps=960, batch/gpu=16, global_batch=32, seq=256, d_model=1024, layers=6, nhead=8, ff=4096, precision=fp16, opt=adamw
[redteam] Params : 76626944 (76.6M)
[redteam] FLOPs/step/gpu (fwd+bwd) : 1945.620 GFLOPs
[redteam] Ground truth total    : 3735.5908 TFLOPs  (2 ranks)
[redteam] Starting workload...

  step    0/960  |  13.68 steps/s  |  0.1s elapsed  |  3.8912 TFLOPs
  step   10/960  |  9.61 steps/s  |  1.1s elapsed  |  42.8036 TFLOPs
  step   20/960  |  6.03 steps/s  |  3.5s elapsed  |  81.7160 TFLOPs
  step   30/960  |  6.19 steps/s  |  5.0s elapsed  |  120.6285 TFLOPs
  step   40/960  |  5.71 steps/s  |  7.2s elapsed  |  159.5409 TFLOPs
  step   50/960  |  5.49 steps/s  |  9.3s elapsed  |  198.4533 TFLOPs
  step   60/960  |  5.74 steps/s  |  10.6s elapsed  |  237.3657 TFLOPs
  step   70/960  |  6.09 steps/s  |  11.7s elapsed  |  276.2781 TFLOPs
  step   80/960  |  6.38 steps/s  |  12.7s elapsed  |  315.1905 TFLOPs
  step   90/960  |  6.06 steps/s  |  15.0s elapsed  |  354.1029 TFLOPs
  step  100/960  |  6.13 steps/s  |  16.5s elapsed  |  393.0153 TFLOPs
  step  110/960  |  5.63 steps/s  |  19.7s elapsed  |  431.9277 TFLOPs
  step  120/960  |  5.76 steps/s  |  21.0s elapsed  |  470.8401 TFLOPs
  step  130/960  |  5.91 steps/s  |  22.2s elapsed  |  509.7525 TFLOPs
  step  140/960  |  5.86 steps/s  |  24.1s elapsed  |  548.6649 TFLOPs
  step  150/960  |  6.00 steps/s  |  25.1s elapsed  |  587.5773 TFLOPs
  step  160/960  |  5.76 steps/s  |  28.0s elapsed  |  626.4897 TFLOPs
  step  170/960  |  5.55 steps/s  |  30.8s elapsed  |  665.4021 TFLOPs
  step  180/960  |  5.51 steps/s  |  32.9s elapsed  |  704.3145 TFLOPs
  step  190/960  |  5.49 steps/s  |  34.8s elapsed  |  743.2269 TFLOPs
  step  200/960  |  5.53 steps/s  |  36.4s elapsed  |  782.1393 TFLOPs
  step  210/960  |  5.33 steps/s  |  39.6s elapsed  |  821.0517 TFLOPs
  step  220/960  |  5.22 steps/s  |  42.4s elapsed  |  859.9641 TFLOPs
  step  230/960  |  5.26 steps/s  |  43.9s elapsed  |  898.8765 TFLOPs
  step  240/960  |  5.35 steps/s  |  45.0s elapsed  |  937.7889 TFLOPs
  step  250/960  |  5.39 steps/s  |  46.6s elapsed  |  976.7013 TFLOPs
  step  260/960  |  5.33 steps/s  |  49.0s elapsed  |  1015.6137 TFLOPs
  step  270/960  |  5.37 steps/s  |  50.4s elapsed  |  1054.5261 TFLOPs
  step  280/960  |  5.41 steps/s  |  51.9s elapsed  |  1093.4385 TFLOPs
  step  290/960  |  5.39 steps/s  |  54.0s elapsed  |  1132.3509 TFLOPs
  step  300/960  |  5.37 steps/s  |  56.1s elapsed  |  1171.2634 TFLOPs
  step  310/960  |  5.37 steps/s  |  57.9s elapsed  |  1210.1758 TFLOPs
  step  320/960  |  5.42 steps/s  |  59.2s elapsed  |  1249.0882 TFLOPs
  step  330/960  |  5.38 steps/s  |  61.5s elapsed  |  1288.0006 TFLOPs
  step  340/960  |  5.43 steps/s  |  62.8s elapsed  |  1326.9130 TFLOPs
  step  350/960  |  5.42 steps/s  |  64.8s elapsed  |  1365.8254 TFLOPs
  step  360/960  |  5.44 steps/s  |  66.3s elapsed  |  1404.7378 TFLOPs
  step  370/960  |  5.47 steps/s  |  67.8s elapsed  |  1443.6502 TFLOPs
  step  380/960  |  5.47 steps/s  |  69.6s elapsed  |  1482.5626 TFLOPs
  step  390/960  |  5.43 steps/s  |  72.0s elapsed  |  1521.4750 TFLOPs
  step  400/960  |  5.49 steps/s  |  73.1s elapsed  |  1560.3874 TFLOPs
  step  410/960  |  5.49 steps/s  |  74.9s elapsed  |  1599.2998 TFLOPs
  step  420/960  |  5.40 steps/s  |  78.0s elapsed  |  1638.2122 TFLOPs
  step  430/960  |  5.35 steps/s  |  80.6s elapsed  |  1677.1246 TFLOPs
  step  440/960  |  5.33 steps/s  |  82.7s elapsed  |  1716.0370 TFLOPs
  step  450/960  |  5.31 steps/s  |  84.9s elapsed  |  1754.9494 TFLOPs
  step  460/960  |  5.36 steps/s  |  86.1s elapsed  |  1793.8618 TFLOPs
  step  470/960  |  5.33 steps/s  |  88.3s elapsed  |  1832.7742 TFLOPs
  step  480/960  |  5.38 steps/s  |  89.4s elapsed  |  1871.6866 TFLOPs
  step  490/960  |  5.30 steps/s  |  92.7s elapsed  |  1910.5990 TFLOPs
  step  500/960  |  5.30 steps/s  |  94.5s elapsed  |  1949.5114 TFLOPs
  step  510/960  |  5.33 steps/s  |  96.0s elapsed  |  1988.4238 TFLOPs
  step  520/960  |  5.36 steps/s  |  97.2s elapsed  |  2027.3362 TFLOPs
  step  530/960  |  5.33 steps/s  |  99.6s elapsed  |  2066.2486 TFLOPs
  step  540/960  |  5.26 steps/s  |  102.8s elapsed  |  2105.1610 TFLOPs
  step  550/960  |  5.28 steps/s  |  104.4s elapsed  |  2144.0734 TFLOPs
  step  560/960  |  5.25 steps/s  |  106.8s elapsed  |  2182.9858 TFLOPs
  step  570/960  |  5.30 steps/s  |  107.8s elapsed  |  2221.8983 TFLOPs
  step  580/960  |  5.31 steps/s  |  109.5s elapsed  |  2260.8107 TFLOPs
  step  590/960  |  5.28 steps/s  |  111.9s elapsed  |  2299.7231 TFLOPs
  step  600/960  |  5.27 steps/s  |  114.1s elapsed  |  2338.6355 TFLOPs
  step  610/960  |  5.28 steps/s  |  115.8s elapsed  |  2377.5479 TFLOPs
  step  620/960  |  5.29 steps/s  |  117.5s elapsed  |  2416.4603 TFLOPs
  step  630/960  |  5.30 steps/s  |  119.1s elapsed  |  2455.3727 TFLOPs
  step  640/960  |  5.33 steps/s  |  120.3s elapsed  |  2494.2851 TFLOPs
  step  650/960  |  5.36 steps/s  |  121.5s elapsed  |  2533.1975 TFLOPs
  step  660/960  |  5.39 steps/s  |  122.7s elapsed  |  2572.1099 TFLOPs
  step  670/960  |  5.36 steps/s  |  125.2s elapsed  |  2611.0223 TFLOPs
  step  680/960  |  5.38 steps/s  |  126.7s elapsed  |  2649.9347 TFLOPs
  step  690/960  |  5.39 steps/s  |  128.3s elapsed  |  2688.8471 TFLOPs
  step  700/960  |  5.39 steps/s  |  130.1s elapsed  |  2727.7595 TFLOPs
  step  710/960  |  5.37 steps/s  |  132.5s elapsed  |  2766.6719 TFLOPs
  step  720/960  |  5.37 steps/s  |  134.4s elapsed  |  2805.5843 TFLOPs
  step  730/960  |  5.33 steps/s  |  137.1s elapsed  |  2844.4967 TFLOPs
  step  740/960  |  5.32 steps/s  |  139.2s elapsed  |  2883.4091 TFLOPs
  step  750/960  |  5.34 steps/s  |  140.6s elapsed  |  2922.3215 TFLOPs
  step  760/960  |  5.35 steps/s  |  142.2s elapsed  |  2961.2339 TFLOPs
  step  770/960  |  5.33 steps/s  |  144.7s elapsed  |  3000.1463 TFLOPs
  step  780/960  |  5.31 steps/s  |  147.1s elapsed  |  3039.0587 TFLOPs
  step  790/960  |  5.30 steps/s  |  149.4s elapsed  |  3077.9711 TFLOPs
  step  800/960  |  5.32 steps/s  |  150.6s elapsed  |  3116.8835 TFLOPs
  step  810/960  |  5.31 steps/s  |  152.8s elapsed  |  3155.7959 TFLOPs
  step  820/960  |  5.30 steps/s  |  154.9s elapsed  |  3194.7083 TFLOPs
  step  830/960  |  5.30 steps/s  |  156.8s elapsed  |  3233.6207 TFLOPs
  step  840/960  |  5.29 steps/s  |  159.1s elapsed  |  3272.5332 TFLOPs
  step  850/960  |  5.30 steps/s  |  160.5s elapsed  |  3311.4456 TFLOPs
  step  860/960  |  5.33 steps/s  |  161.6s elapsed  |  3350.3580 TFLOPs
  step  870/960  |  5.36 steps/s  |  162.6s elapsed  |  3389.2704 TFLOPs
  step  880/960  |  5.34 steps/s  |  165.0s elapsed  |  3428.1828 TFLOPs
  step  890/960  |  5.33 steps/s  |  167.3s elapsed  |  3467.0952 TFLOPs
  step  900/960  |  5.35 steps/s  |  168.5s elapsed  |  3506.0076 TFLOPs
  step  910/960  |  5.34 steps/s  |  170.7s elapsed  |  3544.9200 TFLOPs
  step  920/960  |  5.32 steps/s  |  173.1s elapsed  |  3583.8324 TFLOPs
  step  930/960  |  5.35 steps/s  |  174.1s elapsed  |  3622.7448 TFLOPs
  step  940/960  |  5.37 steps/s  |  175.2s elapsed  |  3661.6572 TFLOPs
  step  950/960  |  5.35 steps/s  |  177.7s elapsed  |  3700.5696 TFLOPs

[redteam] Done. 960 steps in 178.9s (5.37 steps/s)
[redteam] Ground truth total : 3735.5908 TFLOPs
[redteam] Ground truth rate  : 20.8800 TFLOPS avg
[redteam] Compare 'Monitor est.' above to ground truth total.
[redteam] all-reduce probe: OK
  -> GT 3735.59 TFLOPs  | net 18560 J  | 180s  | gpu 98/99%  | NVLink 1256MB/step  | FRONTIER

[3/11] S4_d1024_s256_L6_b32  (fam S4)  fixed steps=480
  Launching: torchrun x2  --steps 480 --batch-size 32 --seq-len 256 --d-model 1024 --num-layers 6 --nhead 8 --dim-feedforward 4096 --precision fp16 --optimizer adamw
W0810 04:13:49.431000 372131 torch/distributed/run.py:766] 
W0810 04:13:49.431000 372131 torch/distributed/run.py:766] *****************************************
W0810 04:13:49.431000 372131 torch/distributed/run.py:766] Setting OMP_NUM_THREADS environment variable for each process to be 1 in default, to avoid your system being overloaded, please further tune the variable for optimal performance in your application as needed. 
W0810 04:13:49.431000 372131 torch/distributed/run.py:766] *****************************************
[redteam] Device : Tesla V100-SXM2-16GB × 2 (DDP)
[redteam] Config : steps=480, batch/gpu=32, global_batch=64, seq=256, d_model=1024, layers=6, nhead=8, ff=4096, precision=fp16, opt=adamw
[redteam] Params : 76626944 (76.6M)
[redteam] FLOPs/step/gpu (fwd+bwd) : 3891.240 GFLOPs
[redteam] Ground truth total    : 3735.5908 TFLOPs  (2 ranks)
[redteam] Starting workload...

  step    0/480  |  8.02 steps/s  |  0.1s elapsed  |  7.7825 TFLOPs
  step   10/480  |  3.17 steps/s  |  3.5s elapsed  |  85.6073 TFLOPs
  step   20/480  |  3.49 steps/s  |  6.0s elapsed  |  163.4321 TFLOPs
  step   30/480  |  3.57 steps/s  |  8.7s elapsed  |  241.2569 TFLOPs
  step   40/480  |  3.18 steps/s  |  12.9s elapsed  |  319.0817 TFLOPs
  step   50/480  |  3.22 steps/s  |  15.8s elapsed  |  396.9065 TFLOPs
  step   60/480  |  3.43 steps/s  |  17.8s elapsed  |  474.7313 TFLOPs
  step   70/480  |  3.56 steps/s  |  20.0s elapsed  |  552.5561 TFLOPs
  step   80/480  |  3.41 steps/s  |  23.7s elapsed  |  630.3809 TFLOPs
  step   90/480  |  3.33 steps/s  |  27.3s elapsed  |  708.2057 TFLOPs
  step  100/480  |  3.44 steps/s  |  29.3s elapsed  |  786.0306 TFLOPs
  step  110/480  |  3.35 steps/s  |  33.2s elapsed  |  863.8554 TFLOPs
  step  120/480  |  3.36 steps/s  |  36.0s elapsed  |  941.6802 TFLOPs
  step  130/480  |  3.25 steps/s  |  40.3s elapsed  |  1019.5050 TFLOPs
  step  140/480  |  3.26 steps/s  |  43.2s elapsed  |  1097.3298 TFLOPs
  step  150/480  |  3.24 steps/s  |  46.6s elapsed  |  1175.1546 TFLOPs
  step  160/480  |  3.25 steps/s  |  49.6s elapsed  |  1252.9794 TFLOPs
  step  170/480  |  3.22 steps/s  |  53.2s elapsed  |  1330.8042 TFLOPs
  step  180/480  |  3.17 steps/s  |  57.2s elapsed  |  1408.6290 TFLOPs
  step  190/480  |  3.18 steps/s  |  60.1s elapsed  |  1486.4538 TFLOPs
  step  200/480  |  3.21 steps/s  |  62.5s elapsed  |  1564.2786 TFLOPs
  step  210/480  |  3.16 steps/s  |  66.9s elapsed  |  1642.1034 TFLOPs
  step  220/480  |  3.16 steps/s  |  69.8s elapsed  |  1719.9282 TFLOPs
  step  230/480  |  3.19 steps/s  |  72.3s elapsed  |  1797.7531 TFLOPs
  step  240/480  |  3.15 steps/s  |  76.6s elapsed  |  1875.5779 TFLOPs
  step  250/480  |  3.18 steps/s  |  78.9s elapsed  |  1953.4027 TFLOPs
  step  260/480  |  3.16 steps/s  |  82.7s elapsed  |  2031.2275 TFLOPs
  step  270/480  |  3.13 steps/s  |  86.5s elapsed  |  2109.0523 TFLOPs
  step  280/480  |  3.12 steps/s  |  90.1s elapsed  |  2186.8771 TFLOPs
  step  290/480  |  3.14 steps/s  |  92.8s elapsed  |  2264.7019 TFLOPs
  step  300/480  |  3.12 steps/s  |  96.5s elapsed  |  2342.5267 TFLOPs
  step  310/480  |  3.10 steps/s  |  100.4s elapsed  |  2420.3515 TFLOPs
  step  320/480  |  3.13 steps/s  |  102.6s elapsed  |  2498.1763 TFLOPs
  step  330/480  |  3.11 steps/s  |  106.4s elapsed  |  2576.0011 TFLOPs
  step  340/480  |  3.09 steps/s  |  110.4s elapsed  |  2653.8259 TFLOPs
  step  350/480  |  3.12 steps/s  |  112.5s elapsed  |  2731.6507 TFLOPs
  step  360/480  |  3.15 steps/s  |  114.6s elapsed  |  2809.4755 TFLOPs
  step  370/480  |  3.12 steps/s  |  118.8s elapsed  |  2887.3004 TFLOPs
  step  380/480  |  3.08 steps/s  |  123.7s elapsed  |  2965.1252 TFLOPs
  step  390/480  |  3.10 steps/s  |  126.1s elapsed  |  3042.9500 TFLOPs
  step  400/480  |  3.11 steps/s  |  128.7s elapsed  |  3120.7748 TFLOPs
  step  410/480  |  3.13 steps/s  |  131.3s elapsed  |  3198.5996 TFLOPs
  step  420/480  |  3.12 steps/s  |  134.9s elapsed  |  3276.4244 TFLOPs
  step  430/480  |  3.13 steps/s  |  137.7s elapsed  |  3354.2492 TFLOPs
  step  440/480  |  3.11 steps/s  |  141.8s elapsed  |  3432.0740 TFLOPs
  step  450/480  |  3.12 steps/s  |  144.6s elapsed  |  3509.8988 TFLOPs
  step  460/480  |  3.12 steps/s  |  147.9s elapsed  |  3587.7236 TFLOPs
  step  470/480  |  3.14 steps/s  |  149.9s elapsed  |  3665.5484 TFLOPs

[redteam] Done. 480 steps in 153.1s (3.13 steps/s)
[redteam] Ground truth total : 3735.5908 TFLOPs
[redteam] Ground truth rate  : 24.3926 TFLOPS avg
[redteam] Compare 'Monitor est.' above to ground truth total.
[redteam] all-reduce probe: OK
  -> GT 3735.59 TFLOPs  | net 16368 J  | 155s  | gpu 98/98%  | NVLink 1230MB/step  | FRONTIER

[4/11] S4_d1024_s256_L6_b64  (fam S4)  fixed steps=240
  Launching: torchrun x2  --steps 240 --batch-size 64 --seq-len 256 --d-model 1024 --num-layers 6 --nhead 8 --dim-feedforward 4096 --precision fp16 --optimizer adamw
W0810 04:16:29.586000 372977 torch/distributed/run.py:766] 
W0810 04:16:29.586000 372977 torch/distributed/run.py:766] *****************************************
W0810 04:16:29.586000 372977 torch/distributed/run.py:766] Setting OMP_NUM_THREADS environment variable for each process to be 1 in default, to avoid your system being overloaded, please further tune the variable for optimal performance in your application as needed. 
W0810 04:16:29.586000 372977 torch/distributed/run.py:766] *****************************************
[redteam] Device : Tesla V100-SXM2-16GB × 2 (DDP)
[redteam] Config : steps=240, batch/gpu=64, global_batch=128, seq=256, d_model=1024, layers=6, nhead=8, ff=4096, precision=fp16, opt=adamw
[redteam] Params : 76626944 (76.6M)
[redteam] FLOPs/step/gpu (fwd+bwd) : 7782.481 GFLOPs
[redteam] Ground truth total    : 3735.5908 TFLOPs  (2 ranks)
[redteam] Starting workload...

  step    0/240  |  3.91 steps/s  |  0.3s elapsed  |  15.5650 TFLOPs
  step   10/240  |  1.73 steps/s  |  6.4s elapsed  |  171.2146 TFLOPs
  step   20/240  |  1.79 steps/s  |  11.7s elapsed  |  326.8642 TFLOPs
  step   30/240  |  1.78 steps/s  |  17.4s elapsed  |  482.5138 TFLOPs
  step   40/240  |  1.75 steps/s  |  23.4s elapsed  |  638.1634 TFLOPs
  step   50/240  |  1.72 steps/s  |  29.7s elapsed  |  793.8130 TFLOPs
  step   60/240  |  1.67 steps/s  |  36.5s elapsed  |  949.4627 TFLOPs
  step   70/240  |  1.67 steps/s  |  42.5s elapsed  |  1105.1123 TFLOPs
  step   80/240  |  1.67 steps/s  |  48.6s elapsed  |  1260.7619 TFLOPs
  step   90/240  |  1.67 steps/s  |  54.6s elapsed  |  1416.4115 TFLOPs
  step  100/240  |  1.68 steps/s  |  60.1s elapsed  |  1572.0611 TFLOPs
  step  110/240  |  1.67 steps/s  |  66.4s elapsed  |  1727.7107 TFLOPs
  step  120/240  |  1.67 steps/s  |  72.4s elapsed  |  1883.3603 TFLOPs
  step  130/240  |  1.66 steps/s  |  78.8s elapsed  |  2039.0100 TFLOPs
  step  140/240  |  1.67 steps/s  |  84.5s elapsed  |  2194.6596 TFLOPs
  step  150/240  |  1.67 steps/s  |  90.2s elapsed  |  2350.3092 TFLOPs
  step  160/240  |  1.67 steps/s  |  96.3s elapsed  |  2505.9588 TFLOPs
  step  170/240  |  1.66 steps/s  |  103.1s elapsed  |  2661.6084 TFLOPs
  step  180/240  |  1.67 steps/s  |  108.6s elapsed  |  2817.2580 TFLOPs
  step  190/240  |  1.67 steps/s  |  114.1s elapsed  |  2972.9076 TFLOPs
  step  200/240  |  1.67 steps/s  |  120.3s elapsed  |  3128.5573 TFLOPs
  step  210/240  |  1.68 steps/s  |  125.6s elapsed  |  3284.2069 TFLOPs
  step  220/240  |  1.68 steps/s  |  131.7s elapsed  |  3439.8565 TFLOPs
  step  230/240  |  1.68 steps/s  |  137.3s elapsed  |  3595.5061 TFLOPs

[redteam] Done. 240 steps in 141.8s (1.69 steps/s)
[redteam] Ground truth total : 3735.5908 TFLOPs
[redteam] Ground truth rate  : 26.3364 TFLOPS avg
[redteam] Compare 'Monitor est.' above to ground truth total.
[redteam] all-reduce probe: OK
  -> GT 3735.59 TFLOPs  | net 15695 J  | 143s  | gpu 99/98%  | NVLink 1224MB/step  | FRONTIER

[5/11] S4_d1024_s256_L6_b128  (fam S4)  fixed steps=120
  Launching: torchrun x2  --steps 120 --batch-size 128 --seq-len 256 --d-model 1024 --num-layers 6 --nhead 8 --dim-feedforward 4096 --precision fp16 --optimizer adamw
W0810 04:18:58.358000 373823 torch/distributed/run.py:766] 
W0810 04:18:58.358000 373823 torch/distributed/run.py:766] *****************************************
W0810 04:18:58.358000 373823 torch/distributed/run.py:766] Setting OMP_NUM_THREADS environment variable for each process to be 1 in default, to avoid your system being overloaded, please further tune the variable for optimal performance in your application as needed. 
W0810 04:18:58.358000 373823 torch/distributed/run.py:766] *****************************************
[redteam] Device : Tesla V100-SXM2-16GB × 2 (DDP)
[redteam] Config : steps=120, batch/gpu=128, global_batch=256, seq=256, d_model=1024, layers=6, nhead=8, ff=4096, precision=fp16, opt=adamw
[redteam] Params : 76626944 (76.6M)
[redteam] FLOPs/step/gpu (fwd+bwd) : 15564.961 GFLOPs
[redteam] Ground truth total    : 3735.5908 TFLOPs  (2 ranks)
[redteam] Starting workload...

  step    0/120  |  1.85 steps/s  |  0.5s elapsed  |  31.1299 TFLOPs
  step   10/120  |  0.99 steps/s  |  11.1s elapsed  |  342.4292 TFLOPs
  step   20/120  |  0.94 steps/s  |  22.3s elapsed  |  653.7284 TFLOPs
  step   30/120  |  0.97 steps/s  |  32.0s elapsed  |  965.0276 TFLOPs
  step   40/120  |  0.97 steps/s  |  42.1s elapsed  |  1276.3268 TFLOPs
  step   50/120  |  0.96 steps/s  |  53.2s elapsed  |  1587.6261 TFLOPs
  step   60/120  |  0.94 steps/s  |  64.7s elapsed  |  1898.9253 TFLOPs
  step   70/120  |  0.95 steps/s  |  74.6s elapsed  |  2210.2245 TFLOPs
  step   80/120  |  0.94 steps/s  |  86.1s elapsed  |  2521.5238 TFLOPs
  step   90/120  |  0.94 steps/s  |  96.8s elapsed  |  2832.8230 TFLOPs
  step  100/120  |  0.94 steps/s  |  107.2s elapsed  |  3144.1222 TFLOPs
  step  110/120  |  0.94 steps/s  |  118.6s elapsed  |  3455.4214 TFLOPs

[redteam] Done. 120 steps in 128.7s (0.93 steps/s)
[redteam] Ground truth total : 3735.5908 TFLOPs
[redteam] Ground truth rate  : 29.0321 TFLOPS avg
[redteam] Compare 'Monitor est.' above to ground truth total.
[redteam] all-reduce probe: OK
  -> GT 3735.59 TFLOPs  | net 13386 J  | 130s  | gpu 99/99%  | NVLink 1239MB/step  | FRONTIER

[6/11] S3_d1024_s512_b16_L12_h1  (fam S3)  fixed steps=120
  Launching: torchrun x2  --steps 120 --batch-size 16 --seq-len 512 --d-model 1024 --num-layers 12 --nhead 1 --dim-feedforward 4096 --precision fp16 --optimizer adamw
W0810 04:21:14.207000 374518 torch/distributed/run.py:766] 
W0810 04:21:14.207000 374518 torch/distributed/run.py:766] *****************************************
W0810 04:21:14.207000 374518 torch/distributed/run.py:766] Setting OMP_NUM_THREADS environment variable for each process to be 1 in default, to avoid your system being overloaded, please further tune the variable for optimal performance in your application as needed. 
W0810 04:21:14.207000 374518 torch/distributed/run.py:766] *****************************************
[redteam] Device : Tesla V100-SXM2-16GB × 2 (DDP)
[redteam] Config : steps=120, batch/gpu=16, global_batch=32, seq=512, d_model=1024, layers=12, nhead=1, ff=4096, precision=fp16, opt=adamw
/home/will/verification-games/.venv/lib/python3.12/site-packages/torch/nn/modules/transformer.py:382: UserWarning: enable_nested_tensor is True, but self.use_nested_tensor is False because encoder_layer.self_attn.num_heads is odd
  warnings.warn(
/home/will/verification-games/.venv/lib/python3.12/site-packages/torch/nn/modules/transformer.py:382: UserWarning: enable_nested_tensor is True, but self.use_nested_tensor is False because encoder_layer.self_attn.num_heads is odd
  warnings.warn(
[redteam] Params : 152204288 (152.2M)
[redteam] FLOPs/step/gpu (fwd+bwd) : 8143.258 GFLOPs
[redteam] Ground truth total    : 1954.3819 TFLOPs  (2 ranks)
[redteam] Starting workload...

  step    0/120  |  3.54 steps/s  |  0.3s elapsed  |  16.2865 TFLOPs
  step   10/120  |  2.00 steps/s  |  5.5s elapsed  |  179.1517 TFLOPs
  step   20/120  |  1.90 steps/s  |  11.1s elapsed  |  342.0168 TFLOPs
  step   30/120  |  1.70 steps/s  |  18.2s elapsed  |  504.8820 TFLOPs
  step   40/120  |  1.76 steps/s  |  23.3s elapsed  |  667.7472 TFLOPs
  step   50/120  |  1.73 steps/s  |  29.5s elapsed  |  830.6123 TFLOPs
  step   60/120  |  1.73 steps/s  |  35.2s elapsed  |  993.4775 TFLOPs
  step   70/120  |  1.71 steps/s  |  41.4s elapsed  |  1156.3426 TFLOPs
  step   80/120  |  1.71 steps/s  |  47.5s elapsed  |  1319.2078 TFLOPs
  step   90/120  |  1.70 steps/s  |  53.6s elapsed  |  1482.0730 TFLOPs
  step  100/120  |  1.68 steps/s  |  60.0s elapsed  |  1644.9381 TFLOPs
  step  110/120  |  1.68 steps/s  |  65.9s elapsed  |  1807.8033 TFLOPs

[redteam] Done. 120 steps in 71.4s (1.68 steps/s)
[redteam] Ground truth total : 1954.3819 TFLOPs
[redteam] Ground truth rate  : 27.3745 TFLOPS avg
[redteam] Compare 'Monitor est.' above to ground truth total.
[redteam] all-reduce probe: OK
  -> GT 1954.38 TFLOPs  | net 7924 J  | 73s  | gpu 98/99%  | NVLink 2451MB/step  | FRONTIER

[7/11] S3_d1024_s512_b16_L12_h2  (fam S3)  fixed steps=120
  Launching: torchrun x2  --steps 120 --batch-size 16 --seq-len 512 --d-model 1024 --num-layers 12 --nhead 2 --dim-feedforward 4096 --precision fp16 --optimizer adamw
W0810 04:22:32.558000 374927 torch/distributed/run.py:766] 
W0810 04:22:32.558000 374927 torch/distributed/run.py:766] *****************************************
W0810 04:22:32.558000 374927 torch/distributed/run.py:766] Setting OMP_NUM_THREADS environment variable for each process to be 1 in default, to avoid your system being overloaded, please further tune the variable for optimal performance in your application as needed. 
W0810 04:22:32.558000 374927 torch/distributed/run.py:766] *****************************************
[redteam] Device : Tesla V100-SXM2-16GB × 2 (DDP)
[redteam] Config : steps=120, batch/gpu=16, global_batch=32, seq=512, d_model=1024, layers=12, nhead=2, ff=4096, precision=fp16, opt=adamw
[redteam] Params : 152204288 (152.2M)
[redteam] FLOPs/step/gpu (fwd+bwd) : 8143.258 GFLOPs
[redteam] Ground truth total    : 1954.3819 TFLOPs  (2 ranks)
[redteam] Starting workload...

  step    0/120  |  3.29 steps/s  |  0.3s elapsed  |  16.2865 TFLOPs
  step   10/120  |  1.63 steps/s  |  6.7s elapsed  |  179.1517 TFLOPs
  step   20/120  |  1.56 steps/s  |  13.4s elapsed  |  342.0168 TFLOPs
  step   30/120  |  1.63 steps/s  |  19.0s elapsed  |  504.8820 TFLOPs
  step   40/120  |  1.59 steps/s  |  25.9s elapsed  |  667.7472 TFLOPs
  step   50/120  |  1.64 steps/s  |  31.1s elapsed  |  830.6123 TFLOPs
  step   60/120  |  1.55 steps/s  |  39.5s elapsed  |  993.4775 TFLOPs
  step   70/120  |  1.53 steps/s  |  46.3s elapsed  |  1156.3426 TFLOPs
  step   80/120  |  1.54 steps/s  |  52.6s elapsed  |  1319.2078 TFLOPs
  step   90/120  |  1.52 steps/s  |  59.9s elapsed  |  1482.0730 TFLOPs
  step  100/120  |  1.53 steps/s  |  65.9s elapsed  |  1644.9381 TFLOPs
  step  110/120  |  1.53 steps/s  |  72.4s elapsed  |  1807.8033 TFLOPs

[redteam] Done. 120 steps in 78.0s (1.54 steps/s)
[redteam] Ground truth total : 1954.3819 TFLOPs
[redteam] Ground truth rate  : 25.0591 TFLOPS avg
[redteam] Compare 'Monitor est.' above to ground truth total.
[redteam] all-reduce probe: OK
  -> GT 1954.38 TFLOPs  | net 7931 J  | 80s  | gpu 98/98%  | NVLink 2429MB/step  | FRONTIER

[8/11] S3_d1024_s512_b16_L12_h8  (fam S3)  fixed steps=120
  Launching: torchrun x2  --steps 120 --batch-size 16 --seq-len 512 --d-model 1024 --num-layers 12 --nhead 8 --dim-feedforward 4096 --precision fp16 --optimizer adamw
W0810 04:23:57.738000 375377 torch/distributed/run.py:766] 
W0810 04:23:57.738000 375377 torch/distributed/run.py:766] *****************************************
W0810 04:23:57.738000 375377 torch/distributed/run.py:766] Setting OMP_NUM_THREADS environment variable for each process to be 1 in default, to avoid your system being overloaded, please further tune the variable for optimal performance in your application as needed. 
W0810 04:23:57.738000 375377 torch/distributed/run.py:766] *****************************************
[redteam] Device : Tesla V100-SXM2-16GB × 2 (DDP)
[redteam] Config : steps=120, batch/gpu=16, global_batch=32, seq=512, d_model=1024, layers=12, nhead=8, ff=4096, precision=fp16, opt=adamw
[redteam] Params : 152204288 (152.2M)
[redteam] FLOPs/step/gpu (fwd+bwd) : 8143.258 GFLOPs
[redteam] Ground truth total    : 1954.3819 TFLOPs  (2 ranks)
[redteam] Starting workload...

  step    0/120  |  3.14 steps/s  |  0.3s elapsed  |  16.2865 TFLOPs
  step   10/120  |  1.83 steps/s  |  6.0s elapsed  |  179.1517 TFLOPs
  step   20/120  |  1.70 steps/s  |  12.3s elapsed  |  342.0168 TFLOPs
  step   30/120  |  1.59 steps/s  |  19.5s elapsed  |  504.8820 TFLOPs
  step   40/120  |  1.58 steps/s  |  26.0s elapsed  |  667.7472 TFLOPs
  step   50/120  |  1.62 steps/s  |  31.6s elapsed  |  830.6123 TFLOPs
  step   60/120  |  1.62 steps/s  |  37.7s elapsed  |  993.4775 TFLOPs
  step   70/120  |  1.63 steps/s  |  43.5s elapsed  |  1156.3426 TFLOPs
  step   80/120  |  1.60 steps/s  |  50.6s elapsed  |  1319.2078 TFLOPs
  step   90/120  |  1.60 steps/s  |  57.0s elapsed  |  1482.0730 TFLOPs
  step  100/120  |  1.60 steps/s  |  63.0s elapsed  |  1644.9381 TFLOPs
  step  110/120  |  1.60 steps/s  |  69.2s elapsed  |  1807.8033 TFLOPs

[redteam] Done. 120 steps in 75.0s (1.60 steps/s)
[redteam] Ground truth total : 1954.3819 TFLOPs
[redteam] Ground truth rate  : 26.0602 TFLOPS avg
[redteam] Compare 'Monitor est.' above to ground truth total.
[redteam] all-reduce probe: OK
  -> GT 1954.38 TFLOPs  | net 7799 J  | 77s  | gpu 99/98%  | NVLink 2448MB/step  | FRONTIER

[9/11] S3_d1024_s512_b16_L12_h32  (fam S3)  fixed steps=120
  Launching: torchrun x2  --steps 120 --batch-size 16 --seq-len 512 --d-model 1024 --num-layers 12 --nhead 32 --dim-feedforward 4096 --precision fp16 --optimizer adamw
W0810 04:25:20.068000 375798 torch/distributed/run.py:766] 
W0810 04:25:20.068000 375798 torch/distributed/run.py:766] *****************************************
W0810 04:25:20.068000 375798 torch/distributed/run.py:766] Setting OMP_NUM_THREADS environment variable for each process to be 1 in default, to avoid your system being overloaded, please further tune the variable for optimal performance in your application as needed. 
W0810 04:25:20.068000 375798 torch/distributed/run.py:766] *****************************************
[redteam] Device : Tesla V100-SXM2-16GB × 2 (DDP)
[redteam] Config : steps=120, batch/gpu=16, global_batch=32, seq=512, d_model=1024, layers=12, nhead=32, ff=4096, precision=fp16, opt=adamw
[redteam] Params : 152204288 (152.2M)
[redteam] FLOPs/step/gpu (fwd+bwd) : 8143.258 GFLOPs
[redteam] Ground truth total    : 1954.3819 TFLOPs  (2 ranks)
[redteam] Starting workload...

  step    0/120  |  1.94 steps/s  |  0.5s elapsed  |  16.2865 TFLOPs
  step   10/120  |  1.62 steps/s  |  6.8s elapsed  |  179.1517 TFLOPs
  step   20/120  |  1.59 steps/s  |  13.2s elapsed  |  342.0168 TFLOPs
  step   30/120  |  1.52 steps/s  |  20.4s elapsed  |  504.8820 TFLOPs
  step   40/120  |  1.52 steps/s  |  27.0s elapsed  |  667.7472 TFLOPs
  step   50/120  |  1.51 steps/s  |  33.8s elapsed  |  830.6123 TFLOPs
  step   60/120  |  1.50 steps/s  |  40.7s elapsed  |  993.4775 TFLOPs
  step   70/120  |  1.48 steps/s  |  47.8s elapsed  |  1156.3426 TFLOPs
  step   80/120  |  1.48 steps/s  |  54.9s elapsed  |  1319.2078 TFLOPs
  step   90/120  |  1.46 steps/s  |  62.2s elapsed  |  1482.0730 TFLOPs
  step  100/120  |  1.46 steps/s  |  69.4s elapsed  |  1644.9381 TFLOPs
  step  110/120  |  1.46 steps/s  |  75.9s elapsed  |  1807.8033 TFLOPs

[redteam] Done. 120 steps in 82.7s (1.45 steps/s)
[redteam] Ground truth total : 1954.3819 TFLOPs
[redteam] Ground truth rate  : 23.6375 TFLOPS avg
[redteam] Compare 'Monitor est.' above to ground truth total.
[redteam] all-reduce probe: OK
  -> GT 1954.38 TFLOPs  | net 9812 J  | 84s  | gpu 98/98%  | NVLink 2455MB/step  | FRONTIER

[10/11] S3_d1024_s512_b16_L12_h64  (fam S3)  fixed steps=120
  Launching: torchrun x2  --steps 120 --batch-size 16 --seq-len 512 --d-model 1024 --num-layers 12 --nhead 64 --dim-feedforward 4096 --precision fp16 --optimizer adamw
W0810 04:26:50.481000 376283 torch/distributed/run.py:766] 
W0810 04:26:50.481000 376283 torch/distributed/run.py:766] *****************************************
W0810 04:26:50.481000 376283 torch/distributed/run.py:766] Setting OMP_NUM_THREADS environment variable for each process to be 1 in default, to avoid your system being overloaded, please further tune the variable for optimal performance in your application as needed. 
W0810 04:26:50.481000 376283 torch/distributed/run.py:766] *****************************************
[redteam] Device : Tesla V100-SXM2-16GB × 2 (DDP)
[redteam] Config : steps=120, batch/gpu=16, global_batch=32, seq=512, d_model=1024, layers=12, nhead=64, ff=4096, precision=fp16, opt=adamw
[redteam] Params : 152204288 (152.2M)
[redteam] FLOPs/step/gpu (fwd+bwd) : 8143.258 GFLOPs
[redteam] Ground truth total    : 1954.3819 TFLOPs  (2 ranks)
[redteam] Starting workload...

  step    0/120  |  1.60 steps/s  |  0.6s elapsed  |  16.2865 TFLOPs
  step   10/120  |  1.25 steps/s  |  8.8s elapsed  |  179.1517 TFLOPs
  step   20/120  |  1.20 steps/s  |  17.5s elapsed  |  342.0168 TFLOPs
  step   30/120  |  1.21 steps/s  |  25.6s elapsed  |  504.8820 TFLOPs
  step   40/120  |  1.21 steps/s  |  33.8s elapsed  |  667.7472 TFLOPs
  step   50/120  |  1.21 steps/s  |  42.1s elapsed  |  830.6123 TFLOPs
  step   60/120  |  1.22 steps/s  |  50.0s elapsed  |  993.4775 TFLOPs
  step   70/120  |  1.21 steps/s  |  58.8s elapsed  |  1156.3426 TFLOPs
  step   80/120  |  1.19 steps/s  |  67.9s elapsed  |  1319.2078 TFLOPs
  step   90/120  |  1.20 steps/s  |  76.1s elapsed  |  1482.0730 TFLOPs
  step  100/120  |  1.18 steps/s  |  85.5s elapsed  |  1644.9381 TFLOPs
  step  110/120  |  1.18 steps/s  |  93.9s elapsed  |  1807.8033 TFLOPs

[redteam] Done. 120 steps in 100.7s (1.19 steps/s)
[redteam] Ground truth total : 1954.3819 TFLOPs
[redteam] Ground truth rate  : 19.4067 TFLOPS avg
[redteam] Compare 'Monitor est.' above to ground truth total.
[redteam] all-reduce probe: OK
  -> GT 1954.38 TFLOPs  | net 10542 J  | 102s  | gpu 99/99%  | NVLink 2436MB/step  | FRONTIER

[11/11] S3_d1024_s512_b16_L12_sgd  (fam S3)  fixed steps=120
  Launching: torchrun x2  --steps 120 --batch-size 16 --seq-len 512 --d-model 1024 --num-layers 12 --nhead 8 --dim-feedforward 4096 --precision fp16 --optimizer sgd
W0810 04:28:39.037000 376795 torch/distributed/run.py:766] 
W0810 04:28:39.037000 376795 torch/distributed/run.py:766] *****************************************
W0810 04:28:39.037000 376795 torch/distributed/run.py:766] Setting OMP_NUM_THREADS environment variable for each process to be 1 in default, to avoid your system being overloaded, please further tune the variable for optimal performance in your application as needed. 
W0810 04:28:39.037000 376795 torch/distributed/run.py:766] *****************************************
[redteam] Device : Tesla V100-SXM2-16GB × 2 (DDP)
[redteam] Config : steps=120, batch/gpu=16, global_batch=32, seq=512, d_model=1024, layers=12, nhead=8, ff=4096, precision=fp16, opt=sgd
[redteam] Params : 152204288 (152.2M)
[redteam] FLOPs/step/gpu (fwd+bwd) : 8143.258 GFLOPs
[redteam] Ground truth total    : 1954.3819 TFLOPs  (2 ranks)
[redteam] Starting workload...

  step    0/120  |  3.58 steps/s  |  0.3s elapsed  |  16.2865 TFLOPs
  step   10/120  |  1.79 steps/s  |  6.2s elapsed  |  179.1517 TFLOPs
  step   20/120  |  1.70 steps/s  |  12.4s elapsed  |  342.0168 TFLOPs
  step   30/120  |  1.71 steps/s  |  18.1s elapsed  |  504.8820 TFLOPs
  step   40/120  |  1.67 steps/s  |  24.5s elapsed  |  667.7472 TFLOPs
  step   50/120  |  1.66 steps/s  |  30.6s elapsed  |  830.6123 TFLOPs
  step   60/120  |  1.62 steps/s  |  37.7s elapsed  |  993.4775 TFLOPs
  step   70/120  |  1.59 steps/s  |  44.8s elapsed  |  1156.3426 TFLOPs
  step   80/120  |  1.58 steps/s  |  51.4s elapsed  |  1319.2078 TFLOPs
  step   90/120  |  1.59 steps/s  |  57.4s elapsed  |  1482.0730 TFLOPs
  step  100/120  |  1.58 steps/s  |  63.8s elapsed  |  1644.9381 TFLOPs
  step  110/120  |  1.58 steps/s  |  70.4s elapsed  |  1807.8033 TFLOPs

[redteam] Done. 120 steps in 76.2s (1.58 steps/s)
[redteam] Ground truth total : 1954.3819 TFLOPs
[redteam] Ground truth rate  : 25.6644 TFLOPS avg
[redteam] Compare 'Monitor est.' above to ground truth total.
[redteam] all-reduce probe: OK
  -> GT 1954.38 TFLOPs  | net 8362 J  | 78s  | gpu 98/97%  | NVLink 2514MB/step  | FRONTIER
Records JSON written to /home/will/verification-games/red_team/red_v3_trial9_records.json
=== RED TRIAL 9: done (2026-08-10 04:30:00) ===

==================================================================
=== RED TRIAL 10/10 -> /home/will/verification-games/red_team/red_v3_trial10_records.json
    (2026-08-10 04:30:00)
==================================================================
nvidia-smi power/util OK (GPUs [0, 1]).
DCGM DRAM-active (field 1005) OK.
DCGM NVLink/PCIe (fields 1009-1012) OK.
Configs: red_team.redteam_configs:RED_CONFIGS — 11 entries

Measuring single idle baseline (90s). Ensure no GPU workloads are running.
  [baseline] sampling idle for 90s ...
  [baseline] 168 samples  |  median 99380.0 mW  stdev 2060.6 mW (both GPUs)
Idle baseline: 99380.0 mW (both GPUs)  (n=168, stdev=2060.6 mW)  — shared by ALL workloads

[1/11] S4_d1024_s256_L6_b8  (fam S4)  fixed steps=1920
  Launching: torchrun x2  --steps 1920 --batch-size 8 --seq-len 256 --d-model 1024 --num-layers 6 --nhead 8 --dim-feedforward 4096 --precision fp16 --optimizer adamw
W0810 04:31:37.560000 377808 torch/distributed/run.py:766] 
W0810 04:31:37.560000 377808 torch/distributed/run.py:766] *****************************************
W0810 04:31:37.560000 377808 torch/distributed/run.py:766] Setting OMP_NUM_THREADS environment variable for each process to be 1 in default, to avoid your system being overloaded, please further tune the variable for optimal performance in your application as needed. 
W0810 04:31:37.560000 377808 torch/distributed/run.py:766] *****************************************
[redteam] Device : Tesla V100-SXM2-16GB × 2 (DDP)
[redteam] Config : steps=1920, batch/gpu=8, global_batch=16, seq=256, d_model=1024, layers=6, nhead=8, ff=4096, precision=fp16, opt=adamw
[redteam] Params : 76626944 (76.6M)
[redteam] FLOPs/step/gpu (fwd+bwd) : 972.810 GFLOPs
[redteam] Ground truth total    : 3735.5908 TFLOPs  (2 ranks)
[redteam] Starting workload...

  step    0/1920  |  25.56 steps/s  |  0.0s elapsed  |  1.9456 TFLOPs
  step   10/1920  |  20.11 steps/s  |  0.5s elapsed  |  21.4018 TFLOPs
  step   20/1920  |  20.85 steps/s  |  1.0s elapsed  |  40.8580 TFLOPs
  step   30/1920  |  21.13 steps/s  |  1.5s elapsed  |  60.3142 TFLOPs
  step   40/1920  |  21.23 steps/s  |  1.9s elapsed  |  79.7704 TFLOPs
  step   50/1920  |  21.32 steps/s  |  2.4s elapsed  |  99.2266 TFLOPs
  step   60/1920  |  21.38 steps/s  |  2.9s elapsed  |  118.6828 TFLOPs
  step   70/1920  |  21.43 steps/s  |  3.3s elapsed  |  138.1390 TFLOPs
  step   80/1920  |  21.42 steps/s  |  3.8s elapsed  |  157.5952 TFLOPs
  step   90/1920  |  21.45 steps/s  |  4.2s elapsed  |  177.0514 TFLOPs
  step  100/1920  |  21.48 steps/s  |  4.7s elapsed  |  196.5076 TFLOPs
  step  110/1920  |  21.50 steps/s  |  5.2s elapsed  |  215.9638 TFLOPs
  step  120/1920  |  21.51 steps/s  |  5.6s elapsed  |  235.4200 TFLOPs
  step  130/1920  |  21.52 steps/s  |  6.1s elapsed  |  254.8762 TFLOPs
  step  140/1920  |  21.53 steps/s  |  6.5s elapsed  |  274.3324 TFLOPs
  step  150/1920  |  21.55 steps/s  |  7.0s elapsed  |  293.7886 TFLOPs
  step  160/1920  |  21.55 steps/s  |  7.5s elapsed  |  313.2448 TFLOPs
  step  170/1920  |  21.56 steps/s  |  7.9s elapsed  |  332.7011 TFLOPs
  step  180/1920  |  21.56 steps/s  |  8.4s elapsed  |  352.1573 TFLOPs
  step  190/1920  |  21.57 steps/s  |  8.9s elapsed  |  371.6135 TFLOPs
  step  200/1920  |  21.56 steps/s  |  9.3s elapsed  |  391.0697 TFLOPs
  step  210/1920  |  21.54 steps/s  |  9.8s elapsed  |  410.5259 TFLOPs
  step  220/1920  |  21.51 steps/s  |  10.3s elapsed  |  429.9821 TFLOPs
  step  230/1920  |  21.48 steps/s  |  10.8s elapsed  |  449.4383 TFLOPs
  step  240/1920  |  21.40 steps/s  |  11.3s elapsed  |  468.8945 TFLOPs
  step  250/1920  |  21.30 steps/s  |  11.8s elapsed  |  488.3507 TFLOPs
  step  260/1920  |  21.24 steps/s  |  12.3s elapsed  |  507.8069 TFLOPs
  step  270/1920  |  21.15 steps/s  |  12.8s elapsed  |  527.2631 TFLOPs
  step  280/1920  |  21.04 steps/s  |  13.4s elapsed  |  546.7193 TFLOPs
  step  290/1920  |  20.96 steps/s  |  13.9s elapsed  |  566.1755 TFLOPs
  step  300/1920  |  20.86 steps/s  |  14.4s elapsed  |  585.6317 TFLOPs
  step  310/1920  |  20.80 steps/s  |  14.9s elapsed  |  605.0879 TFLOPs
  step  320/1920  |  20.75 steps/s  |  15.5s elapsed  |  624.5441 TFLOPs
  step  330/1920  |  20.70 steps/s  |  16.0s elapsed  |  644.0003 TFLOPs
  step  340/1920  |  20.66 steps/s  |  16.5s elapsed  |  663.4565 TFLOPs
  step  350/1920  |  20.60 steps/s  |  17.0s elapsed  |  682.9127 TFLOPs
  step  360/1920  |  20.54 steps/s  |  17.6s elapsed  |  702.3689 TFLOPs
  step  370/1920  |  20.47 steps/s  |  18.1s elapsed  |  721.8251 TFLOPs
  step  380/1920  |  20.39 steps/s  |  18.7s elapsed  |  741.2813 TFLOPs
  step  390/1920  |  20.31 steps/s  |  19.2s elapsed  |  760.7375 TFLOPs
  step  400/1920  |  20.25 steps/s  |  19.8s elapsed  |  780.1937 TFLOPs
  step  410/1920  |  20.18 steps/s  |  20.4s elapsed  |  799.6499 TFLOPs
  step  420/1920  |  20.12 steps/s  |  20.9s elapsed  |  819.1061 TFLOPs
  step  430/1920  |  20.07 steps/s  |  21.5s elapsed  |  838.5623 TFLOPs
  step  440/1920  |  20.01 steps/s  |  22.0s elapsed  |  858.0185 TFLOPs
  step  450/1920  |  19.97 steps/s  |  22.6s elapsed  |  877.4747 TFLOPs
  step  460/1920  |  19.92 steps/s  |  23.1s elapsed  |  896.9309 TFLOPs
  step  470/1920  |  19.81 steps/s  |  23.8s elapsed  |  916.3871 TFLOPs
  step  480/1920  |  19.73 steps/s  |  24.4s elapsed  |  935.8433 TFLOPs
  step  490/1920  |  19.67 steps/s  |  25.0s elapsed  |  955.2995 TFLOPs
  step  500/1920  |  19.61 steps/s  |  25.6s elapsed  |  974.7557 TFLOPs
  step  510/1920  |  19.55 steps/s  |  26.1s elapsed  |  994.2119 TFLOPs
  step  520/1920  |  19.50 steps/s  |  26.7s elapsed  |  1013.6681 TFLOPs
  step  530/1920  |  19.44 steps/s  |  27.3s elapsed  |  1033.1243 TFLOPs
  step  540/1920  |  19.34 steps/s  |  28.0s elapsed  |  1052.5805 TFLOPs
  step  550/1920  |  19.27 steps/s  |  28.6s elapsed  |  1072.0367 TFLOPs
  step  560/1920  |  19.20 steps/s  |  29.2s elapsed  |  1091.4929 TFLOPs
  step  570/1920  |  19.16 steps/s  |  29.8s elapsed  |  1110.9491 TFLOPs
  step  580/1920  |  19.11 steps/s  |  30.4s elapsed  |  1130.4053 TFLOPs
  step  590/1920  |  19.05 steps/s  |  31.0s elapsed  |  1149.8615 TFLOPs
  step  600/1920  |  19.01 steps/s  |  31.6s elapsed  |  1169.3177 TFLOPs
  step  610/1920  |  18.97 steps/s  |  32.2s elapsed  |  1188.7739 TFLOPs
  step  620/1920  |  18.93 steps/s  |  32.8s elapsed  |  1208.2301 TFLOPs
  step  630/1920  |  18.88 steps/s  |  33.4s elapsed  |  1227.6863 TFLOPs
  step  640/1920  |  18.83 steps/s  |  34.0s elapsed  |  1247.1425 TFLOPs
  step  650/1920  |  18.78 steps/s  |  34.7s elapsed  |  1266.5987 TFLOPs
  step  660/1920  |  18.69 steps/s  |  35.4s elapsed  |  1286.0549 TFLOPs
  step  670/1920  |  18.64 steps/s  |  36.0s elapsed  |  1305.5111 TFLOPs
  step  680/1920  |  18.59 steps/s  |  36.6s elapsed  |  1324.9673 TFLOPs
  step  690/1920  |  18.51 steps/s  |  37.3s elapsed  |  1344.4235 TFLOPs
  step  700/1920  |  18.44 steps/s  |  38.0s elapsed  |  1363.8797 TFLOPs
  step  710/1920  |  18.38 steps/s  |  38.7s elapsed  |  1383.3360 TFLOPs
  step  720/1920  |  18.32 steps/s  |  39.3s elapsed  |  1402.7922 TFLOPs
  step  730/1920  |  18.29 steps/s  |  40.0s elapsed  |  1422.2484 TFLOPs
  step  740/1920  |  18.23 steps/s  |  40.6s elapsed  |  1441.7046 TFLOPs
  step  750/1920  |  18.18 steps/s  |  41.3s elapsed  |  1461.1608 TFLOPs
  step  760/1920  |  18.13 steps/s  |  42.0s elapsed  |  1480.6170 TFLOPs
  step  770/1920  |  18.09 steps/s  |  42.6s elapsed  |  1500.0732 TFLOPs
  step  780/1920  |  18.05 steps/s  |  43.3s elapsed  |  1519.5294 TFLOPs
  step  790/1920  |  18.01 steps/s  |  43.9s elapsed  |  1538.9856 TFLOPs
  step  800/1920  |  17.98 steps/s  |  44.6s elapsed  |  1558.4418 TFLOPs
  step  810/1920  |  17.94 steps/s  |  45.2s elapsed  |  1577.8980 TFLOPs
  step  820/1920  |  17.91 steps/s  |  45.8s elapsed  |  1597.3542 TFLOPs
  step  830/1920  |  17.86 steps/s  |  46.5s elapsed  |  1616.8104 TFLOPs
  step  840/1920  |  17.81 steps/s  |  47.2s elapsed  |  1636.2666 TFLOPs
  step  850/1920  |  17.76 steps/s  |  47.9s elapsed  |  1655.7228 TFLOPs
  step  860/1920  |  17.70 steps/s  |  48.6s elapsed  |  1675.1790 TFLOPs
  step  870/1920  |  17.46 steps/s  |  49.9s elapsed  |  1694.6352 TFLOPs
  step  880/1920  |  17.49 steps/s  |  50.4s elapsed  |  1714.0914 TFLOPs
  step  890/1920  |  17.51 steps/s  |  50.9s elapsed  |  1733.5476 TFLOPs
  step  900/1920  |  17.48 steps/s  |  51.5s elapsed  |  1753.0038 TFLOPs
  step  910/1920  |  17.43 steps/s  |  52.3s elapsed  |  1772.4600 TFLOPs
  step  920/1920  |  17.38 steps/s  |  53.0s elapsed  |  1791.9162 TFLOPs
  step  930/1920  |  17.33 steps/s  |  53.7s elapsed  |  1811.3724 TFLOPs
  step  940/1920  |  17.28 steps/s  |  54.5s elapsed  |  1830.8286 TFLOPs
  step  950/1920  |  17.11 steps/s  |  55.6s elapsed  |  1850.2848 TFLOPs
  step  960/1920  |  17.03 steps/s  |  56.4s elapsed  |  1869.7410 TFLOPs
  step  970/1920  |  16.88 steps/s  |  57.5s elapsed  |  1889.1972 TFLOPs
  step  980/1920  |  16.86 steps/s  |  58.2s elapsed  |  1908.6534 TFLOPs
  step  990/1920  |  16.71 steps/s  |  59.3s elapsed  |  1928.1096 TFLOPs
  step 1000/1920  |  16.38 steps/s  |  61.1s elapsed  |  1947.5658 TFLOPs
  step 1010/1920  |  16.37 steps/s  |  61.8s elapsed  |  1967.0220 TFLOPs
  step 1020/1920  |  16.36 steps/s  |  62.4s elapsed  |  1986.4782 TFLOPs
  step 1030/1920  |  16.35 steps/s  |  63.0s elapsed  |  2005.9344 TFLOPs
  step 1040/1920  |  16.33 steps/s  |  63.8s elapsed  |  2025.3906 TFLOPs
  step 1050/1920  |  16.29 steps/s  |  64.5s elapsed  |  2044.8468 TFLOPs
  step 1060/1920  |  16.28 steps/s  |  65.2s elapsed  |  2064.3030 TFLOPs
  step 1070/1920  |  16.27 steps/s  |  65.8s elapsed  |  2083.7592 TFLOPs
  step 1080/1920  |  16.26 steps/s  |  66.5s elapsed  |  2103.2154 TFLOPs
  step 1090/1920  |  16.24 steps/s  |  67.2s elapsed  |  2122.6716 TFLOPs
  step 1100/1920  |  16.22 steps/s  |  67.9s elapsed  |  2142.1278 TFLOPs
  step 1110/1920  |  16.19 steps/s  |  68.6s elapsed  |  2161.5840 TFLOPs
  step 1120/1920  |  16.17 steps/s  |  69.3s elapsed  |  2181.0402 TFLOPs
  step 1130/1920  |  16.15 steps/s  |  70.0s elapsed  |  2200.4964 TFLOPs
  step 1140/1920  |  16.14 steps/s  |  70.7s elapsed  |  2219.9526 TFLOPs
  step 1150/1920  |  16.13 steps/s  |  71.4s elapsed  |  2239.4088 TFLOPs
  step 1160/1920  |  16.12 steps/s  |  72.0s elapsed  |  2258.8650 TFLOPs
  step 1170/1920  |  16.11 steps/s  |  72.7s elapsed  |  2278.3212 TFLOPs
  step 1180/1920  |  16.10 steps/s  |  73.3s elapsed  |  2297.7774 TFLOPs
  step 1190/1920  |  16.09 steps/s  |  74.0s elapsed  |  2317.2336 TFLOPs
  step 1200/1920  |  16.07 steps/s  |  74.7s elapsed  |  2336.6898 TFLOPs
  step 1210/1920  |  16.04 steps/s  |  75.5s elapsed  |  2356.1460 TFLOPs
  step 1220/1920  |  16.01 steps/s  |  76.3s elapsed  |  2375.6022 TFLOPs
  step 1230/1920  |  15.98 steps/s  |  77.0s elapsed  |  2395.0584 TFLOPs
  step 1240/1920  |  15.96 steps/s  |  77.8s elapsed  |  2414.5146 TFLOPs
  step 1250/1920  |  15.93 steps/s  |  78.5s elapsed  |  2433.9709 TFLOPs
  step 1260/1920  |  15.91 steps/s  |  79.3s elapsed  |  2453.4271 TFLOPs
  step 1270/1920  |  15.87 steps/s  |  80.1s elapsed  |  2472.8833 TFLOPs
  step 1280/1920  |  15.85 steps/s  |  80.8s elapsed  |  2492.3395 TFLOPs
  step 1290/1920  |  15.83 steps/s  |  81.6s elapsed  |  2511.7957 TFLOPs
  step 1300/1920  |  15.81 steps/s  |  82.3s elapsed  |  2531.2519 TFLOPs
  step 1310/1920  |  15.64 steps/s  |  83.8s elapsed  |  2550.7081 TFLOPs
  step 1320/1920  |  15.63 steps/s  |  84.5s elapsed  |  2570.1643 TFLOPs
  step 1330/1920  |  15.58 steps/s  |  85.4s elapsed  |  2589.6205 TFLOPs
  step 1340/1920  |  15.53 steps/s  |  86.3s elapsed  |  2609.0767 TFLOPs
  step 1350/1920  |  15.44 steps/s  |  87.5s elapsed  |  2628.5329 TFLOPs
  step 1360/1920  |  15.30 steps/s  |  88.9s elapsed  |  2647.9891 TFLOPs
  step 1370/1920  |  15.27 steps/s  |  89.8s elapsed  |  2667.4453 TFLOPs
  step 1380/1920  |  15.19 steps/s  |  90.9s elapsed  |  2686.9015 TFLOPs
  step 1390/1920  |  15.14 steps/s  |  91.9s elapsed  |  2706.3577 TFLOPs
  step 1400/1920  |  15.11 steps/s  |  92.7s elapsed  |  2725.8139 TFLOPs
  step 1410/1920  |  15.01 steps/s  |  94.0s elapsed  |  2745.2701 TFLOPs
  step 1420/1920  |  14.92 steps/s  |  95.2s elapsed  |  2764.7263 TFLOPs
  step 1430/1920  |  14.84 steps/s  |  96.5s elapsed  |  2784.1825 TFLOPs
  step 1440/1920  |  14.69 steps/s  |  98.1s elapsed  |  2803.6387 TFLOPs
  step 1450/1920  |  14.62 steps/s  |  99.2s elapsed  |  2823.0949 TFLOPs
  step 1460/1920  |  14.58 steps/s  |  100.2s elapsed  |  2842.5511 TFLOPs
  step 1470/1920  |  14.55 steps/s  |  101.1s elapsed  |  2862.0073 TFLOPs
  step 1480/1920  |  14.55 steps/s  |  101.8s elapsed  |  2881.4635 TFLOPs
  step 1490/1920  |  14.54 steps/s  |  102.6s elapsed  |  2900.9197 TFLOPs
  step 1500/1920  |  14.53 steps/s  |  103.3s elapsed  |  2920.3759 TFLOPs
  step 1510/1920  |  14.53 steps/s  |  104.0s elapsed  |  2939.8321 TFLOPs
  step 1520/1920  |  14.53 steps/s  |  104.6s elapsed  |  2959.2883 TFLOPs
  step 1530/1920  |  14.54 steps/s  |  105.3s elapsed  |  2978.7445 TFLOPs
  step 1540/1920  |  14.54 steps/s  |  106.0s elapsed  |  2998.2007 TFLOPs
  step 1550/1920  |  14.54 steps/s  |  106.7s elapsed  |  3017.6569 TFLOPs
  step 1560/1920  |  14.54 steps/s  |  107.4s elapsed  |  3037.1131 TFLOPs
  step 1570/1920  |  14.54 steps/s  |  108.1s elapsed  |  3056.5693 TFLOPs
  step 1580/1920  |  14.54 steps/s  |  108.7s elapsed  |  3076.0255 TFLOPs
  step 1590/1920  |  14.54 steps/s  |  109.4s elapsed  |  3095.4817 TFLOPs
  step 1600/1920  |  14.54 steps/s  |  110.1s elapsed  |  3114.9379 TFLOPs
  step 1610/1920  |  14.54 steps/s  |  110.8s elapsed  |  3134.3941 TFLOPs
  step 1620/1920  |  14.54 steps/s  |  111.5s elapsed  |  3153.8503 TFLOPs
  step 1630/1920  |  14.50 steps/s  |  112.4s elapsed  |  3173.3065 TFLOPs
  step 1640/1920  |  14.46 steps/s  |  113.5s elapsed  |  3192.7627 TFLOPs
  step 1650/1920  |  14.46 steps/s  |  114.2s elapsed  |  3212.2189 TFLOPs
  step 1660/1920  |  14.47 steps/s  |  114.8s elapsed  |  3231.6751 TFLOPs
  step 1670/1920  |  14.47 steps/s  |  115.5s elapsed  |  3251.1313 TFLOPs
  step 1680/1920  |  14.47 steps/s  |  116.1s elapsed  |  3270.5875 TFLOPs
  step 1690/1920  |  14.48 steps/s  |  116.8s elapsed  |  3290.0437 TFLOPs
  step 1700/1920  |  14.48 steps/s  |  117.5s elapsed  |  3309.4999 TFLOPs
  step 1710/1920  |  14.48 steps/s  |  118.2s elapsed  |  3328.9561 TFLOPs
  step 1720/1920  |  14.46 steps/s  |  119.0s elapsed  |  3348.4123 TFLOPs
  step 1730/1920  |  14.46 steps/s  |  119.7s elapsed  |  3367.8685 TFLOPs
  step 1740/1920  |  14.44 steps/s  |  120.5s elapsed  |  3387.3247 TFLOPs
  step 1750/1920  |  14.42 steps/s  |  121.5s elapsed  |  3406.7809 TFLOPs
  step 1760/1920  |  14.41 steps/s  |  122.2s elapsed  |  3426.2371 TFLOPs
  step 1770/1920  |  14.41 steps/s  |  122.9s elapsed  |  3445.6933 TFLOPs
  step 1780/1920  |  14.30 steps/s  |  124.6s elapsed  |  3465.1495 TFLOPs
  step 1790/1920  |  14.25 steps/s  |  125.7s elapsed  |  3484.6058 TFLOPs
  step 1800/1920  |  14.22 steps/s  |  126.6s elapsed  |  3504.0620 TFLOPs
  step 1810/1920  |  14.20 steps/s  |  127.5s elapsed  |  3523.5182 TFLOPs
  step 1820/1920  |  14.20 steps/s  |  128.2s elapsed  |  3542.9744 TFLOPs
  step 1830/1920  |  14.19 steps/s  |  129.1s elapsed  |  3562.4306 TFLOPs
  step 1840/1920  |  14.08 steps/s  |  130.7s elapsed  |  3581.8868 TFLOPs
  step 1850/1920  |  14.03 steps/s  |  131.9s elapsed  |  3601.3430 TFLOPs
  step 1860/1920  |  13.97 steps/s  |  133.2s elapsed  |  3620.7992 TFLOPs
  step 1870/1920  |  13.94 steps/s  |  134.3s elapsed  |  3640.2554 TFLOPs
  step 1880/1920  |  13.94 steps/s  |  134.9s elapsed  |  3659.7116 TFLOPs
  step 1890/1920  |  13.90 steps/s  |  136.1s elapsed  |  3679.1678 TFLOPs
  step 1900/1920  |  13.91 steps/s  |  136.7s elapsed  |  3698.6240 TFLOPs
  step 1910/1920  |  13.85 steps/s  |  138.0s elapsed  |  3718.0802 TFLOPs

[redteam] Done. 1920 steps in 139.2s (13.79 steps/s)
[redteam] Ground truth total : 3735.5908 TFLOPs
[redteam] Ground truth rate  : 26.8350 TFLOPS avg
[redteam] Compare 'Monitor est.' above to ground truth total.
[redteam] all-reduce probe: OK
  -> GT 3735.59 TFLOPs  | net 17798 J  | 141s  | gpu 97/96%  | NVLink 1231MB/step  | FRONTIER

[2/11] S4_d1024_s256_L6_b16  (fam S4)  fixed steps=960
  Launching: torchrun x2  --steps 960 --batch-size 16 --seq-len 256 --d-model 1024 --num-layers 6 --nhead 8 --dim-feedforward 4096 --precision fp16 --optimizer adamw
W0810 04:34:03.487000 378631 torch/distributed/run.py:766] 
W0810 04:34:03.487000 378631 torch/distributed/run.py:766] *****************************************
W0810 04:34:03.487000 378631 torch/distributed/run.py:766] Setting OMP_NUM_THREADS environment variable for each process to be 1 in default, to avoid your system being overloaded, please further tune the variable for optimal performance in your application as needed. 
W0810 04:34:03.487000 378631 torch/distributed/run.py:766] *****************************************
[redteam] Device : Tesla V100-SXM2-16GB × 2 (DDP)
[redteam] Config : steps=960, batch/gpu=16, global_batch=32, seq=256, d_model=1024, layers=6, nhead=8, ff=4096, precision=fp16, opt=adamw
[redteam] Params : 76626944 (76.6M)
[redteam] FLOPs/step/gpu (fwd+bwd) : 1945.620 GFLOPs
[redteam] Ground truth total    : 3735.5908 TFLOPs  (2 ranks)
[redteam] Starting workload...

  step    0/960  |  14.15 steps/s  |  0.1s elapsed  |  3.8912 TFLOPs
  step   10/960  |  12.07 steps/s  |  0.9s elapsed  |  42.8036 TFLOPs
  step   20/960  |  7.77 steps/s  |  2.7s elapsed  |  81.7160 TFLOPs
  step   30/960  |  6.62 steps/s  |  4.7s elapsed  |  120.6285 TFLOPs
  step   40/960  |  6.61 steps/s  |  6.2s elapsed  |  159.5409 TFLOPs
  step   50/960  |  6.16 steps/s  |  8.3s elapsed  |  198.4533 TFLOPs
  step   60/960  |  6.43 steps/s  |  9.5s elapsed  |  237.3657 TFLOPs
  step   70/960  |  6.40 steps/s  |  11.1s elapsed  |  276.2781 TFLOPs
  step   80/960  |  5.78 steps/s  |  14.0s elapsed  |  315.1905 TFLOPs
  step   90/960  |  5.67 steps/s  |  16.0s elapsed  |  354.1029 TFLOPs
  step  100/960  |  5.63 steps/s  |  17.9s elapsed  |  393.0153 TFLOPs
  step  110/960  |  5.55 steps/s  |  20.0s elapsed  |  431.9277 TFLOPs
  step  120/960  |  5.48 steps/s  |  22.1s elapsed  |  470.8401 TFLOPs
  step  130/960  |  5.67 steps/s  |  23.1s elapsed  |  509.7525 TFLOPs
  step  140/960  |  5.63 steps/s  |  25.0s elapsed  |  548.6649 TFLOPs
  step  150/960  |  5.64 steps/s  |  26.8s elapsed  |  587.5773 TFLOPs
  step  160/960  |  5.79 steps/s  |  27.8s elapsed  |  626.4897 TFLOPs
  step  170/960  |  5.91 steps/s  |  28.9s elapsed  |  665.4021 TFLOPs
  step  180/960  |  5.87 steps/s  |  30.8s elapsed  |  704.3145 TFLOPs
  step  190/960  |  5.64 steps/s  |  33.9s elapsed  |  743.2269 TFLOPs
  step  200/960  |  5.65 steps/s  |  35.5s elapsed  |  782.1393 TFLOPs
  step  210/960  |  5.71 steps/s  |  36.9s elapsed  |  821.0517 TFLOPs
  step  220/960  |  5.70 steps/s  |  38.8s elapsed  |  859.9641 TFLOPs
  step  230/960  |  5.72 steps/s  |  40.4s elapsed  |  898.8765 TFLOPs
  step  240/960  |  5.58 steps/s  |  43.2s elapsed  |  937.7889 TFLOPs
  step  250/960  |  5.45 steps/s  |  46.1s elapsed  |  976.7013 TFLOPs
  step  260/960  |  5.44 steps/s  |  47.9s elapsed  |  1015.6137 TFLOPs
  step  270/960  |  5.36 steps/s  |  50.5s elapsed  |  1054.5261 TFLOPs
  step  280/960  |  5.29 steps/s  |  53.1s elapsed  |  1093.4385 TFLOPs
  step  290/960  |  5.35 steps/s  |  54.3s elapsed  |  1132.3509 TFLOPs
  step  300/960  |  5.31 steps/s  |  56.7s elapsed  |  1171.2634 TFLOPs
  step  310/960  |  5.38 steps/s  |  57.9s elapsed  |  1210.1758 TFLOPs
  step  320/960  |  5.40 steps/s  |  59.5s elapsed  |  1249.0882 TFLOPs
  step  330/960  |  5.35 steps/s  |  61.9s elapsed  |  1288.0006 TFLOPs
  step  340/960  |  5.42 steps/s  |  62.9s elapsed  |  1326.9130 TFLOPs
  step  350/960  |  5.41 steps/s  |  64.9s elapsed  |  1365.8254 TFLOPs
  step  360/960  |  5.43 steps/s  |  66.5s elapsed  |  1404.7378 TFLOPs
  step  370/960  |  5.47 steps/s  |  67.8s elapsed  |  1443.6502 TFLOPs
  step  380/960  |  5.41 steps/s  |  70.4s elapsed  |  1482.5626 TFLOPs
  step  390/960  |  5.46 steps/s  |  71.6s elapsed  |  1521.4750 TFLOPs
  step  400/960  |  5.47 steps/s  |  73.3s elapsed  |  1560.3874 TFLOPs
  step  410/960  |  5.41 steps/s  |  76.0s elapsed  |  1599.2998 TFLOPs
  step  420/960  |  5.43 steps/s  |  77.5s elapsed  |  1638.2122 TFLOPs
  step  430/960  |  5.49 steps/s  |  78.5s elapsed  |  1677.1246 TFLOPs
  step  440/960  |  5.54 steps/s  |  79.6s elapsed  |  1716.0370 TFLOPs
  step  450/960  |  5.46 steps/s  |  82.6s elapsed  |  1754.9494 TFLOPs
  step  460/960  |  5.46 steps/s  |  84.4s elapsed  |  1793.8618 TFLOPs
  step  470/960  |  5.51 steps/s  |  85.6s elapsed  |  1832.7742 TFLOPs
  step  480/960  |  5.45 steps/s  |  88.2s elapsed  |  1871.6866 TFLOPs
  step  490/960  |  5.36 steps/s  |  91.5s elapsed  |  1910.5990 TFLOPs
  step  500/960  |  5.30 steps/s  |  94.6s elapsed  |  1949.5114 TFLOPs
  step  510/960  |  5.31 steps/s  |  96.2s elapsed  |  1988.4238 TFLOPs
  step  520/960  |  5.36 steps/s  |  97.2s elapsed  |  2027.3362 TFLOPs
  step  530/960  |  5.41 steps/s  |  98.2s elapsed  |  2066.2486 TFLOPs
  step  540/960  |  5.45 steps/s  |  99.3s elapsed  |  2105.1610 TFLOPs
  step  550/960  |  5.40 steps/s  |  102.1s elapsed  |  2144.0734 TFLOPs
  step  560/960  |  5.40 steps/s  |  104.0s elapsed  |  2182.9858 TFLOPs
  step  570/960  |  5.33 steps/s  |  107.2s elapsed  |  2221.8983 TFLOPs
  step  580/960  |  5.29 steps/s  |  109.7s elapsed  |  2260.8107 TFLOPs
  step  590/960  |  5.32 steps/s  |  111.0s elapsed  |  2299.7231 TFLOPs
  step  600/960  |  5.29 steps/s  |  113.5s elapsed  |  2338.6355 TFLOPs
  step  610/960  |  5.33 steps/s  |  114.6s elapsed  |  2377.5479 TFLOPs
  step  620/960  |  5.35 steps/s  |  116.0s elapsed  |  2416.4603 TFLOPs
  step  630/960  |  5.30 steps/s  |  119.1s elapsed  |  2455.3727 TFLOPs
  step  640/960  |  5.33 steps/s  |  120.2s elapsed  |  2494.2851 TFLOPs
  step  650/960  |  5.30 steps/s  |  122.7s elapsed  |  2533.1975 TFLOPs
  step  660/960  |  5.33 steps/s  |  124.0s elapsed  |  2572.1099 TFLOPs
  step  670/960  |  5.35 steps/s  |  125.5s elapsed  |  2611.0223 TFLOPs
  step  680/960  |  5.37 steps/s  |  126.9s elapsed  |  2649.9347 TFLOPs
  step  690/960  |  5.33 steps/s  |  129.6s elapsed  |  2688.8471 TFLOPs
  step  700/960  |  5.35 steps/s  |  131.0s elapsed  |  2727.7595 TFLOPs
  step  710/960  |  5.36 steps/s  |  132.6s elapsed  |  2766.6719 TFLOPs
  step  720/960  |  5.32 steps/s  |  135.5s elapsed  |  2805.5843 TFLOPs
  step  730/960  |  5.31 steps/s  |  137.8s elapsed  |  2844.4967 TFLOPs
  step  740/960  |  5.30 steps/s  |  139.8s elapsed  |  2883.4091 TFLOPs
  step  750/960  |  5.28 steps/s  |  142.3s elapsed  |  2922.3215 TFLOPs
  step  760/960  |  5.28 steps/s  |  144.1s elapsed  |  2961.2339 TFLOPs
  step  770/960  |  5.31 steps/s  |  145.2s elapsed  |  3000.1463 TFLOPs
  step  780/960  |  5.25 steps/s  |  148.9s elapsed  |  3039.0587 TFLOPs
  step  790/960  |  5.25 steps/s  |  150.7s elapsed  |  3077.9711 TFLOPs
  step  800/960  |  5.27 steps/s  |  152.0s elapsed  |  3116.8835 TFLOPs
  step  810/960  |  5.29 steps/s  |  153.3s elapsed  |  3155.7959 TFLOPs
  step  820/960  |  5.28 steps/s  |  155.5s elapsed  |  3194.7083 TFLOPs
  step  830/960  |  5.27 steps/s  |  157.6s elapsed  |  3233.6207 TFLOPs
  step  840/960  |  5.28 steps/s  |  159.2s elapsed  |  3272.5332 TFLOPs
  step  850/960  |  5.30 steps/s  |  160.6s elapsed  |  3311.4456 TFLOPs
  step  860/960  |  5.29 steps/s  |  162.8s elapsed  |  3350.3580 TFLOPs
  step  870/960  |  5.28 steps/s  |  165.0s elapsed  |  3389.2704 TFLOPs
  step  880/960  |  5.30 steps/s  |  166.1s elapsed  |  3428.1828 TFLOPs
  step  890/960  |  5.33 steps/s  |  167.2s elapsed  |  3467.0952 TFLOPs
  step  900/960  |  5.31 steps/s  |  169.8s elapsed  |  3506.0076 TFLOPs
  step  910/960  |  5.26 steps/s  |  173.1s elapsed  |  3544.9200 TFLOPs
  step  920/960  |  5.26 steps/s  |  175.0s elapsed  |  3583.8324 TFLOPs
  step  930/960  |  5.24 steps/s  |  177.6s elapsed  |  3622.7448 TFLOPs
  step  940/960  |  5.23 steps/s  |  180.0s elapsed  |  3661.6572 TFLOPs
  step  950/960  |  5.25 steps/s  |  181.0s elapsed  |  3700.5696 TFLOPs

[redteam] Done. 960 steps in 183.3s (5.24 steps/s)
[redteam] Ground truth total : 3735.5908 TFLOPs
[redteam] Ground truth rate  : 20.3776 TFLOPS avg
[redteam] Compare 'Monitor est.' above to ground truth total.
[redteam] all-reduce probe: OK
  -> GT 3735.59 TFLOPs  | net 19749 J  | 185s  | gpu 99/98%  | NVLink 1230MB/step  | FRONTIER

[3/11] S4_d1024_s256_L6_b32  (fam S4)  fixed steps=480
  Launching: torchrun x2  --steps 480 --batch-size 32 --seq-len 256 --d-model 1024 --num-layers 6 --nhead 8 --dim-feedforward 4096 --precision fp16 --optimizer adamw
W0810 04:37:13.594000 379692 torch/distributed/run.py:766] 
W0810 04:37:13.594000 379692 torch/distributed/run.py:766] *****************************************
W0810 04:37:13.594000 379692 torch/distributed/run.py:766] Setting OMP_NUM_THREADS environment variable for each process to be 1 in default, to avoid your system being overloaded, please further tune the variable for optimal performance in your application as needed. 
W0810 04:37:13.594000 379692 torch/distributed/run.py:766] *****************************************
[redteam] Device : Tesla V100-SXM2-16GB × 2 (DDP)
[redteam] Config : steps=480, batch/gpu=32, global_batch=64, seq=256, d_model=1024, layers=6, nhead=8, ff=4096, precision=fp16, opt=adamw
[redteam] Params : 76626944 (76.6M)
[redteam] FLOPs/step/gpu (fwd+bwd) : 3891.240 GFLOPs
[redteam] Ground truth total    : 3735.5908 TFLOPs  (2 ranks)
[redteam] Starting workload...

  step    0/480  |  7.35 steps/s  |  0.1s elapsed  |  7.7825 TFLOPs
  step   10/480  |  3.39 steps/s  |  3.2s elapsed  |  85.6073 TFLOPs
  step   20/480  |  4.13 steps/s  |  5.1s elapsed  |  163.4321 TFLOPs
  step   30/480  |  4.15 steps/s  |  7.5s elapsed  |  241.2569 TFLOPs
  step   40/480  |  4.32 steps/s  |  9.5s elapsed  |  319.0817 TFLOPs
  step   50/480  |  4.31 steps/s  |  11.8s elapsed  |  396.9065 TFLOPs
  step   60/480  |  3.90 steps/s  |  15.6s elapsed  |  474.7313 TFLOPs
  step   70/480  |  3.71 steps/s  |  19.1s elapsed  |  552.5561 TFLOPs
  step   80/480  |  3.64 steps/s  |  22.3s elapsed  |  630.3809 TFLOPs
  step   90/480  |  3.66 steps/s  |  24.9s elapsed  |  708.2057 TFLOPs
  step  100/480  |  3.47 steps/s  |  29.1s elapsed  |  786.0306 TFLOPs
  step  110/480  |  3.56 steps/s  |  31.2s elapsed  |  863.8554 TFLOPs
  step  120/480  |  3.46 steps/s  |  35.0s elapsed  |  941.6802 TFLOPs
  step  130/480  |  3.39 steps/s  |  38.7s elapsed  |  1019.5050 TFLOPs
  step  140/480  |  3.33 steps/s  |  42.4s elapsed  |  1097.3298 TFLOPs
  step  150/480  |  3.36 steps/s  |  45.0s elapsed  |  1175.1546 TFLOPs
  step  160/480  |  3.24 steps/s  |  49.6s elapsed  |  1252.9794 TFLOPs
  step  170/480  |  3.27 steps/s  |  52.2s elapsed  |  1330.8042 TFLOPs
  step  180/480  |  3.20 steps/s  |  56.5s elapsed  |  1408.6290 TFLOPs
  step  190/480  |  3.22 steps/s  |  59.2s elapsed  |  1486.4538 TFLOPs
  step  200/480  |  3.27 steps/s  |  61.5s elapsed  |  1564.2786 TFLOPs
  step  210/480  |  3.23 steps/s  |  65.4s elapsed  |  1642.1034 TFLOPs
  step  220/480  |  3.22 steps/s  |  68.7s elapsed  |  1719.9282 TFLOPs
  step  230/480  |  3.23 steps/s  |  71.4s elapsed  |  1797.7531 TFLOPs
  step  240/480  |  3.27 steps/s  |  73.7s elapsed  |  1875.5779 TFLOPs
  step  250/480  |  3.23 steps/s  |  77.7s elapsed  |  1953.4027 TFLOPs
  step  260/480  |  3.25 steps/s  |  80.3s elapsed  |  2031.2275 TFLOPs
  step  270/480  |  3.25 steps/s  |  83.3s elapsed  |  2109.0523 TFLOPs
  step  280/480  |  3.14 steps/s  |  89.6s elapsed  |  2186.8771 TFLOPs
  step  290/480  |  3.15 steps/s  |  92.4s elapsed  |  2264.7019 TFLOPs
  step  300/480  |  3.19 steps/s  |  94.5s elapsed  |  2342.5267 TFLOPs
  step  310/480  |  3.16 steps/s  |  98.3s elapsed  |  2420.3515 TFLOPs
  step  320/480  |  3.16 steps/s  |  101.7s elapsed  |  2498.1763 TFLOPs
  step  330/480  |  3.13 steps/s  |  105.7s elapsed  |  2576.0011 TFLOPs
  step  340/480  |  3.14 steps/s  |  108.7s elapsed  |  2653.8259 TFLOPs
  step  350/480  |  3.11 steps/s  |  112.9s elapsed  |  2731.6507 TFLOPs
  step  360/480  |  3.13 steps/s  |  115.4s elapsed  |  2809.4755 TFLOPs
  step  370/480  |  3.13 steps/s  |  118.5s elapsed  |  2887.3004 TFLOPs
  step  380/480  |  3.14 steps/s  |  121.5s elapsed  |  2965.1252 TFLOPs
  step  390/480  |  3.13 steps/s  |  124.7s elapsed  |  3042.9500 TFLOPs
  step  400/480  |  3.14 steps/s  |  127.9s elapsed  |  3120.7748 TFLOPs
  step  410/480  |  3.15 steps/s  |  130.7s elapsed  |  3198.5996 TFLOPs
  step  420/480  |  3.11 steps/s  |  135.4s elapsed  |  3276.4244 TFLOPs
  step  430/480  |  3.11 steps/s  |  138.8s elapsed  |  3354.2492 TFLOPs
  step  440/480  |  3.08 steps/s  |  143.0s elapsed  |  3432.0740 TFLOPs
  step  450/480  |  3.09 steps/s  |  146.0s elapsed  |  3509.8988 TFLOPs
  step  460/480  |  3.09 steps/s  |  149.4s elapsed  |  3587.7236 TFLOPs
  step  470/480  |  3.10 steps/s  |  151.9s elapsed  |  3665.5484 TFLOPs

[redteam] Done. 480 steps in 155.5s (3.09 steps/s)
[redteam] Ground truth total : 3735.5908 TFLOPs
[redteam] Ground truth rate  : 24.0192 TFLOPS avg
[redteam] Compare 'Monitor est.' above to ground truth total.
[redteam] all-reduce probe: OK
  -> GT 3735.59 TFLOPs  | net 16804 J  | 157s  | gpu 98/99%  | NVLink 1221MB/step  | FRONTIER

[4/11] S4_d1024_s256_L6_b64  (fam S4)  fixed steps=240
  Launching: torchrun x2  --steps 240 --batch-size 64 --seq-len 256 --d-model 1024 --num-layers 6 --nhead 8 --dim-feedforward 4096 --precision fp16 --optimizer adamw
W0810 04:39:55.587000 380582 torch/distributed/run.py:766] 
W0810 04:39:55.587000 380582 torch/distributed/run.py:766] *****************************************
W0810 04:39:55.587000 380582 torch/distributed/run.py:766] Setting OMP_NUM_THREADS environment variable for each process to be 1 in default, to avoid your system being overloaded, please further tune the variable for optimal performance in your application as needed. 
W0810 04:39:55.587000 380582 torch/distributed/run.py:766] *****************************************
[redteam] Device : Tesla V100-SXM2-16GB × 2 (DDP)
[redteam] Config : steps=240, batch/gpu=64, global_batch=128, seq=256, d_model=1024, layers=6, nhead=8, ff=4096, precision=fp16, opt=adamw
[redteam] Params : 76626944 (76.6M)
[redteam] FLOPs/step/gpu (fwd+bwd) : 7782.481 GFLOPs
[redteam] Ground truth total    : 3735.5908 TFLOPs  (2 ranks)
[redteam] Starting workload...

  step    0/240  |  4.11 steps/s  |  0.2s elapsed  |  15.5650 TFLOPs
  step   10/240  |  1.83 steps/s  |  6.0s elapsed  |  171.2146 TFLOPs
  step   20/240  |  1.87 steps/s  |  11.2s elapsed  |  326.8642 TFLOPs
  step   30/240  |  1.85 steps/s  |  16.8s elapsed  |  482.5138 TFLOPs
  step   40/240  |  1.80 steps/s  |  22.8s elapsed  |  638.1634 TFLOPs
  step   50/240  |  1.82 steps/s  |  28.1s elapsed  |  793.8130 TFLOPs
  step   60/240  |  1.80 steps/s  |  33.9s elapsed  |  949.4627 TFLOPs
  step   70/240  |  1.78 steps/s  |  39.8s elapsed  |  1105.1123 TFLOPs
  step   80/240  |  1.78 steps/s  |  45.5s elapsed  |  1260.7619 TFLOPs
  step   90/240  |  1.78 steps/s  |  51.2s elapsed  |  1416.4115 TFLOPs
  step  100/240  |  1.80 steps/s  |  56.2s elapsed  |  1572.0611 TFLOPs
  step  110/240  |  1.77 steps/s  |  62.6s elapsed  |  1727.7107 TFLOPs
  step  120/240  |  1.76 steps/s  |  68.9s elapsed  |  1883.3603 TFLOPs
  step  130/240  |  1.74 steps/s  |  75.4s elapsed  |  2039.0100 TFLOPs
  step  140/240  |  1.72 steps/s  |  82.0s elapsed  |  2194.6596 TFLOPs
  step  150/240  |  1.72 steps/s  |  87.7s elapsed  |  2350.3092 TFLOPs
  step  160/240  |  1.70 steps/s  |  94.6s elapsed  |  2505.9588 TFLOPs
  step  170/240  |  1.72 steps/s  |  99.2s elapsed  |  2661.6084 TFLOPs
  step  180/240  |  1.73 steps/s  |  104.6s elapsed  |  2817.2580 TFLOPs
  step  190/240  |  1.74 steps/s  |  109.9s elapsed  |  2972.9076 TFLOPs
  step  200/240  |  1.73 steps/s  |  115.9s elapsed  |  3128.5573 TFLOPs
  step  210/240  |  1.73 steps/s  |  121.8s elapsed  |  3284.2069 TFLOPs
  step  220/240  |  1.73 steps/s  |  127.9s elapsed  |  3439.8565 TFLOPs
  step  230/240  |  1.73 steps/s  |  133.3s elapsed  |  3595.5061 TFLOPs

[redteam] Done. 240 steps in 138.3s (1.74 steps/s)
[redteam] Ground truth total : 3735.5908 TFLOPs
[redteam] Ground truth rate  : 27.0188 TFLOPS avg
[redteam] Compare 'Monitor est.' above to ground truth total.
[redteam] all-reduce probe: OK
  -> GT 3735.59 TFLOPs  | net 14449 J  | 140s  | gpu 99/99%  | NVLink 1224MB/step  | FRONTIER

[5/11] S4_d1024_s256_L6_b128  (fam S4)  fixed steps=120
  Launching: torchrun x2  --steps 120 --batch-size 128 --seq-len 256 --d-model 1024 --num-layers 6 --nhead 8 --dim-feedforward 4096 --precision fp16 --optimizer adamw
W0810 04:42:20.634000 381321 torch/distributed/run.py:766] 
W0810 04:42:20.634000 381321 torch/distributed/run.py:766] *****************************************
W0810 04:42:20.634000 381321 torch/distributed/run.py:766] Setting OMP_NUM_THREADS environment variable for each process to be 1 in default, to avoid your system being overloaded, please further tune the variable for optimal performance in your application as needed. 
W0810 04:42:20.634000 381321 torch/distributed/run.py:766] *****************************************
[redteam] Device : Tesla V100-SXM2-16GB × 2 (DDP)
[redteam] Config : steps=120, batch/gpu=128, global_batch=256, seq=256, d_model=1024, layers=6, nhead=8, ff=4096, precision=fp16, opt=adamw
[redteam] Params : 76626944 (76.6M)
[redteam] FLOPs/step/gpu (fwd+bwd) : 15564.961 GFLOPs
[redteam] Ground truth total    : 3735.5908 TFLOPs  (2 ranks)
[redteam] Starting workload...

  step    0/120  |  1.33 steps/s  |  0.7s elapsed  |  31.1299 TFLOPs
  step   10/120  |  0.95 steps/s  |  11.5s elapsed  |  342.4292 TFLOPs
  step   20/120  |  0.97 steps/s  |  21.7s elapsed  |  653.7284 TFLOPs
  step   30/120  |  0.95 steps/s  |  32.6s elapsed  |  965.0276 TFLOPs
  step   40/120  |  0.95 steps/s  |  43.4s elapsed  |  1276.3268 TFLOPs
  step   50/120  |  0.95 steps/s  |  53.6s elapsed  |  1587.6261 TFLOPs
  step   60/120  |  0.94 steps/s  |  64.7s elapsed  |  1898.9253 TFLOPs
  step   70/120  |  0.95 steps/s  |  75.1s elapsed  |  2210.2245 TFLOPs
  step   80/120  |  0.94 steps/s  |  86.5s elapsed  |  2521.5238 TFLOPs
  step   90/120  |  0.94 steps/s  |  96.9s elapsed  |  2832.8230 TFLOPs
  step  100/120  |  0.93 steps/s  |  108.1s elapsed  |  3144.1222 TFLOPs
  step  110/120  |  0.94 steps/s  |  118.5s elapsed  |  3455.4214 TFLOPs

[redteam] Done. 120 steps in 128.0s (0.94 steps/s)
[redteam] Ground truth total : 3735.5908 TFLOPs
[redteam] Ground truth rate  : 29.1917 TFLOPS avg
[redteam] Compare 'Monitor est.' above to ground truth total.
[redteam] all-reduce probe: OK
  -> GT 3735.59 TFLOPs  | net 13996 J  | 129s  | gpu 99/99%  | NVLink 1244MB/step  | FRONTIER

[6/11] S3_d1024_s512_b16_L12_h1  (fam S3)  fixed steps=120
  Launching: torchrun x2  --steps 120 --batch-size 16 --seq-len 512 --d-model 1024 --num-layers 12 --nhead 1 --dim-feedforward 4096 --precision fp16 --optimizer adamw
W0810 04:44:36.869000 382082 torch/distributed/run.py:766] 
W0810 04:44:36.869000 382082 torch/distributed/run.py:766] *****************************************
W0810 04:44:36.869000 382082 torch/distributed/run.py:766] Setting OMP_NUM_THREADS environment variable for each process to be 1 in default, to avoid your system being overloaded, please further tune the variable for optimal performance in your application as needed. 
W0810 04:44:36.869000 382082 torch/distributed/run.py:766] *****************************************
[redteam] Device : Tesla V100-SXM2-16GB × 2 (DDP)
[redteam] Config : steps=120, batch/gpu=16, global_batch=32, seq=512, d_model=1024, layers=12, nhead=1, ff=4096, precision=fp16, opt=adamw
/home/will/verification-games/.venv/lib/python3.12/site-packages/torch/nn/modules/transformer.py:382: UserWarning: enable_nested_tensor is True, but self.use_nested_tensor is False because encoder_layer.self_attn.num_heads is odd
  warnings.warn(
/home/will/verification-games/.venv/lib/python3.12/site-packages/torch/nn/modules/transformer.py:382: UserWarning: enable_nested_tensor is True, but self.use_nested_tensor is False because encoder_layer.self_attn.num_heads is odd
  warnings.warn(
[redteam] Params : 152204288 (152.2M)
[redteam] FLOPs/step/gpu (fwd+bwd) : 8143.258 GFLOPs
[redteam] Ground truth total    : 1954.3819 TFLOPs  (2 ranks)
[redteam] Starting workload...

  step    0/120  |  3.56 steps/s  |  0.3s elapsed  |  16.2865 TFLOPs
  step   10/120  |  1.79 steps/s  |  6.2s elapsed  |  179.1517 TFLOPs
  step   20/120  |  1.71 steps/s  |  12.2s elapsed  |  342.0168 TFLOPs
  step   30/120  |  1.70 steps/s  |  18.3s elapsed  |  504.8820 TFLOPs
  step   40/120  |  1.69 steps/s  |  24.2s elapsed  |  667.7472 TFLOPs
  step   50/120  |  1.69 steps/s  |  30.1s elapsed  |  830.6123 TFLOPs
  step   60/120  |  1.68 steps/s  |  36.4s elapsed  |  993.4775 TFLOPs
  step   70/120  |  1.66 steps/s  |  42.7s elapsed  |  1156.3426 TFLOPs
  step   80/120  |  1.66 steps/s  |  48.8s elapsed  |  1319.2078 TFLOPs
  step   90/120  |  1.64 steps/s  |  55.5s elapsed  |  1482.0730 TFLOPs
  step  100/120  |  1.62 steps/s  |  62.3s elapsed  |  1644.9381 TFLOPs
  step  110/120  |  1.63 steps/s  |  68.0s elapsed  |  1807.8033 TFLOPs

[redteam] Done. 120 steps in 74.3s (1.62 steps/s)
[redteam] Ground truth total : 1954.3819 TFLOPs
[redteam] Ground truth rate  : 26.3108 TFLOPS avg
[redteam] Compare 'Monitor est.' above to ground truth total.
[redteam] all-reduce probe: OK
  -> GT 1954.38 TFLOPs  | net 7964 J  | 75s  | gpu 99/98%  | NVLink 2437MB/step  | FRONTIER

[7/11] S3_d1024_s512_b16_L12_h2  (fam S3)  fixed steps=120
  Launching: torchrun x2  --steps 120 --batch-size 16 --seq-len 512 --d-model 1024 --num-layers 12 --nhead 2 --dim-feedforward 4096 --precision fp16 --optimizer adamw
W0810 04:45:58.280000 382534 torch/distributed/run.py:766] 
W0810 04:45:58.280000 382534 torch/distributed/run.py:766] *****************************************
W0810 04:45:58.280000 382534 torch/distributed/run.py:766] Setting OMP_NUM_THREADS environment variable for each process to be 1 in default, to avoid your system being overloaded, please further tune the variable for optimal performance in your application as needed. 
W0810 04:45:58.280000 382534 torch/distributed/run.py:766] *****************************************
[redteam] Device : Tesla V100-SXM2-16GB × 2 (DDP)
[redteam] Config : steps=120, batch/gpu=16, global_batch=32, seq=512, d_model=1024, layers=12, nhead=2, ff=4096, precision=fp16, opt=adamw
[redteam] Params : 152204288 (152.2M)
[redteam] FLOPs/step/gpu (fwd+bwd) : 8143.258 GFLOPs
[redteam] Ground truth total    : 1954.3819 TFLOPs  (2 ranks)
[redteam] Starting workload...

  step    0/120  |  3.38 steps/s  |  0.3s elapsed  |  16.2865 TFLOPs
  step   10/120  |  1.98 steps/s  |  5.6s elapsed  |  179.1517 TFLOPs
  step   20/120  |  1.64 steps/s  |  12.8s elapsed  |  342.0168 TFLOPs
  step   30/120  |  1.64 steps/s  |  18.9s elapsed  |  504.8820 TFLOPs
  step   40/120  |  1.63 steps/s  |  25.2s elapsed  |  667.7472 TFLOPs
  step   50/120  |  1.61 steps/s  |  31.7s elapsed  |  830.6123 TFLOPs
  step   60/120  |  1.59 steps/s  |  38.3s elapsed  |  993.4775 TFLOPs
  step   70/120  |  1.59 steps/s  |  44.7s elapsed  |  1156.3426 TFLOPs
  step   80/120  |  1.58 steps/s  |  51.1s elapsed  |  1319.2078 TFLOPs
  step   90/120  |  1.55 steps/s  |  58.6s elapsed  |  1482.0730 TFLOPs
  step  100/120  |  1.54 steps/s  |  65.7s elapsed  |  1644.9381 TFLOPs
  step  110/120  |  1.55 steps/s  |  71.6s elapsed  |  1807.8033 TFLOPs

[redteam] Done. 120 steps in 77.8s (1.54 steps/s)
[redteam] Ground truth total : 1954.3819 TFLOPs
[redteam] Ground truth rate  : 25.1083 TFLOPS avg
[redteam] Compare 'Monitor est.' above to ground truth total.
[redteam] all-reduce probe: OK
  -> GT 1954.38 TFLOPs  | net 8166 J  | 79s  | gpu 98/99%  | NVLink 2454MB/step  | FRONTIER

[8/11] S3_d1024_s512_b16_L12_h8  (fam S3)  fixed steps=120
  Launching: torchrun x2  --steps 120 --batch-size 16 --seq-len 512 --d-model 1024 --num-layers 12 --nhead 8 --dim-feedforward 4096 --precision fp16 --optimizer adamw
W0810 04:47:23.080000 382955 torch/distributed/run.py:766] 
W0810 04:47:23.080000 382955 torch/distributed/run.py:766] *****************************************
W0810 04:47:23.080000 382955 torch/distributed/run.py:766] Setting OMP_NUM_THREADS environment variable for each process to be 1 in default, to avoid your system being overloaded, please further tune the variable for optimal performance in your application as needed. 
W0810 04:47:23.080000 382955 torch/distributed/run.py:766] *****************************************
[redteam] Device : Tesla V100-SXM2-16GB × 2 (DDP)
[redteam] Config : steps=120, batch/gpu=16, global_batch=32, seq=512, d_model=1024, layers=12, nhead=8, ff=4096, precision=fp16, opt=adamw
[redteam] Params : 152204288 (152.2M)
[redteam] FLOPs/step/gpu (fwd+bwd) : 8143.258 GFLOPs
[redteam] Ground truth total    : 1954.3819 TFLOPs  (2 ranks)
[redteam] Starting workload...

  step    0/120  |  3.26 steps/s  |  0.3s elapsed  |  16.2865 TFLOPs
  step   10/120  |  1.65 steps/s  |  6.7s elapsed  |  179.1517 TFLOPs
  step   20/120  |  1.66 steps/s  |  12.6s elapsed  |  342.0168 TFLOPs
  step   30/120  |  1.65 steps/s  |  18.8s elapsed  |  504.8820 TFLOPs
  step   40/120  |  1.68 steps/s  |  24.5s elapsed  |  667.7472 TFLOPs
  step   50/120  |  1.67 steps/s  |  30.6s elapsed  |  830.6123 TFLOPs
  step   60/120  |  1.63 steps/s  |  37.5s elapsed  |  993.4775 TFLOPs
  step   70/120  |  1.58 steps/s  |  44.9s elapsed  |  1156.3426 TFLOPs
  step   80/120  |  1.60 steps/s  |  50.7s elapsed  |  1319.2078 TFLOPs
  step   90/120  |  1.60 steps/s  |  56.8s elapsed  |  1482.0730 TFLOPs
  step  100/120  |  1.58 steps/s  |  63.8s elapsed  |  1644.9381 TFLOPs
  step  110/120  |  1.58 steps/s  |  70.4s elapsed  |  1807.8033 TFLOPs

[redteam] Done. 120 steps in 77.0s (1.56 steps/s)
[redteam] Ground truth total : 1954.3819 TFLOPs
[redteam] Ground truth rate  : 25.3890 TFLOPS avg
[redteam] Compare 'Monitor est.' above to ground truth total.
[redteam] all-reduce probe: OK
  -> GT 1954.38 TFLOPs  | net 7895 J  | 79s  | gpu 98/98%  | NVLink 2464MB/step  | FRONTIER

[9/11] S3_d1024_s512_b16_L12_h32  (fam S3)  fixed steps=120
  Launching: torchrun x2  --steps 120 --batch-size 16 --seq-len 512 --d-model 1024 --num-layers 12 --nhead 32 --dim-feedforward 4096 --precision fp16 --optimizer adamw
W0810 04:48:47.535000 383386 torch/distributed/run.py:766] 
W0810 04:48:47.535000 383386 torch/distributed/run.py:766] *****************************************
W0810 04:48:47.535000 383386 torch/distributed/run.py:766] Setting OMP_NUM_THREADS environment variable for each process to be 1 in default, to avoid your system being overloaded, please further tune the variable for optimal performance in your application as needed. 
W0810 04:48:47.535000 383386 torch/distributed/run.py:766] *****************************************
[redteam] Device : Tesla V100-SXM2-16GB × 2 (DDP)
[redteam] Config : steps=120, batch/gpu=16, global_batch=32, seq=512, d_model=1024, layers=12, nhead=32, ff=4096, precision=fp16, opt=adamw
[redteam] Params : 152204288 (152.2M)
[redteam] FLOPs/step/gpu (fwd+bwd) : 8143.258 GFLOPs
[redteam] Ground truth total    : 1954.3819 TFLOPs  (2 ranks)
[redteam] Starting workload...

  step    0/120  |  2.46 steps/s  |  0.4s elapsed  |  16.2865 TFLOPs
  step   10/120  |  1.59 steps/s  |  6.9s elapsed  |  179.1517 TFLOPs
  step   20/120  |  1.53 steps/s  |  13.7s elapsed  |  342.0168 TFLOPs
  step   30/120  |  1.56 steps/s  |  19.9s elapsed  |  504.8820 TFLOPs
  step   40/120  |  1.51 steps/s  |  27.2s elapsed  |  667.7472 TFLOPs
  step   50/120  |  1.48 steps/s  |  34.5s elapsed  |  830.6123 TFLOPs
  step   60/120  |  1.45 steps/s  |  42.1s elapsed  |  993.4775 TFLOPs
  step   70/120  |  1.46 steps/s  |  48.8s elapsed  |  1156.3426 TFLOPs
  step   80/120  |  1.45 steps/s  |  55.7s elapsed  |  1319.2078 TFLOPs
  step   90/120  |  1.45 steps/s  |  62.6s elapsed  |  1482.0730 TFLOPs
  step  100/120  |  1.44 steps/s  |  70.1s elapsed  |  1644.9381 TFLOPs
  step  110/120  |  1.45 steps/s  |  76.7s elapsed  |  1807.8033 TFLOPs

[redteam] Done. 120 steps in 83.4s (1.44 steps/s)
[redteam] Ground truth total : 1954.3819 TFLOPs
[redteam] Ground truth rate  : 23.4346 TFLOPS avg
[redteam] Compare 'Monitor est.' above to ground truth total.
[redteam] all-reduce probe: OK
  -> GT 1954.38 TFLOPs  | net 8761 J  | 85s  | gpu 98/98%  | NVLink 2477MB/step  | FRONTIER

[10/11] S3_d1024_s512_b16_L12_h64  (fam S3)  fixed steps=120
  Launching: torchrun x2  --steps 120 --batch-size 16 --seq-len 512 --d-model 1024 --num-layers 12 --nhead 64 --dim-feedforward 4096 --precision fp16 --optimizer adamw
W0810 04:50:18.466000 383838 torch/distributed/run.py:766] 
W0810 04:50:18.466000 383838 torch/distributed/run.py:766] *****************************************
W0810 04:50:18.466000 383838 torch/distributed/run.py:766] Setting OMP_NUM_THREADS environment variable for each process to be 1 in default, to avoid your system being overloaded, please further tune the variable for optimal performance in your application as needed. 
W0810 04:50:18.466000 383838 torch/distributed/run.py:766] *****************************************
[redteam] Device : Tesla V100-SXM2-16GB × 2 (DDP)
[redteam] Config : steps=120, batch/gpu=16, global_batch=32, seq=512, d_model=1024, layers=12, nhead=64, ff=4096, precision=fp16, opt=adamw
[redteam] Params : 152204288 (152.2M)
[redteam] FLOPs/step/gpu (fwd+bwd) : 8143.258 GFLOPs
[redteam] Ground truth total    : 1954.3819 TFLOPs  (2 ranks)
[redteam] Starting workload...

  step    0/120  |  2.15 steps/s  |  0.5s elapsed  |  16.2865 TFLOPs
  step   10/120  |  1.33 steps/s  |  8.3s elapsed  |  179.1517 TFLOPs
  step   20/120  |  1.29 steps/s  |  16.3s elapsed  |  342.0168 TFLOPs
  step   30/120  |  1.28 steps/s  |  24.3s elapsed  |  504.8820 TFLOPs
  step   40/120  |  1.21 steps/s  |  33.8s elapsed  |  667.7472 TFLOPs
  step   50/120  |  1.22 steps/s  |  41.8s elapsed  |  830.6123 TFLOPs
  step   60/120  |  1.22 steps/s  |  49.9s elapsed  |  993.4775 TFLOPs
  step   70/120  |  1.23 steps/s  |  57.8s elapsed  |  1156.3426 TFLOPs
  step   80/120  |  1.21 steps/s  |  66.8s elapsed  |  1319.2078 TFLOPs
  step   90/120  |  1.21 steps/s  |  75.5s elapsed  |  1482.0730 TFLOPs
  step  100/120  |  1.22 steps/s  |  83.1s elapsed  |  1644.9381 TFLOPs
  step  110/120  |  1.21 steps/s  |  91.5s elapsed  |  1807.8033 TFLOPs

[redteam] Done. 120 steps in 99.2s (1.21 steps/s)
[redteam] Ground truth total : 1954.3819 TFLOPs
[redteam] Ground truth rate  : 19.6933 TFLOPS avg
[redteam] Compare 'Monitor est.' above to ground truth total.
[redteam] all-reduce probe: OK
  -> GT 1954.38 TFLOPs  | net 10121 J  | 101s  | gpu 98/98%  | NVLink 2447MB/step  | FRONTIER

[11/11] S3_d1024_s512_b16_L12_sgd  (fam S3)  fixed steps=120
  Launching: torchrun x2  --steps 120 --batch-size 16 --seq-len 512 --d-model 1024 --num-layers 12 --nhead 8 --dim-feedforward 4096 --precision fp16 --optimizer sgd
W0810 04:52:05.443000 384412 torch/distributed/run.py:766] 
W0810 04:52:05.443000 384412 torch/distributed/run.py:766] *****************************************
W0810 04:52:05.443000 384412 torch/distributed/run.py:766] Setting OMP_NUM_THREADS environment variable for each process to be 1 in default, to avoid your system being overloaded, please further tune the variable for optimal performance in your application as needed. 
W0810 04:52:05.443000 384412 torch/distributed/run.py:766] *****************************************
[redteam] Device : Tesla V100-SXM2-16GB × 2 (DDP)
[redteam] Config : steps=120, batch/gpu=16, global_batch=32, seq=512, d_model=1024, layers=12, nhead=8, ff=4096, precision=fp16, opt=sgd
[redteam] Params : 152204288 (152.2M)
[redteam] FLOPs/step/gpu (fwd+bwd) : 8143.258 GFLOPs
[redteam] Ground truth total    : 1954.3819 TFLOPs  (2 ranks)
[redteam] Starting workload...

  step    0/120  |  2.66 steps/s  |  0.4s elapsed  |  16.2865 TFLOPs
  step   10/120  |  1.60 steps/s  |  6.9s elapsed  |  179.1517 TFLOPs
  step   20/120  |  1.74 steps/s  |  12.1s elapsed  |  342.0168 TFLOPs
  step   30/120  |  1.60 steps/s  |  19.4s elapsed  |  504.8820 TFLOPs
  step   40/120  |  1.59 steps/s  |  25.8s elapsed  |  667.7472 TFLOPs
  step   50/120  |  1.58 steps/s  |  32.2s elapsed  |  830.6123 TFLOPs
  step   60/120  |  1.57 steps/s  |  39.0s elapsed  |  993.4775 TFLOPs
  step   70/120  |  1.57 steps/s  |  45.3s elapsed  |  1156.3426 TFLOPs
  step   80/120  |  1.54 steps/s  |  52.5s elapsed  |  1319.2078 TFLOPs
  step   90/120  |  1.55 steps/s  |  58.6s elapsed  |  1482.0730 TFLOPs
  step  100/120  |  1.55 steps/s  |  65.0s elapsed  |  1644.9381 TFLOPs
  step  110/120  |  1.54 steps/s  |  72.0s elapsed  |  1807.8033 TFLOPs

[redteam] Done. 120 steps in 77.4s (1.55 steps/s)
[redteam] Ground truth total : 1954.3819 TFLOPs
[redteam] Ground truth rate  : 25.2393 TFLOPS avg
[redteam] Compare 'Monitor est.' above to ground truth total.
[redteam] all-reduce probe: OK
  -> GT 1954.38 TFLOPs  | net 8240 J  | 79s  | gpu 97/98%  | NVLink 2472MB/step  | FRONTIER
Records JSON written to /home/will/verification-games/red_team/red_v3_trial10_records.json
=== RED TRIAL 10: done (2026-08-10 04:53:28) ===

collect_red_trials: all trials accounted for.
